# Blender 3.4.1
# www.blender.org
mtllib table_circle_90.mtl
g Сфера_Меш
v -0.436976 0.731393 -0.000084
v -0.448450 0.745316 0.012368
v -0.448448 0.745316 -0.012538
v -0.445296 0.735471 0.006367
v -0.446957 0.737277 -0.000085
v -0.448902 0.745316 -0.000085
v -0.445295 0.735471 -0.006537
v -0.075809 0.731393 0.429768
v -0.065523 0.745316 0.443217
v -0.090083 0.745316 0.438890
v -0.070892 0.735471 0.439071
v -0.077543 0.737277 0.439584
v -0.077881 0.745316 0.441497
v -0.083617 0.735471 0.436829
v -0.149399 0.731393 0.410075
v -0.141606 0.745316 0.425102
v -0.165041 0.745316 0.416584
v -0.146173 0.735471 0.420090
v -0.152813 0.737277 0.419442
v -0.153478 0.745316 0.421267
v -0.158315 0.735471 0.415676
v -0.218446 0.731393 0.377921
v -0.213384 0.745316 0.394071
v -0.234982 0.745316 0.381618
v -0.217010 0.735471 0.388342
v -0.223436 0.737277 0.386553
v -0.224409 0.745316 0.388235
v -0.228201 0.735471 0.381890
v -0.280853 0.731393 0.334281
v -0.278676 0.745316 0.351063
v -0.297780 0.745316 0.335054
v -0.281251 0.735471 0.344793
v -0.287268 0.737277 0.341916
v -0.288518 0.745316 0.343404
v -0.291150 0.735471 0.336498
v -0.334723 0.731393 0.280481
v -0.335498 0.745316 0.297386
v -0.351528 0.745316 0.278307
v -0.336944 0.735471 0.290764
v -0.342369 0.737277 0.286888
v -0.343859 0.745316 0.288137
v -0.345250 0.735471 0.280879
v -0.378421 0.731393 0.218157
v -0.382123 0.745316 0.234671
v -0.394593 0.745316 0.213101
v -0.382396 0.735471 0.227899
v -0.387065 0.737277 0.223140
v -0.388749 0.745316 0.224112
v -0.388857 0.735471 0.216723
v -0.410618 0.731393 0.149201
v -0.417136 0.745316 0.164822
v -0.425665 0.745316 0.141418
v -0.416226 0.735471 0.158106
v -0.419997 0.737277 0.152610
v -0.421825 0.745316 0.153274
v -0.420646 0.735471 0.145979
v -0.430336 0.731393 0.075709
v -0.439471 0.745316 0.089963
v -0.443801 0.745316 0.065435
v -0.437408 0.735471 0.083506
v -0.440166 0.737277 0.077440
v -0.442081 0.745316 0.077777
v -0.439651 0.735471 0.070798
v -0.436976 0.802387 -0.000084
v -0.448448 0.788464 -0.012538
v -0.448450 0.788464 0.012368
v -0.445295 0.798309 -0.006537
v -0.446957 0.796503 -0.000085
v -0.448902 0.788464 -0.000085
v -0.445296 0.798309 0.006367
v -0.430336 0.802387 0.075709
v -0.443801 0.788464 0.065435
v -0.439471 0.788464 0.089963
v -0.439651 0.798309 0.070798
v -0.440166 0.796503 0.077440
v -0.442081 0.788464 0.077777
v -0.437408 0.798309 0.083506
v -0.410618 0.802387 0.149201
v -0.425665 0.788464 0.141418
v -0.417136 0.788464 0.164822
v -0.420646 0.798309 0.145979
v -0.419997 0.796503 0.152610
v -0.421825 0.788464 0.153274
v -0.416226 0.798309 0.158106
v -0.378421 0.802387 0.218157
v -0.394593 0.788464 0.213101
v -0.382123 0.788464 0.234671
v -0.388857 0.798309 0.216723
v -0.387065 0.796503 0.223140
v -0.388749 0.788464 0.224112
v -0.382396 0.798309 0.227899
v -0.334723 0.802387 0.280481
v -0.351528 0.788464 0.278307
v -0.335498 0.788464 0.297386
v -0.345249 0.798309 0.280879
v -0.342369 0.796503 0.286888
v -0.343859 0.788464 0.288137
v -0.336944 0.798309 0.290764
v -0.280853 0.802387 0.334281
v -0.297780 0.788464 0.335054
v -0.278676 0.788464 0.351063
v -0.291150 0.798309 0.336498
v -0.287268 0.796503 0.341916
v -0.288518 0.788464 0.343404
v -0.281251 0.798309 0.344793
v -0.218446 0.802387 0.377921
v -0.234982 0.788464 0.381618
v -0.213384 0.788464 0.394071
v -0.228201 0.798309 0.381890
v -0.223436 0.796503 0.386553
v -0.224409 0.788464 0.388235
v -0.217010 0.798309 0.388342
v -0.149399 0.802387 0.410075
v -0.165041 0.788464 0.416584
v -0.141606 0.788464 0.425102
v -0.158315 0.798309 0.415676
v -0.152813 0.796503 0.419442
v -0.153478 0.788464 0.421267
v -0.146173 0.798309 0.420090
v -0.065523 0.788464 0.443217
v -0.075809 0.802387 0.429768
v -0.090083 0.788464 0.438890
v -0.070892 0.798309 0.439071
v -0.077543 0.796503 0.439584
v -0.083617 0.798309 0.436829
v -0.077881 0.788464 0.441497
v -0.430337 0.731393 -0.075709
v -0.443804 0.745316 -0.065436
v -0.439471 0.745316 -0.089964
v -0.439653 0.735471 -0.070799
v -0.440166 0.737277 -0.077441
v -0.442082 0.745316 -0.077778
v -0.437408 0.735471 -0.083507
v -0.410618 0.731393 -0.149202
v -0.425665 0.745316 -0.141419
v -0.417136 0.745316 -0.164823
v -0.420646 0.735471 -0.145980
v -0.419997 0.737277 -0.152611
v -0.421825 0.745316 -0.153275
v -0.416226 0.735471 -0.158107
v -0.378421 0.731393 -0.218158
v -0.394593 0.745316 -0.213102
v -0.382123 0.745316 -0.234672
v -0.388857 0.735471 -0.216724
v -0.387065 0.737277 -0.223141
v -0.388749 0.745316 -0.224113
v -0.382396 0.735471 -0.227900
v -0.334723 0.731393 -0.280482
v -0.351528 0.745316 -0.278308
v -0.335498 0.745316 -0.297387
v -0.345249 0.735471 -0.280880
v -0.342369 0.737277 -0.286889
v -0.343859 0.745316 -0.288138
v -0.336944 0.735471 -0.290765
v -0.280853 0.731393 -0.334282
v -0.297780 0.745316 -0.335055
v -0.278676 0.745316 -0.351064
v -0.291150 0.735471 -0.336499
v -0.287268 0.737277 -0.341917
v -0.288518 0.745316 -0.343405
v -0.281251 0.735471 -0.344794
v -0.218446 0.731393 -0.377922
v -0.234982 0.745316 -0.381619
v -0.213384 0.745316 -0.394072
v -0.228201 0.735471 -0.381891
v -0.223436 0.737277 -0.386554
v -0.224409 0.745316 -0.388236
v -0.217010 0.735471 -0.388343
v -0.149399 0.731393 -0.410076
v -0.165041 0.745316 -0.416585
v -0.141606 0.745316 -0.425103
v -0.158315 0.735471 -0.415677
v -0.152813 0.737277 -0.419443
v -0.153478 0.745316 -0.421268
v -0.146173 0.735471 -0.420091
v -0.075809 0.731393 -0.429769
v -0.090083 0.745316 -0.438891
v -0.065523 0.745316 -0.443218
v -0.083617 0.735471 -0.436830
v -0.077543 0.737277 -0.439585
v -0.077881 0.745316 -0.441498
v -0.070892 0.735471 -0.439072
v -0.012418 0.788464 -0.447858
v 0.000084 0.802387 -0.436399
v 0.012521 0.788464 -0.447856
v -0.006393 0.798309 -0.444707
v 0.000068 0.796503 -0.446367
v 0.006529 0.798309 -0.444707
v 0.000051 0.788464 -0.448309
v -0.075810 0.802387 -0.429768
v -0.065522 0.788464 -0.443216
v -0.090083 0.788464 -0.438891
v -0.070892 0.798309 -0.439071
v -0.077543 0.796503 -0.439585
v -0.077881 0.788464 -0.441498
v -0.083617 0.798309 -0.436830
v -0.149399 0.802387 -0.410076
v -0.141606 0.788464 -0.425103
v -0.165041 0.788464 -0.416585
v -0.146173 0.798309 -0.420091
v -0.152813 0.796503 -0.419443
v -0.153478 0.788464 -0.421268
v -0.158315 0.798309 -0.415677
v -0.218446 0.802387 -0.377922
v -0.213384 0.788464 -0.394072
v -0.234982 0.788464 -0.381619
v -0.217010 0.798309 -0.388343
v -0.223436 0.796503 -0.386554
v -0.224409 0.788464 -0.388236
v -0.228201 0.798309 -0.381891
v -0.280853 0.802387 -0.334282
v -0.278676 0.788464 -0.351064
v -0.297780 0.788464 -0.335055
v -0.281251 0.798309 -0.344794
v -0.287268 0.796503 -0.341917
v -0.288518 0.788464 -0.343405
v -0.291150 0.798309 -0.336499
v -0.334723 0.802387 -0.280482
v -0.335498 0.788464 -0.297387
v -0.351528 0.788464 -0.278308
v -0.336944 0.798309 -0.290765
v -0.342369 0.796503 -0.286889
v -0.343859 0.788464 -0.288138
v -0.345250 0.798309 -0.280880
v -0.378421 0.802387 -0.218158
v -0.382123 0.788464 -0.234672
v -0.394593 0.788464 -0.213102
v -0.382396 0.798309 -0.227900
v -0.387065 0.796503 -0.223141
v -0.388749 0.788464 -0.224113
v -0.388857 0.798309 -0.216724
v -0.410618 0.802387 -0.149202
v -0.417136 0.788464 -0.164823
v -0.425665 0.788464 -0.141419
v -0.416226 0.798309 -0.158107
v -0.419997 0.796503 -0.152611
v -0.421825 0.788464 -0.153275
v -0.420646 0.798309 -0.145980
v -0.430337 0.802387 -0.075709
v -0.439471 0.788464 -0.089964
v -0.443804 0.788464 -0.065436
v -0.437408 0.798309 -0.083507
v -0.440166 0.796503 -0.077441
v -0.442082 0.788464 -0.077778
v -0.439653 0.798309 -0.070799
v 0.448447 0.745316 -0.012538
v 0.448450 0.745316 0.012368
v 0.436976 0.731393 -0.000084
v 0.448901 0.745316 -0.000085
v 0.446956 0.737277 -0.000085
v 0.445295 0.735471 0.006367
v 0.445294 0.735471 -0.006537
v -0.000084 0.731393 0.436398
v 0.012384 0.745316 0.447857
v -0.012555 0.745316 0.447855
v 0.006376 0.735471 0.444707
v -0.000085 0.737277 0.446366
v -0.000085 0.745316 0.448308
v -0.006546 0.735471 0.444706
v 0.430336 0.731393 0.075709
v 0.443801 0.745316 0.065435
v 0.439470 0.745316 0.089963
v 0.439651 0.735471 0.070798
v 0.440165 0.737277 0.077440
v 0.442080 0.745316 0.077777
v 0.437407 0.735471 0.083506
v 0.410618 0.731393 0.149201
v 0.425665 0.745316 0.141418
v 0.417135 0.745316 0.164822
v 0.420645 0.735471 0.145979
v 0.419997 0.737277 0.152610
v 0.421824 0.745316 0.153274
v 0.416226 0.735471 0.158106
v 0.378421 0.731393 0.218157
v 0.394592 0.745316 0.213101
v 0.382123 0.745316 0.234671
v 0.388856 0.735471 0.216723
v 0.387064 0.737277 0.223140
v 0.388749 0.745316 0.224112
v 0.382395 0.735471 0.227899
v 0.334723 0.731393 0.280481
v 0.351528 0.745316 0.278307
v 0.335497 0.745316 0.297386
v 0.345249 0.735471 0.280879
v 0.342369 0.737277 0.286888
v 0.343859 0.745316 0.288137
v 0.336943 0.735471 0.290764
v 0.280852 0.731393 0.334281
v 0.297780 0.745316 0.335054
v 0.278675 0.745316 0.351063
v 0.291149 0.735471 0.336498
v 0.287268 0.737277 0.341916
v 0.288518 0.745316 0.343404
v 0.281251 0.735471 0.344793
v 0.218445 0.731393 0.377921
v 0.234981 0.745316 0.381618
v 0.213383 0.745316 0.394071
v 0.228200 0.735471 0.381890
v 0.223436 0.737277 0.386553
v 0.224408 0.745316 0.388235
v 0.217010 0.735471 0.388342
v 0.149398 0.731393 0.410075
v 0.165040 0.745316 0.416584
v 0.141605 0.745316 0.425102
v 0.158315 0.735471 0.415676
v 0.152812 0.737277 0.419442
v 0.153477 0.745316 0.421267
v 0.146173 0.735471 0.420090
v 0.075809 0.731393 0.429767
v 0.090082 0.745316 0.438890
v 0.065522 0.745316 0.443215
v 0.083617 0.735471 0.436829
v 0.077543 0.737277 0.439584
v 0.077880 0.745316 0.441497
v 0.070892 0.735471 0.439070
v -0.000084 0.802387 0.436398
v -0.012555 0.788464 0.447855
v 0.012384 0.788464 0.447857
v -0.006546 0.798309 0.444706
v -0.000085 0.796503 0.446366
v -0.000085 0.788464 0.448308
v 0.006376 0.798309 0.444707
v 0.436976 0.802387 -0.000084
v 0.448450 0.788464 0.012368
v 0.448447 0.788464 -0.012538
v 0.445295 0.798309 0.006367
v 0.446956 0.796503 -0.000085
v 0.448901 0.788464 -0.000085
v 0.445294 0.798309 -0.006537
v 0.075809 0.802387 0.429767
v 0.065522 0.788464 0.443215
v 0.090082 0.788464 0.438890
v 0.070892 0.798309 0.439070
v 0.077543 0.796503 0.439584
v 0.077880 0.788464 0.441497
v 0.083617 0.798309 0.436829
v 0.149398 0.802387 0.410075
v 0.141605 0.788464 0.425102
v 0.165040 0.788464 0.416584
v 0.146173 0.798309 0.420090
v 0.152812 0.796503 0.419442
v 0.153477 0.788464 0.421267
v 0.158315 0.798309 0.415676
v 0.218445 0.802387 0.377921
v 0.213383 0.788464 0.394071
v 0.234981 0.788464 0.381618
v 0.217010 0.798309 0.388342
v 0.223436 0.796503 0.386553
v 0.224408 0.788464 0.388235
v 0.228200 0.798309 0.381890
v 0.280852 0.802387 0.334281
v 0.278675 0.788464 0.351063
v 0.297780 0.788464 0.335054
v 0.281251 0.798309 0.344793
v 0.287268 0.796503 0.341916
v 0.288518 0.788464 0.343404
v 0.291149 0.798309 0.336498
v 0.334723 0.802387 0.280481
v 0.335497 0.788464 0.297386
v 0.351528 0.788464 0.278307
v 0.336943 0.798309 0.290764
v 0.342369 0.796503 0.286888
v 0.343859 0.788464 0.288137
v 0.345249 0.798309 0.280879
v 0.378421 0.802387 0.218157
v 0.382123 0.788464 0.234671
v 0.394592 0.788464 0.213101
v 0.382395 0.798309 0.227899
v 0.387064 0.796503 0.223140
v 0.388749 0.788464 0.224112
v 0.388856 0.798309 0.216723
v 0.410618 0.802387 0.149201
v 0.417135 0.788464 0.164822
v 0.425665 0.788464 0.141418
v 0.416226 0.798309 0.158106
v 0.419997 0.796503 0.152610
v 0.421824 0.788464 0.153274
v 0.420645 0.798309 0.145979
v 0.430336 0.802387 0.075709
v 0.439470 0.788464 0.089963
v 0.443801 0.788464 0.065435
v 0.437407 0.798309 0.083506
v 0.440165 0.796503 0.077440
v 0.442080 0.788464 0.077777
v 0.439651 0.798309 0.070798
v -0.012521 0.745316 -0.447856
v 0.012418 0.745316 -0.447858
v -0.000084 0.731393 -0.436399
v -0.000052 0.745316 -0.448309
v -0.000068 0.737277 -0.446367
v 0.006393 0.735471 -0.444707
v -0.006529 0.735471 -0.444707
v 0.075809 0.731393 -0.429768
v 0.065522 0.745316 -0.443216
v 0.090082 0.745316 -0.438891
v 0.070892 0.735471 -0.439071
v 0.077543 0.737277 -0.439585
v 0.077880 0.745316 -0.441498
v 0.083617 0.735471 -0.436830
v 0.149398 0.731393 -0.410076
v 0.141605 0.745316 -0.425103
v 0.165040 0.745316 -0.416585
v 0.146173 0.735471 -0.420091
v 0.152812 0.737277 -0.419443
v 0.153477 0.745316 -0.421268
v 0.158315 0.735471 -0.415677
v 0.218445 0.731393 -0.377922
v 0.213383 0.745316 -0.394072
v 0.234981 0.745316 -0.381619
v 0.217010 0.735471 -0.388343
v 0.223436 0.737277 -0.386554
v 0.224408 0.745316 -0.388236
v 0.228200 0.735471 -0.381891
v 0.280852 0.731393 -0.334282
v 0.278675 0.745316 -0.351064
v 0.297780 0.745316 -0.335055
v 0.281251 0.735471 -0.344794
v 0.287268 0.737277 -0.341917
v 0.288518 0.745316 -0.343405
v 0.291149 0.735471 -0.336499
v 0.334723 0.731393 -0.280482
v 0.335497 0.745316 -0.297387
v 0.351528 0.745316 -0.278308
v 0.336943 0.735471 -0.290765
v 0.342369 0.737277 -0.286889
v 0.343859 0.745316 -0.288138
v 0.345249 0.735471 -0.280880
v 0.378421 0.731393 -0.218158
v 0.382123 0.745316 -0.234672
v 0.394592 0.745316 -0.213102
v 0.382395 0.735471 -0.227900
v 0.387064 0.737277 -0.223141
v 0.388749 0.745316 -0.224113
v 0.388856 0.735471 -0.216724
v 0.410618 0.731393 -0.149202
v 0.417135 0.745316 -0.164823
v 0.425665 0.745316 -0.141419
v 0.416226 0.735471 -0.158107
v 0.419997 0.737277 -0.152611
v 0.421824 0.745316 -0.153275
v 0.420645 0.735471 -0.145980
v 0.430336 0.731393 -0.075709
v 0.439470 0.745316 -0.089964
v 0.443803 0.745316 -0.065436
v 0.437407 0.735471 -0.083507
v 0.440166 0.737277 -0.077441
v 0.442081 0.745316 -0.077778
v 0.439652 0.735471 -0.070799
v 0.443803 0.788464 -0.065436
v 0.439470 0.788464 -0.089964
v 0.430336 0.802387 -0.075709
v 0.442081 0.788464 -0.077778
v 0.440166 0.796503 -0.077441
v 0.437407 0.798309 -0.083507
v 0.439652 0.798309 -0.070799
v 0.410618 0.802387 -0.149202
v 0.425665 0.788464 -0.141419
v 0.417135 0.788464 -0.164823
v 0.420645 0.798309 -0.145980
v 0.419997 0.796503 -0.152611
v 0.421824 0.788464 -0.153275
v 0.416226 0.798309 -0.158107
v 0.378421 0.802387 -0.218158
v 0.394592 0.788464 -0.213102
v 0.382123 0.788464 -0.234672
v 0.388856 0.798309 -0.216724
v 0.387064 0.796503 -0.223141
v 0.388749 0.788464 -0.224113
v 0.382395 0.798309 -0.227900
v 0.334723 0.802387 -0.280482
v 0.351528 0.788464 -0.278308
v 0.335497 0.788464 -0.297387
v 0.345249 0.798309 -0.280880
v 0.342369 0.796503 -0.286889
v 0.343859 0.788464 -0.288138
v 0.336943 0.798309 -0.290765
v 0.280852 0.802387 -0.334282
v 0.297780 0.788464 -0.335055
v 0.278675 0.788464 -0.351064
v 0.291149 0.798309 -0.336499
v 0.287268 0.796503 -0.341917
v 0.288518 0.788464 -0.343405
v 0.281251 0.798309 -0.344794
v 0.218445 0.802387 -0.377922
v 0.234981 0.788464 -0.381619
v 0.213383 0.788464 -0.394072
v 0.228200 0.798309 -0.381891
v 0.223436 0.796503 -0.386554
v 0.224408 0.788464 -0.388236
v 0.217010 0.798309 -0.388343
v 0.149398 0.802387 -0.410076
v 0.165040 0.788464 -0.416585
v 0.141605 0.788464 -0.425103
v 0.158315 0.798309 -0.415677
v 0.152812 0.796503 -0.419443
v 0.153477 0.788464 -0.421268
v 0.146173 0.798309 -0.420091
v 0.065522 0.788464 -0.443218
v 0.075808 0.802387 -0.429769
v 0.090082 0.788464 -0.438891
v 0.070892 0.798309 -0.439072
v 0.077543 0.796503 -0.439585
v 0.083616 0.798309 -0.436830
v 0.077880 0.788464 -0.441498
v 0.000000 0.000000 -0.350000
v -0.000000 0.740000 -0.052562
v 0.108156 0.000000 -0.332870
v 0.016242 0.740000 -0.049989
v 0.205725 0.000000 -0.283156
v 0.030895 0.740000 -0.042523
v 0.283156 0.000000 -0.205725
v 0.042523 0.740000 -0.030895
v 0.332870 0.000000 -0.108156
v 0.049989 0.740000 -0.016242
v 0.350000 0.000000 0.000000
v 0.052562 0.740000 -0.000000
v 0.332870 0.000000 0.108156
v 0.049989 0.740000 0.016242
v 0.283156 0.000000 0.205725
v 0.042523 0.740000 0.030895
v 0.205725 0.000000 0.283156
v 0.030895 0.740000 0.042523
v 0.108156 0.000000 0.332870
v 0.016242 0.740000 0.049989
v 0.000000 0.000000 0.350000
v -0.000000 0.740000 0.052562
v -0.108156 0.000000 0.332870
v -0.016242 0.740000 0.049989
v -0.205725 0.000000 0.283156
v -0.030895 0.740000 0.042523
v -0.283156 0.000000 0.205725
v -0.042523 0.740000 0.030895
v -0.332870 0.000000 0.108156
v -0.049989 0.740000 0.016242
v -0.350000 0.000000 0.000000
v -0.052562 0.740000 -0.000000
v -0.332870 0.000000 -0.108156
v -0.049989 0.740000 -0.016242
v -0.283156 0.000000 -0.205725
v -0.042523 0.740000 -0.030895
v -0.205725 0.000000 -0.283156
v -0.030895 0.740000 -0.042523
v -0.108156 0.000000 -0.332870
v -0.016242 0.740000 -0.049989
v -0.029548 0.050501 -0.090940
v -0.020207 0.083480 -0.062191
v -0.023017 0.061606 -0.070838
v -0.056204 0.050501 -0.077358
v -0.038436 0.083480 -0.052903
v -0.043780 0.061606 -0.060259
v -0.000000 0.083480 -0.065391
v -0.000000 0.050501 -0.095620
v -0.000000 0.061606 -0.074484
v -0.077358 0.050501 -0.056204
v -0.052903 0.083480 -0.038436
v -0.060259 0.061606 -0.043780
v -0.090940 0.050501 -0.029548
v -0.062191 0.083480 -0.020207
v -0.070838 0.061606 -0.023017
v -0.095620 0.050501 0.000000
v -0.065391 0.083480 -0.000000
v -0.074484 0.061606 0.000000
v -0.090940 0.050501 0.029548
v -0.062191 0.083480 0.020207
v -0.070838 0.061606 0.023017
v -0.077358 0.050501 0.056204
v -0.052903 0.083480 0.038436
v -0.060259 0.061606 0.043780
v -0.056204 0.050501 0.077358
v -0.038436 0.083480 0.052903
v -0.043780 0.061606 0.060259
v -0.029548 0.050501 0.090940
v -0.020207 0.083480 0.062191
v -0.023017 0.061606 0.070838
v -0.000000 0.050501 0.095620
v -0.000000 0.083480 0.065391
v -0.000000 0.061606 0.074484
v 0.029548 0.050501 0.090940
v 0.020207 0.083480 0.062191
v 0.023017 0.061606 0.070838
v 0.056204 0.050501 0.077358
v 0.038436 0.083480 0.052903
v 0.043780 0.061606 0.060259
v 0.077358 0.050501 0.056204
v 0.052903 0.083480 0.038436
v 0.060259 0.061606 0.043780
v 0.090940 0.050501 0.029548
v 0.062191 0.083480 0.020207
v 0.070838 0.061606 0.023017
v 0.095620 0.050501 0.000000
v 0.065391 0.083480 -0.000000
v 0.074484 0.061606 0.000000
v 0.090940 0.050501 -0.029548
v 0.062191 0.083480 -0.020207
v 0.070838 0.061606 -0.023017
v 0.077358 0.050501 -0.056204
v 0.052903 0.083480 -0.038436
v 0.060259 0.061606 -0.043780
v 0.056204 0.050501 -0.077358
v 0.038436 0.083480 -0.052903
v 0.043780 0.061606 -0.060259
v 0.029548 0.050501 -0.090940
v 0.020207 0.083480 -0.062191
v 0.023017 0.061606 -0.070838
v 0.104735 0.021856 -0.322341
v 0.107984 0.010748 -0.332339
v 0.106966 0.018115 -0.329208
v 0.000000 0.010748 -0.349442
v 0.000000 0.021856 -0.338930
v 0.000000 0.018115 -0.346150
v 0.199218 0.021856 -0.274200
v 0.205397 0.010748 -0.282705
v 0.203462 0.018115 -0.280041
v 0.274200 0.021856 -0.199218
v 0.282705 0.010748 -0.205397
v 0.280041 0.018115 -0.203462
v 0.322341 0.021856 -0.104735
v 0.332339 0.010748 -0.107984
v 0.329208 0.018115 -0.106966
v 0.338930 0.021856 0.000000
v 0.349442 0.010748 0.000000
v 0.346150 0.018115 0.000000
v 0.322341 0.021856 0.104735
v 0.332339 0.010748 0.107984
v 0.329208 0.018115 0.106966
v 0.274200 0.021856 0.199218
v 0.282705 0.010748 0.205397
v 0.280041 0.018115 0.203462
v 0.199218 0.021856 0.274200
v 0.205397 0.010748 0.282705
v 0.203462 0.018115 0.280041
v 0.104735 0.021856 0.322341
v 0.107984 0.010748 0.332339
v 0.106966 0.018115 0.329208
v 0.000000 0.021856 0.338930
v 0.000000 0.010748 0.349442
v 0.000000 0.018115 0.346150
v -0.104735 0.021856 0.322341
v -0.107984 0.010748 0.332339
v -0.106966 0.018115 0.329208
v -0.199218 0.021856 0.274200
v -0.205397 0.010748 0.282705
v -0.203462 0.018115 0.280041
v -0.274200 0.021856 0.199218
v -0.282705 0.010748 0.205397
v -0.280041 0.018115 0.203462
v -0.322341 0.021856 0.104735
v -0.332339 0.010748 0.107984
v -0.329208 0.018115 0.106966
v -0.338930 0.021856 0.000000
v -0.349442 0.010748 0.000000
v -0.346150 0.018115 0.000000
v -0.322341 0.021856 -0.104735
v -0.332339 0.010748 -0.107984
v -0.329208 0.018115 -0.106966
v -0.274200 0.021856 -0.199218
v -0.282705 0.010748 -0.205397
v -0.280041 0.018115 -0.203462
v -0.199218 0.021856 -0.274200
v -0.205397 0.010748 -0.282705
v -0.203462 0.018115 -0.280041
v -0.104735 0.021856 -0.322341
v -0.107984 0.010748 -0.332339
v -0.106966 0.018115 -0.329208
vn -0.2585 -0.0000 0.9660
vn 0.0871 -0.0002 -0.9962
vn -0.4222 -0.0000 0.9065
vn -0.5731 -0.0000 0.8195
vn -0.7066 -0.0000 0.7076
vn -0.8188 -0.0000 0.5741
vn -0.9061 -0.0000 0.4231
vn -0.9658 -0.0000 0.2591
vn -0.0000 1.0000 -0.0000
vn -0.9962 -0.0000 -0.0875
vn 0.9962 -0.0000 -0.0875
vn -0.0871 0.0002 -0.9962
vn -0.2585 -0.0000 -0.9660
vn -0.4222 -0.0000 -0.9065
vn -0.5731 -0.0000 -0.8195
vn -0.7066 -0.0000 -0.7076
vn -0.8188 -0.0000 -0.5741
vn -0.9061 -0.0000 -0.4231
vn 0.9962 -0.0000 0.0873
vn 0.9658 -0.0000 -0.2591
vn 0.9061 -0.0000 -0.4231
vn 0.8188 -0.0000 -0.5741
vn 0.7066 -0.0000 -0.7076
vn 0.5731 -0.0000 -0.8195
vn 0.4222 -0.0000 -0.9065
vn 0.9658 -0.0000 0.2591
vn 0.2585 -0.0000 -0.9660
vn 0.2585 -0.0000 0.9660
vn 0.4222 -0.0000 0.9065
vn 0.5731 -0.0000 0.8195
vn 0.7066 -0.0000 0.7076
vn 0.8188 -0.0000 0.5741
vn 0.9061 -0.0000 0.4231
vn -0.0872 -0.0000 0.9962
vn 0.0870 -0.0000 0.9962
vn -0.9962 -0.0000 0.0873
vn -0.9658 -0.0000 -0.2591
vn -0.5048 -0.8562 0.1096
vn -0.9455 -0.3238 0.0342
vn -0.9455 -0.3239 -0.0344
vn 0.0202 -0.8560 0.5166
vn -0.1304 -0.3235 0.9372
vn -0.1977 -0.3235 0.9253
vn -0.0697 -0.8560 0.5123
vn -0.2909 -0.3235 0.9004
vn -0.3552 -0.3236 0.8770
vn -0.1575 -0.8560 0.4924
vn -0.4427 -0.3236 0.8363
vn -0.5020 -0.3236 0.8021
vn -0.2405 -0.8560 0.4576
vn -0.5811 -0.3236 0.7467
vn -0.6336 -0.3237 0.7027
vn -0.3162 -0.8561 0.4088
vn -0.7019 -0.3237 0.6345
vn -0.7460 -0.3237 0.5820
vn -0.3823 -0.8561 0.3477
vn -0.8014 -0.3238 0.5029
vn -0.8357 -0.3238 0.4435
vn -0.4368 -0.8562 0.2759
vn -0.8766 -0.3238 0.3560
vn -0.9001 -0.3238 0.2915
vn -0.4781 -0.8562 0.1958
vn -0.9251 -0.3239 0.1982
vn -0.9370 -0.3239 0.1306
vn -0.5048 0.8562 -0.1097
vn -0.9455 0.3238 -0.0344
vn -0.9455 0.3238 0.0342
vn -0.5161 0.8563 -0.0203
vn -0.9370 0.3239 0.1306
vn -0.9251 0.3239 0.1982
vn -0.5118 0.8563 0.0698
vn -0.9001 0.3238 0.2915
vn -0.8766 0.3238 0.3560
vn -0.4919 0.8562 0.1577
vn -0.8357 0.3238 0.4435
vn -0.8014 0.3238 0.5029
vn -0.4571 0.8562 0.2408
vn -0.7460 0.3237 0.5820
vn -0.7019 0.3237 0.6345
vn -0.4084 0.8561 0.3166
vn -0.6336 0.3237 0.7027
vn -0.5811 0.3236 0.7467
vn -0.3472 0.8561 0.3828
vn -0.5020 0.3236 0.8021
vn -0.4427 0.3236 0.8363
vn -0.2755 0.8560 0.4373
vn -0.3552 0.3236 0.8770
vn -0.2909 0.3235 0.9004
vn -0.1304 0.3235 0.9372
vn -0.1955 0.8560 0.4785
vn -0.1978 0.3235 0.9253
vn -0.5161 -0.8563 0.0202
vn -0.9370 -0.3239 -0.1307
vn -0.9251 -0.3239 -0.1982
vn -0.5118 -0.8563 -0.0698
vn -0.9001 -0.3238 -0.2915
vn -0.8766 -0.3238 -0.3560
vn -0.4919 -0.8562 -0.1577
vn -0.8357 -0.3238 -0.4435
vn -0.8014 -0.3238 -0.5029
vn -0.4571 -0.8562 -0.2408
vn -0.7460 -0.3237 -0.5820
vn -0.7019 -0.3237 -0.6345
vn -0.4083 -0.8562 -0.3166
vn -0.6336 -0.3237 -0.7027
vn -0.5811 -0.3236 -0.7467
vn -0.3472 -0.8561 -0.3828
vn -0.5020 -0.3236 -0.8021
vn -0.4427 -0.3236 -0.8363
vn -0.2755 -0.8560 -0.4373
vn -0.3552 -0.3235 -0.8770
vn -0.2909 -0.3235 -0.9004
vn -0.1956 -0.8560 -0.4785
vn -0.1977 -0.3235 -0.9253
vn -0.1304 -0.3235 -0.9372
vn -0.0342 0.3236 -0.9456
vn 0.1095 0.8559 -0.5054
vn 0.0344 0.3234 -0.9457
vn 0.0202 0.8560 -0.5166
vn -0.1303 0.3235 -0.9372
vn -0.1977 0.3235 -0.9253
vn -0.0697 0.8560 -0.5123
vn -0.2909 0.3235 -0.9004
vn -0.3552 0.3235 -0.8770
vn -0.1575 0.8560 -0.4924
vn -0.4427 0.3236 -0.8363
vn -0.5020 0.3236 -0.8021
vn -0.2405 0.8560 -0.4576
vn -0.5811 0.3236 -0.7467
vn -0.6336 0.3237 -0.7027
vn -0.3162 0.8561 -0.4089
vn -0.7019 0.3237 -0.6345
vn -0.7460 0.3237 -0.5820
vn -0.3823 0.8561 -0.3477
vn -0.8014 0.3238 -0.5029
vn -0.8357 0.3238 -0.4435
vn -0.4368 0.8562 -0.2759
vn -0.8766 0.3238 -0.3560
vn -0.9001 0.3238 -0.2915
vn -0.4780 0.8562 -0.1959
vn -0.9251 0.3239 -0.1982
vn -0.9370 0.3239 -0.1307
vn 0.9455 -0.3238 -0.0344
vn 0.9455 -0.3239 0.0343
vn 0.5048 -0.8562 -0.1097
vn 0.1095 -0.8560 0.5053
vn 0.0342 -0.3235 0.9456
vn -0.0344 -0.3235 0.9456
vn 0.5161 -0.8563 -0.0203
vn 0.9370 -0.3239 0.1306
vn 0.9251 -0.3239 0.1982
vn 0.5118 -0.8563 0.0698
vn 0.9001 -0.3238 0.2915
vn 0.8766 -0.3238 0.3560
vn 0.4919 -0.8562 0.1577
vn 0.8357 -0.3238 0.4435
vn 0.8014 -0.3238 0.5029
vn 0.4571 -0.8562 0.2408
vn 0.7460 -0.3237 0.5820
vn 0.7019 -0.3237 0.6345
vn 0.4083 -0.8562 0.3166
vn 0.6336 -0.3237 0.7027
vn 0.5811 -0.3236 0.7467
vn 0.3472 -0.8561 0.3828
vn 0.5020 -0.3236 0.8021
vn 0.4427 -0.3236 0.8363
vn 0.2755 -0.8561 0.4373
vn 0.3552 -0.3235 0.8770
vn 0.2909 -0.3235 0.9004
vn 0.1955 -0.8560 0.4786
vn 0.1977 -0.3235 0.9253
vn 0.1303 -0.3235 0.9372
vn -0.1096 0.8560 0.5053
vn -0.0344 0.3235 0.9456
vn 0.0342 0.3235 0.9456
vn 0.5048 0.8562 0.1096
vn 0.9455 0.3239 0.0343
vn 0.9455 0.3238 -0.0344
vn -0.0202 0.8560 0.5166
vn 0.1303 0.3235 0.9372
vn 0.1977 0.3235 0.9253
vn 0.0697 0.8560 0.5123
vn 0.2909 0.3235 0.9004
vn 0.3552 0.3236 0.8770
vn 0.1575 0.8560 0.4924
vn 0.4427 0.3236 0.8363
vn 0.5020 0.3236 0.8021
vn 0.2405 0.8560 0.4576
vn 0.5811 0.3236 0.7467
vn 0.6336 0.3237 0.7027
vn 0.3162 0.8561 0.4088
vn 0.7019 0.3237 0.6345
vn 0.7460 0.3237 0.5820
vn 0.3823 0.8561 0.3477
vn 0.8014 0.3238 0.5029
vn 0.8357 0.3238 0.4435
vn 0.4368 0.8562 0.2759
vn 0.8766 0.3238 0.3560
vn 0.9001 0.3238 0.2915
vn 0.4781 0.8562 0.1958
vn 0.9251 0.3239 0.1982
vn 0.9370 0.3239 0.1306
vn -0.0343 -0.3234 -0.9456
vn 0.0342 -0.3236 -0.9456
vn -0.1095 -0.8559 -0.5054
vn -0.0202 -0.8560 -0.5166
vn 0.1303 -0.3235 -0.9372
vn 0.1977 -0.3235 -0.9253
vn 0.0697 -0.8560 -0.5123
vn 0.2909 -0.3235 -0.9004
vn 0.3552 -0.3235 -0.8770
vn 0.1575 -0.8560 -0.4924
vn 0.4427 -0.3236 -0.8363
vn 0.5020 -0.3236 -0.8021
vn 0.2405 -0.8560 -0.4576
vn 0.5811 -0.3236 -0.7467
vn 0.6336 -0.3237 -0.7027
vn 0.3162 -0.8561 -0.4089
vn 0.7019 -0.3237 -0.6345
vn 0.7460 -0.3237 -0.5820
vn 0.3823 -0.8561 -0.3477
vn 0.8014 -0.3238 -0.5029
vn 0.8357 -0.3238 -0.4435
vn 0.4368 -0.8562 -0.2759
vn 0.8766 -0.3238 -0.3560
vn 0.9001 -0.3238 -0.2915
vn 0.4780 -0.8562 -0.1959
vn 0.9251 -0.3239 -0.1982
vn 0.9370 -0.3239 -0.1307
vn 0.9370 0.3239 -0.1307
vn 0.9251 0.3239 -0.1982
vn 0.5161 0.8563 0.0202
vn 0.5118 0.8563 -0.0698
vn 0.9001 0.3238 -0.2915
vn 0.8766 0.3238 -0.3560
vn 0.4919 0.8562 -0.1577
vn 0.8357 0.3238 -0.4435
vn 0.8014 0.3238 -0.5029
vn 0.4571 0.8562 -0.2408
vn 0.7460 0.3237 -0.5820
vn 0.7019 0.3237 -0.6345
vn 0.4084 0.8562 -0.3166
vn 0.6336 0.3237 -0.7027
vn 0.5811 0.3236 -0.7467
vn 0.3472 0.8561 -0.3828
vn 0.5020 0.3236 -0.8021
vn 0.4427 0.3236 -0.8363
vn 0.2755 0.8560 -0.4373
vn 0.3552 0.3235 -0.8770
vn 0.2909 0.3235 -0.9004
vn 0.1304 0.3235 -0.9372
vn 0.1956 0.8560 -0.4785
vn 0.1977 0.3235 -0.9253
vn -0.0365 -0.9080 0.4173
vn -0.0818 -0.3486 0.9337
vn -0.2090 -0.0000 0.9779
vn -0.1378 -0.0000 0.9905
vn -0.1083 -0.9080 0.4046
vn -0.2423 -0.3486 0.9054
vn -0.1083 0.9080 0.4046
vn -0.2423 0.3486 0.9054
vn -0.3754 -0.0000 0.9269
vn -0.3074 -0.0000 0.9516
vn -0.1768 -0.9081 0.3797
vn -0.3957 -0.3487 0.8496
vn -0.1768 0.9081 0.3797
vn -0.3957 0.3487 0.8496
vn -0.5305 -0.0000 0.8477
vn -0.4678 -0.0000 0.8838
vn -0.2400 -0.9081 0.3432
vn -0.5371 -0.3487 0.7681
vn -0.2400 0.9081 0.3432
vn -0.5371 0.3487 0.7681
vn -0.6696 -0.0000 0.7427
vn -0.6141 -0.0000 0.7892
vn -0.2958 -0.9081 0.2962
vn -0.6623 -0.3488 0.6631
vn -0.2959 0.9081 0.2962
vn -0.6623 0.3488 0.6631
vn -0.7884 -0.0000 0.6151
vn -0.7418 -0.0000 0.6706
vn -0.3427 -0.9082 0.2403
vn -0.7674 -0.3489 0.5380
vn -0.3427 0.9082 0.2403
vn -0.7674 0.3489 0.5380
vn -0.8833 -0.0000 0.4688
vn -0.8470 -0.0000 0.5315
vn -0.3792 -0.9082 0.1771
vn -0.8491 -0.3489 0.3965
vn -0.3792 0.9082 0.1771
vn -0.8491 0.3489 0.3965
vn -0.9513 -0.0000 0.3081
vn -0.9265 -0.0000 0.3763
vn -0.4042 -0.9082 0.1084
vn -0.9051 -0.3490 0.2428
vn -0.4042 0.9082 0.1084
vn -0.9051 0.3490 0.2428
vn -0.9904 -0.0000 0.1380
vn -0.9778 -0.0000 0.2095
vn -0.4168 -0.9082 0.0365
vn -0.9335 -0.3490 0.0818
vn -0.4168 0.9082 0.0365
vn -0.9335 0.3490 0.0818
vn -0.9993 -0.0000 -0.0364
vn -0.9993 -0.0000 0.0362
vn -0.0365 0.9080 -0.4173
vn -0.0816 0.3486 -0.9337
vn -0.0817 -0.3486 -0.9337
vn -0.0365 -0.9080 -0.4173
vn 0.0817 0.3486 -0.9337
vn 0.0365 0.9080 -0.4173
vn -0.2090 -0.0000 -0.9779
vn -0.1378 0.0001 -0.9905
vn -0.1083 0.9080 -0.4046
vn -0.2423 0.3486 -0.9054
vn -0.1083 -0.9080 -0.4046
vn -0.2423 -0.3486 -0.9054
vn -0.3754 -0.0000 -0.9269
vn -0.3074 -0.0000 -0.9516
vn -0.1768 0.9081 -0.3797
vn -0.3957 0.3487 -0.8496
vn -0.1768 -0.9081 -0.3797
vn -0.3957 -0.3487 -0.8496
vn -0.5305 -0.0000 -0.8477
vn -0.4678 -0.0000 -0.8838
vn -0.2400 0.9081 -0.3432
vn -0.5371 0.3487 -0.7681
vn -0.2400 -0.9081 -0.3432
vn -0.5371 -0.3487 -0.7681
vn -0.6696 -0.0000 -0.7427
vn -0.6141 -0.0000 -0.7892
vn -0.2958 0.9081 -0.2962
vn -0.6623 0.3488 -0.6631
vn -0.2958 -0.9081 -0.2962
vn -0.6623 -0.3488 -0.6631
vn -0.7884 -0.0000 -0.6151
vn -0.7418 -0.0000 -0.6706
vn -0.3427 0.9082 -0.2403
vn -0.7674 0.3489 -0.5380
vn -0.3427 -0.9082 -0.2403
vn -0.7674 -0.3489 -0.5380
vn -0.8833 -0.0000 -0.4688
vn -0.8470 -0.0000 -0.5315
vn -0.3792 0.9082 -0.1771
vn -0.8491 0.3489 -0.3965
vn -0.3792 -0.9082 -0.1771
vn -0.8491 -0.3489 -0.3965
vn -0.9513 -0.0000 -0.3081
vn -0.9265 -0.0000 -0.3763
vn -0.4042 0.9082 -0.1084
vn -0.9051 0.3490 -0.2428
vn -0.4042 -0.9082 -0.1084
vn -0.9051 -0.3490 -0.2428
vn -0.9904 -0.0000 -0.1382
vn -0.9778 -0.0000 -0.2095
vn -0.9335 -0.3490 -0.0820
vn -0.4168 -0.9082 -0.0366
vn 0.9335 -0.3490 -0.0820
vn 0.4168 -0.9082 -0.0366
vn 0.9778 -0.0000 -0.2095
vn 0.9904 -0.0000 -0.1382
vn 0.4042 0.9082 -0.1084
vn 0.9051 0.3490 -0.2428
vn 0.4042 -0.9082 -0.1084
vn 0.9051 -0.3490 -0.2428
vn 0.9265 -0.0000 -0.3762
vn 0.9513 -0.0000 -0.3081
vn 0.3792 0.9082 -0.1771
vn 0.8491 0.3489 -0.3965
vn 0.3792 -0.9082 -0.1771
vn 0.8491 -0.3489 -0.3965
vn 0.8470 -0.0000 -0.5315
vn 0.8833 -0.0000 -0.4688
vn 0.3427 0.9082 -0.2403
vn 0.7674 0.3489 -0.5380
vn 0.3427 -0.9082 -0.2403
vn 0.7674 -0.3489 -0.5380
vn 0.7418 -0.0000 -0.6706
vn 0.7884 -0.0000 -0.6151
vn 0.2959 0.9081 -0.2962
vn 0.6623 0.3488 -0.6631
vn 0.2959 -0.9081 -0.2962
vn 0.6623 -0.3488 -0.6631
vn 0.6141 -0.0000 -0.7892
vn 0.6696 -0.0000 -0.7427
vn 0.2400 0.9081 -0.3432
vn 0.5371 0.3487 -0.7681
vn 0.2400 -0.9081 -0.3432
vn 0.5371 -0.3487 -0.7681
vn 0.4678 -0.0000 -0.8838
vn 0.5305 -0.0000 -0.8477
vn 0.1768 0.9081 -0.3797
vn 0.3957 0.3487 -0.8496
vn 0.1768 -0.9081 -0.3797
vn 0.3957 -0.3487 -0.8496
vn 0.3074 -0.0000 -0.9516
vn 0.3754 -0.0000 -0.9269
vn 0.1083 0.9080 -0.4046
vn 0.2423 0.3486 -0.9054
vn 0.1083 -0.9080 -0.4046
vn 0.2423 -0.3486 -0.9054
vn 0.1377 -0.0000 -0.9905
vn 0.2089 -0.0000 -0.9779
vn 0.0365 -0.9080 -0.4173
vn 0.0816 -0.3486 -0.9337
vn 0.0365 0.9080 0.4173
vn 0.0816 0.3486 0.9337
vn -0.0363 -0.0000 0.9993
vn 0.0361 -0.0000 0.9993
vn 0.0365 -0.9080 0.4173
vn 0.0816 -0.3486 0.9337
vn 0.2089 -0.0000 0.9779
vn 0.1377 -0.0000 0.9905
vn 0.1083 0.9080 0.4046
vn 0.2423 0.3486 0.9054
vn 0.1083 -0.9080 0.4046
vn 0.2423 -0.3486 0.9054
vn 0.3754 -0.0000 0.9269
vn 0.3074 -0.0000 0.9516
vn 0.1768 0.9081 0.3797
vn 0.3957 0.3487 0.8496
vn 0.1768 -0.9081 0.3797
vn 0.3957 -0.3487 0.8496
vn 0.5305 -0.0000 0.8477
vn 0.4678 -0.0000 0.8838
vn 0.2400 0.9081 0.3432
vn 0.5371 0.3487 0.7681
vn 0.2400 -0.9081 0.3432
vn 0.5371 -0.3487 0.7681
vn 0.6696 -0.0000 0.7427
vn 0.6141 -0.0000 0.7892
vn 0.2959 0.9081 0.2962
vn 0.6623 0.3488 0.6631
vn 0.2958 -0.9081 0.2962
vn 0.6623 -0.3488 0.6631
vn 0.7884 -0.0000 0.6151
vn 0.7418 -0.0000 0.6706
vn 0.3427 0.9082 0.2403
vn 0.7674 0.3489 0.5380
vn 0.3427 -0.9082 0.2403
vn 0.7674 -0.3489 0.5380
vn 0.8833 -0.0000 0.4688
vn 0.8470 -0.0000 0.5315
vn 0.3792 0.9082 0.1771
vn 0.8491 0.3489 0.3965
vn 0.3792 -0.9082 0.1771
vn 0.8491 -0.3489 0.3965
vn 0.9513 -0.0000 0.3081
vn 0.9265 -0.0000 0.3763
vn 0.4042 0.9082 0.1084
vn 0.9051 0.3490 0.2428
vn 0.4042 -0.9082 0.1084
vn 0.9051 -0.3490 0.2429
vn 0.9904 -0.0000 0.1381
vn 0.9778 -0.0000 0.2095
vn 0.4169 0.9082 0.0365
vn 0.9336 0.3490 0.0818
vn 0.4169 -0.9082 0.0365
vn 0.9335 -0.3490 0.0818
vn -0.4169 0.9082 -0.0366
vn -0.9335 0.3490 -0.0820
vn 0.0363 -0.0000 -0.9993
vn -0.0361 0.0001 -0.9993
vn 0.9993 -0.0000 0.0362
vn 0.9993 -0.0000 -0.0364
vn -0.0818 0.3486 0.9337
vn -0.0365 0.9080 0.4173
vn 0.4168 0.9082 -0.0366
vn 0.9335 0.3490 -0.0820
vn -0.0000 -1.0000 -0.0000
vn -0.0185 0.9930 -0.1169
vn 0.4534 0.0512 -0.8898
vn 0.1055 0.9930 -0.0537
vn 0.1169 0.9930 -0.0185
vn 0.0185 0.9930 -0.1169
vn 0.1169 0.9930 0.0185
vn 0.7062 0.0512 -0.7062
vn 0.1055 0.9930 0.0537
vn 0.8898 0.0512 -0.4534
vn 0.0837 0.9930 0.0837
vn 0.9864 0.0512 -0.1562
vn 0.0537 0.9930 0.1055
vn 0.9864 0.0512 0.1562
vn 0.0185 0.9930 0.1169
vn 0.8898 0.0512 0.4534
vn -0.0185 0.9930 0.1169
vn 0.7062 0.0512 0.7062
vn -0.0537 0.9930 0.1055
vn 0.4534 0.0512 0.8898
vn -0.0837 0.9930 0.0837
vn 0.1562 0.0512 0.9864
vn -0.1055 0.9930 0.0537
vn -0.1562 0.0512 0.9864
vn -0.1169 0.9930 0.0185
vn -0.4534 0.0512 0.8898
vn -0.1169 0.9930 -0.0185
vn -0.7062 0.0512 0.7062
vn -0.1055 0.9930 -0.0537
vn -0.8898 0.0512 0.4534
vn -0.0837 0.9930 -0.0837
vn -0.9864 0.0512 0.1562
vn -0.0537 0.9930 -0.1055
vn -0.9864 0.0512 -0.1562
vn 0.1564 0.0193 -0.9875
vn 0.0837 0.9930 -0.0837
vn -0.7062 0.0512 -0.7062
vn 0.0537 0.9930 -0.1055
vn -0.1562 0.0512 -0.9864
vn -0.4539 0.0193 -0.8908
vn -0.1564 0.0193 -0.9875
vn -0.7070 0.0193 -0.7070
vn -0.8908 0.0193 -0.4539
vn -0.9875 0.0193 -0.1564
vn -0.9875 0.0193 0.1564
vn -0.8908 0.0193 0.4539
vn -0.7070 0.0193 0.7070
vn -0.4539 0.0193 0.8908
vn -0.1564 0.0193 0.9875
vn 0.1564 0.0193 0.9875
vn 0.4539 0.0193 0.8908
vn 0.7070 0.0193 0.7070
vn 0.8908 0.0193 0.4539
vn 0.9875 0.0193 0.1564
vn 0.9875 0.0193 -0.1564
vn 0.8908 0.0193 -0.4539
vn 0.7070 0.0193 -0.7070
vn 0.4539 0.0193 -0.8908
vn -0.8898 0.0512 -0.4534
vn -0.1447 0.3798 -0.9137
vn -0.0735 0.8828 -0.4639
vn -0.4200 0.3798 -0.8242
vn -0.2132 0.8828 -0.4185
vn -0.6541 0.3798 -0.6541
vn -0.3321 0.8828 -0.3321
vn -0.8242 0.3798 -0.4200
vn -0.4185 0.8828 -0.2132
vn -0.9137 0.3798 -0.1447
vn -0.4639 0.8828 -0.0735
vn -0.9137 0.3798 0.1447
vn -0.4639 0.8828 0.0735
vn -0.8242 0.3798 0.4200
vn -0.4185 0.8828 0.2132
vn -0.6541 0.3798 0.6541
vn -0.3321 0.8828 0.3321
vn -0.4200 0.3798 0.8242
vn -0.2132 0.8828 0.4185
vn -0.1447 0.3798 0.9137
vn -0.0735 0.8828 0.4639
vn 0.1447 0.3798 0.9137
vn 0.0735 0.8828 0.4639
vn 0.4200 0.3798 0.8242
vn 0.2132 0.8828 0.4185
vn 0.6541 0.3798 0.6541
vn 0.3321 0.8828 0.3321
vn 0.8242 0.3798 0.4200
vn 0.4185 0.8828 0.2132
vn 0.9137 0.3798 0.1447
vn 0.4639 0.8828 0.0735
vn 0.9137 0.3798 -0.1447
vn 0.4639 0.8828 -0.0735
vn 0.8242 0.3798 -0.4200
vn 0.4185 0.8828 -0.2132
vn 0.6541 0.3798 -0.6541
vn 0.3321 0.8828 -0.3321
vn 0.4200 0.3798 -0.8242
vn 0.2132 0.8828 -0.4185
vn 0.1447 0.3798 -0.9137
vn 0.0735 0.8828 -0.4639
vn -0.4534 0.0512 -0.8898
vn 0.0727 0.8855 -0.4588
vn 0.1431 0.4038 -0.9036
vn 0.2109 0.8855 -0.4139
vn 0.4153 0.4038 -0.8151
vn 0.3285 0.8855 -0.3285
vn 0.6469 0.4038 -0.6469
vn 0.4139 0.8855 -0.2109
vn 0.8151 0.4038 -0.4153
vn 0.4588 0.8855 -0.0727
vn 0.9036 0.4038 -0.1431
vn 0.4588 0.8855 0.0727
vn 0.9036 0.4038 0.1431
vn 0.4139 0.8855 0.2109
vn 0.8151 0.4038 0.4153
vn 0.3285 0.8855 0.3285
vn 0.6469 0.4038 0.6469
vn 0.2109 0.8855 0.4139
vn 0.4153 0.4038 0.8151
vn 0.0727 0.8855 0.4588
vn 0.1431 0.4038 0.9036
vn -0.0727 0.8855 0.4588
vn -0.1431 0.4038 0.9036
vn -0.2109 0.8855 0.4139
vn -0.4153 0.4038 0.8151
vn -0.3285 0.8855 0.3285
vn -0.6469 0.4038 0.6469
vn -0.4139 0.8855 0.2109
vn -0.8151 0.4038 0.4153
vn -0.4588 0.8855 0.0727
vn -0.9036 0.4038 0.1431
vn -0.4588 0.8855 -0.0727
vn -0.9036 0.4038 -0.1431
vn -0.4139 0.8855 -0.2109
vn -0.8151 0.4038 -0.4153
vn -0.3285 0.8855 -0.3285
vn -0.6469 0.4038 -0.6469
vn -0.2109 0.8855 -0.4139
vn -0.4153 0.4038 -0.8151
vn -0.0727 0.8855 -0.4588
vn -0.1431 0.4038 -0.9036
vn 0.1562 0.0512 -0.9864
vn 0.0872 -0.0001 -0.9962
vn -0.0872 0.0001 -0.9962
vn -0.5048 -0.8562 -0.1097
vn -0.9558 -0.2312 0.1813
vn -0.9558 -0.2312 -0.1815
vn -0.1956 -0.8560 0.4785
vn 0.0123 -0.2310 0.9729
vn -0.3441 -0.2310 0.9101
vn -0.2755 -0.8560 0.4373
vn -0.1565 -0.2310 0.9603
vn -0.4967 -0.2311 0.8366
vn -0.3472 -0.8561 0.3828
vn -0.3207 -0.2310 0.9186
vn -0.6344 -0.2311 0.7377
vn -0.4083 -0.8562 0.3166
vn -0.4752 -0.2311 0.8490
vn -0.7528 -0.2312 0.6163
vn -0.4571 -0.8562 0.2408
vn -0.6153 -0.2311 0.7536
vn -0.8484 -0.2312 0.4762
vn -0.4919 -0.8562 0.1577
vn -0.7368 -0.2312 0.6353
vn -0.9183 -0.2313 0.3214
vn -0.5118 -0.8563 0.0698
vn -0.8360 -0.2312 0.4977
vn -0.9602 -0.2313 0.1569
vn -0.5162 -0.8563 -0.0203
vn -0.9097 -0.2312 0.3448
vn -0.9728 -0.2313 -0.0125
vn -0.5048 0.8562 0.1096
vn -0.9558 0.2312 -0.1815
vn -0.9558 0.2312 0.1813
vn -0.4781 0.8562 0.1958
vn -0.9728 0.2313 -0.0125
vn -0.9097 0.2312 0.3448
vn -0.4368 0.8562 0.2759
vn -0.9602 0.2313 0.1569
vn -0.8360 0.2312 0.4977
vn -0.3823 0.8561 0.3477
vn -0.9183 0.2313 0.3214
vn -0.7368 0.2312 0.6353
vn -0.3162 0.8561 0.4088
vn -0.8484 0.2312 0.4762
vn -0.6153 0.2311 0.7536
vn -0.2405 0.8560 0.4576
vn -0.7528 0.2312 0.6163
vn -0.4752 0.2311 0.8490
vn -0.1575 0.8560 0.4924
vn -0.6344 0.2311 0.7377
vn -0.3207 0.2310 0.9186
vn -0.0697 0.8560 0.5123
vn -0.4967 0.2311 0.8366
vn -0.1565 0.2310 0.9603
vn 0.0123 0.2310 0.9729
vn 0.0202 0.8560 0.5166
vn -0.3441 0.2310 0.9101
vn -0.4780 -0.8562 -0.1959
vn -0.9728 -0.2313 0.0123
vn -0.9097 -0.2313 -0.3449
vn -0.4368 -0.8562 -0.2759
vn -0.9602 -0.2313 -0.1569
vn -0.8360 -0.2312 -0.4977
vn -0.3823 -0.8561 -0.3477
vn -0.9183 -0.2312 -0.3214
vn -0.7368 -0.2312 -0.6353
vn -0.3162 -0.8561 -0.4088
vn -0.8484 -0.2312 -0.4762
vn -0.6153 -0.2311 -0.7536
vn -0.2405 -0.8560 -0.4576
vn -0.7528 -0.2312 -0.6163
vn -0.4752 -0.2310 -0.8490
vn -0.1575 -0.8560 -0.4924
vn -0.6344 -0.2311 -0.7377
vn -0.3207 -0.2310 -0.9186
vn -0.0697 -0.8560 -0.5123
vn -0.4967 -0.2311 -0.8366
vn -0.1565 -0.2310 -0.9603
vn 0.0202 -0.8560 -0.5166
vn -0.3441 -0.2310 -0.9101
vn 0.0123 -0.2310 -0.9729
vn -0.1808 0.2313 -0.9559
vn -0.1096 0.8560 -0.5052
vn 0.1811 0.2306 -0.9560
vn -0.1955 0.8560 -0.4786
vn 0.0124 0.2310 -0.9729
vn -0.3440 0.2310 -0.9101
vn -0.2755 0.8560 -0.4373
vn -0.1565 0.2310 -0.9603
vn -0.4967 0.2311 -0.8366
vn -0.3472 0.8561 -0.3828
vn -0.3207 0.2310 -0.9186
vn -0.6344 0.2311 -0.7377
vn -0.4084 0.8561 -0.3166
vn -0.4752 0.2310 -0.8490
vn -0.7528 0.2312 -0.6163
vn -0.4571 0.8562 -0.2408
vn -0.6153 0.2311 -0.7536
vn -0.8484 0.2312 -0.4762
vn -0.4919 0.8562 -0.1577
vn -0.7368 0.2312 -0.6353
vn -0.9183 0.2313 -0.3214
vn -0.5118 0.8563 -0.0698
vn -0.8360 0.2312 -0.4977
vn -0.9602 0.2313 -0.1569
vn -0.5161 0.8563 0.0202
vn -0.9097 0.2313 -0.3449
vn -0.9728 0.2313 0.0123
vn 0.9558 -0.2313 -0.1815
vn 0.9558 -0.2313 0.1813
vn 0.5048 -0.8562 0.1096
vn -0.1096 -0.8560 0.5053
vn 0.1809 -0.2310 0.9560
vn -0.1810 -0.2310 0.9560
vn 0.4781 -0.8562 0.1958
vn 0.9728 -0.2313 -0.0124
vn 0.9098 -0.2312 0.3448
vn 0.4368 -0.8562 0.2759
vn 0.9602 -0.2313 0.1569
vn 0.8360 -0.2312 0.4977
vn 0.3823 -0.8561 0.3477
vn 0.9183 -0.2313 0.3214
vn 0.7368 -0.2312 0.6353
vn 0.3162 -0.8561 0.4088
vn 0.8484 -0.2312 0.4761
vn 0.6153 -0.2311 0.7536
vn 0.2405 -0.8560 0.4576
vn 0.7528 -0.2312 0.6163
vn 0.4752 -0.2311 0.8490
vn 0.1575 -0.8560 0.4924
vn 0.6344 -0.2311 0.7377
vn 0.3207 -0.2310 0.9186
vn 0.0697 -0.8560 0.5123
vn 0.4967 -0.2311 0.8366
vn 0.1565 -0.2310 0.9603
vn -0.0202 -0.8560 0.5166
vn 0.3440 -0.2310 0.9101
vn -0.0124 -0.2310 0.9729
vn 0.1095 0.8560 0.5053
vn -0.1810 0.2310 0.9560
vn 0.1809 0.2310 0.9560
vn 0.5048 0.8562 -0.1097
vn 0.9558 0.2313 0.1813
vn 0.9558 0.2313 -0.1815
vn 0.1955 0.8560 0.4786
vn -0.0124 0.2310 0.9729
vn 0.3440 0.2310 0.9101
vn 0.2755 0.8561 0.4373
vn 0.1565 0.2310 0.9603
vn 0.4967 0.2311 0.8366
vn 0.3472 0.8561 0.3828
vn 0.3207 0.2310 0.9186
vn 0.6344 0.2311 0.7377
vn 0.4083 0.8562 0.3166
vn 0.4752 0.2311 0.8490
vn 0.7528 0.2312 0.6163
vn 0.4571 0.8562 0.2408
vn 0.6153 0.2311 0.7536
vn 0.8484 0.2312 0.4761
vn 0.4919 0.8562 0.1577
vn 0.7368 0.2312 0.6353
vn 0.9183 0.2313 0.3214
vn 0.5118 0.8563 0.0698
vn 0.8360 0.2312 0.4977
vn 0.9602 0.2313 0.1569
vn 0.5161 0.8563 -0.0203
vn 0.9098 0.2312 0.3448
vn 0.9728 0.2313 -0.0124
vn -0.1811 -0.2306 -0.9560
vn 0.1808 -0.2313 -0.9559
vn 0.1096 -0.8560 -0.5052
vn 0.1955 -0.8560 -0.4786
vn -0.0124 -0.2310 -0.9729
vn 0.3440 -0.2310 -0.9101
vn 0.2755 -0.8560 -0.4373
vn 0.1565 -0.2310 -0.9603
vn 0.4967 -0.2311 -0.8366
vn 0.3472 -0.8561 -0.3828
vn 0.3207 -0.2310 -0.9186
vn 0.6344 -0.2311 -0.7377
vn 0.4083 -0.8562 -0.3166
vn 0.4752 -0.2310 -0.8490
vn 0.7528 -0.2312 -0.6163
vn 0.4571 -0.8562 -0.2408
vn 0.6153 -0.2311 -0.7536
vn 0.8484 -0.2312 -0.4761
vn 0.4919 -0.8562 -0.1577
vn 0.7368 -0.2312 -0.6353
vn 0.9183 -0.2313 -0.3214
vn 0.5118 -0.8563 -0.0698
vn 0.8360 -0.2312 -0.4977
vn 0.9602 -0.2313 -0.1569
vn 0.5161 -0.8563 0.0202
vn 0.9097 -0.2313 -0.3449
vn 0.9728 -0.2313 0.0123
vn 0.9728 0.2313 0.0123
vn 0.9097 0.2313 -0.3449
vn 0.4780 0.8562 -0.1959
vn 0.4368 0.8562 -0.2759
vn 0.9602 0.2313 -0.1569
vn 0.8360 0.2312 -0.4977
vn 0.3823 0.8561 -0.3477
vn 0.9183 0.2313 -0.3214
vn 0.7368 0.2312 -0.6353
vn 0.3162 0.8561 -0.4088
vn 0.8484 0.2312 -0.4761
vn 0.6153 0.2311 -0.7536
vn 0.2405 0.8560 -0.4576
vn 0.7528 0.2312 -0.6163
vn 0.4752 0.2310 -0.8490
vn 0.1575 0.8560 -0.4924
vn 0.6344 0.2311 -0.7377
vn 0.3207 0.2310 -0.9186
vn 0.0697 0.8560 -0.5123
vn 0.4967 0.2311 -0.8366
vn 0.1565 0.2310 -0.9603
vn -0.0123 0.2310 -0.9729
vn -0.0202 0.8560 -0.5166
vn 0.3441 0.2310 -0.9101
vn -0.2958 0.9081 0.2962
vn -0.4169 -0.9082 0.0365
vn -0.9336 0.3490 0.0818
vn -0.0365 0.9081 -0.4173
vn -0.0816 0.3488 -0.9337
vn -0.0817 -0.3484 -0.9338
vn 0.0817 0.3484 -0.9338
vn -0.2089 -0.0000 -0.9779
vn -0.1377 -0.0000 -0.9905
vn -0.2959 0.9081 -0.2962
vn -0.2959 -0.9081 -0.2962
vn 0.9265 -0.0000 -0.3763
vn 0.2958 0.9081 -0.2962
vn 0.2958 -0.9081 -0.2962
vn 0.1378 -0.0001 -0.9905
vn 0.2090 -0.0000 -0.9779
vn 0.0816 -0.3488 -0.9337
vn 0.9265 -0.0000 0.3762
vn 0.9051 -0.3490 0.2428
vn 0.9904 -0.0000 0.1380
vn 0.4168 0.9082 0.0365
vn 0.9335 0.3490 0.0818
vn -0.4168 0.9082 -0.0366
vn 0.0361 -0.0001 -0.9993
vn -0.0363 -0.0000 -0.9993
vn 0.4169 0.9082 -0.0366
vt 0.374497 0.134853
vt 0.424026 0.121556
vt 0.424026 0.128491
vt 0.375000 0.123138
vt 0.381907 0.125024
vt 0.424026 0.125024
vt 0.375000 0.126909
vt 0.374520 0.884118
vt 0.424027 0.893219
vt 0.424026 0.900048
vt 0.375000 0.894801
vt 0.381907 0.896686
vt 0.424026 0.896686
vt 0.375000 0.898514
vt 0.374536 0.902963
vt 0.424026 0.914375
vt 0.424026 0.920891
vt 0.375000 0.915909
vt 0.381907 0.917736
vt 0.424026 0.917737
vt 0.375000 0.919452
vt 0.374546 0.921127
vt 0.424026 0.934334
vt 0.424026 0.947472
vt 0.375000 0.935773
vt 0.381907 0.937529
vt 0.424026 0.937488
vt 0.375000 0.942917
vt 0.374551 0.906270
vt 0.424026 0.990016
vt 0.424026 0.007133
vt 0.375000 0.994571
vt 0.375000 0.999820
vt 0.395720 1.000000
vt 0.375000 0.000128
vt 0.424026 0.000000
vt 0.424026 1.000000
vt 0.375000 0.917037
vt 0.375000 0.003878
vt 0.374551 0.132225
vt 0.424026 0.037527
vt 0.424026 0.047511
vt 0.375000 0.127623
vt 0.375000 0.040782
vt 0.381907 0.045592
vt 0.424026 0.044660
vt 0.375000 0.046210
vt 0.374546 0.081081
vt 0.424026 0.059661
vt 0.424026 0.065666
vt 0.375000 0.060962
vt 0.381907 0.062514
vt 0.424026 0.062512
vt 0.375000 0.064227
vt 0.374536 0.096140
vt 0.424026 0.079109
vt 0.424026 0.085625
vt 0.375000 0.080548
vt 0.381907 0.082264
vt 0.424026 0.082263
vt 0.375000 0.084091
vt 0.374520 0.114797
vt 0.424026 0.099952
vt 0.424026 0.106781
vt 0.375000 0.101485
vt 0.381907 0.103314
vt 0.424026 0.103314
vt 0.375000 0.105199
vt 0.624161 0.133460
vt 0.575974 0.128491
vt 0.575974 0.121556
vt 0.625000 0.126909
vt 0.618093 0.125024
vt 0.575974 0.125024
vt 0.625000 0.123138
vt 0.624200 0.113002
vt 0.575974 0.106781
vt 0.575974 0.099952
vt 0.625000 0.105199
vt 0.618093 0.103314
vt 0.575974 0.103314
vt 0.625000 0.101485
vt 0.624226 0.093544
vt 0.575974 0.085625
vt 0.575974 0.079109
vt 0.625000 0.084091
vt 0.618093 0.082264
vt 0.575974 0.082263
vt 0.625000 0.080548
vt 0.624243 0.076024
vt 0.575974 0.065666
vt 0.575973 0.059661
vt 0.625000 0.064227
vt 0.618093 0.062514
vt 0.575974 0.062512
vt 0.625000 0.060962
vt 0.624251 0.060711
vt 0.575974 0.047511
vt 0.575974 0.037527
vt 0.625000 0.046210
vt 0.618093 0.044634
vt 0.575974 0.044660
vt 0.625000 0.040782
vt 0.624251 0.089019
vt 0.575974 0.007133
vt 0.575974 0.990016
vt 0.625000 0.003878
vt 0.625000 0.000128
vt 0.604280 0.000000
vt 0.625000 0.999820
vt 0.575974 1.000000
vt 0.575974 0.000000
vt 0.625000 0.081413
vt 0.625000 0.994571
vt 0.624243 0.849613
vt 0.575974 0.947472
vt 0.575973 0.934334
vt 0.625000 0.942917
vt 0.625000 0.856075
vt 0.618093 0.936571
vt 0.575974 0.937488
vt 0.625000 0.935773
vt 0.624226 0.897905
vt 0.575974 0.920891
vt 0.575974 0.914375
vt 0.625000 0.919452
vt 0.618093 0.917736
vt 0.575974 0.917737
vt 0.625000 0.915909
vt 0.575974 0.893219
vt 0.624200 0.881521
vt 0.575974 0.900048
vt 0.625000 0.894801
vt 0.618093 0.896686
vt 0.625000 0.898514
vt 0.575974 0.896686
vt 0.374464 0.155266
vt 0.424027 0.143219
vt 0.424026 0.150048
vt 0.375000 0.144801
vt 0.381907 0.146686
vt 0.424026 0.146686
vt 0.375000 0.148514
vt 0.374419 0.175364
vt 0.424026 0.164375
vt 0.424026 0.170891
vt 0.375000 0.165909
vt 0.381907 0.167736
vt 0.424026 0.167737
vt 0.375000 0.169452
vt 0.374354 0.194535
vt 0.424026 0.184334
vt 0.424026 0.190339
vt 0.375000 0.185773
vt 0.381907 0.187486
vt 0.424026 0.187488
vt 0.375000 0.189038
vt 0.374257 0.216894
vt 0.424026 0.202489
vt 0.424026 0.219605
vt 0.375000 0.203790
vt 0.381907 0.205408
vt 0.424026 0.205340
vt 0.375000 0.213097
vt 0.374098 0.292440
vt 0.424026 0.280395
vt 0.424026 0.297511
vt 0.375000 0.286903
vt 0.381907 0.294592
vt 0.424026 0.294660
vt 0.375000 0.296210
vt 0.373786 0.314730
vt 0.424026 0.309661
vt 0.424026 0.315666
vt 0.375000 0.310962
vt 0.381907 0.312514
vt 0.424026 0.312512
vt 0.375000 0.314227
vt 0.372848 0.333337
vt 0.424026 0.329109
vt 0.424026 0.335625
vt 0.375000 0.330548
vt 0.381907 0.332264
vt 0.424026 0.332263
vt 0.375000 0.334091
vt 0.347856 0.328997
vt 0.424026 0.349952
vt 0.353113 0.296797
vt 0.375000 0.351486
vt 0.381547 0.352955
vt 0.424026 0.353314
vt 0.342367 0.322568
vt 0.088969 0.056461
vt 0.113818 0.070086
vt 0.089013 0.063454
vt 0.054414 0.030760
vt 0.001200 0.000717
vt 0.054265 0.034442
vt 0.000000 0.000000
vt 0.579852 0.328437
vt 0.487038 0.296853
vt 0.575974 0.349952
vt 0.570724 0.322631
vt 0.617495 0.352955
vt 0.575974 0.353314
vt 0.625000 0.351485
vt 0.621416 0.332698
vt 0.575974 0.335625
vt 0.575974 0.329109
vt 0.625000 0.334091
vt 0.618093 0.332264
vt 0.575974 0.332263
vt 0.625000 0.330548
vt 0.622978 0.314052
vt 0.575974 0.315666
vt 0.575974 0.309661
vt 0.625000 0.314227
vt 0.618093 0.312514
vt 0.575974 0.312512
vt 0.625000 0.310962
vt 0.623497 0.291712
vt 0.575974 0.297511
vt 0.575974 0.280395
vt 0.625000 0.296210
vt 0.618093 0.294592
vt 0.575974 0.294660
vt 0.625000 0.286903
vt 0.623763 0.216102
vt 0.575974 0.219605
vt 0.575974 0.202489
vt 0.625000 0.213097
vt 0.618093 0.205408
vt 0.575974 0.205340
vt 0.625000 0.203790
vt 0.623924 0.193659
vt 0.575974 0.190339
vt 0.575974 0.184334
vt 0.625000 0.189038
vt 0.618093 0.187486
vt 0.575974 0.187488
vt 0.625000 0.185773
vt 0.624032 0.174373
vt 0.575974 0.170891
vt 0.575974 0.164375
vt 0.625000 0.169452
vt 0.618093 0.167736
vt 0.575974 0.167737
vt 0.625000 0.165909
vt 0.624107 0.154114
vt 0.575974 0.150048
vt 0.575974 0.143219
vt 0.625000 0.148514
vt 0.618093 0.146686
vt 0.575974 0.146686
vt 0.625000 0.144801
vt 0.070965 0.096563
vt 0.070817 0.103281
vt 0.068291 0.111488
vt 0.000000 0.000000
vt 0.000720 0.001200
vt 0.032568 0.056164
vt 0.032639 0.052510
vt 0.374497 0.863992
vt 0.424026 0.871556
vt 0.424027 0.878491
vt 0.375000 0.873138
vt 0.381907 0.875024
vt 0.424026 0.875024
vt 0.375000 0.876909
vt 0.347911 0.598771
vt 0.353210 0.543405
vt 0.424026 0.650048
vt 0.342435 0.590528
vt 0.381548 0.646087
vt 0.424026 0.646686
vt 0.375000 0.648515
vt 0.372850 0.660987
vt 0.424026 0.664375
vt 0.424026 0.670891
vt 0.375000 0.665909
vt 0.381907 0.667736
vt 0.424026 0.667737
vt 0.375000 0.669452
vt 0.373787 0.682097
vt 0.424026 0.684334
vt 0.424026 0.690339
vt 0.375000 0.685773
vt 0.381907 0.687486
vt 0.424026 0.687488
vt 0.375000 0.689038
vt 0.374099 0.705224
vt 0.424026 0.702489
vt 0.424026 0.719605
vt 0.375000 0.703790
vt 0.381907 0.705408
vt 0.424026 0.705340
vt 0.375000 0.713097
vt 0.374257 0.781200
vt 0.424026 0.780395
vt 0.424026 0.797511
vt 0.375000 0.786903
vt 0.381907 0.794592
vt 0.424026 0.794660
vt 0.375000 0.796210
vt 0.374354 0.803826
vt 0.424026 0.809661
vt 0.424026 0.815666
vt 0.375000 0.810961
vt 0.381907 0.812514
vt 0.424026 0.812512
vt 0.375000 0.814227
vt 0.374419 0.823182
vt 0.424026 0.829109
vt 0.424026 0.835625
vt 0.375000 0.830548
vt 0.381907 0.832264
vt 0.424026 0.832263
vt 0.375000 0.834091
vt 0.374464 0.843420
vt 0.424026 0.849952
vt 0.424026 0.856781
vt 0.375000 0.851485
vt 0.381907 0.853314
vt 0.424026 0.853314
vt 0.375000 0.855199
vt 0.624161 0.862196
vt 0.575974 0.878491
vt 0.575974 0.871556
vt 0.625000 0.876909
vt 0.618093 0.875024
vt 0.575974 0.875024
vt 0.625000 0.873138
vt 0.113818 0.110877
vt 0.088892 0.103281
vt 0.089090 0.096563
vt 0.054281 0.056164
vt 0.001200 0.001200
vt 0.000000 0.000000
vt 0.054398 0.052510
vt 0.624107 0.842025
vt 0.575974 0.856781
vt 0.575974 0.849952
vt 0.625000 0.855199
vt 0.618093 0.853314
vt 0.575974 0.853314
vt 0.625000 0.851485
vt 0.624031 0.822030
vt 0.575974 0.835625
vt 0.575974 0.829109
vt 0.625000 0.834091
vt 0.618093 0.832264
vt 0.575974 0.832263
vt 0.625000 0.830548
vt 0.623924 0.802835
vt 0.575974 0.815666
vt 0.575974 0.809661
vt 0.625000 0.814227
vt 0.618093 0.812514
vt 0.575974 0.812512
vt 0.625000 0.810961
vt 0.623763 0.780324
vt 0.575974 0.797511
vt 0.575974 0.780395
vt 0.625000 0.796210
vt 0.618093 0.794592
vt 0.575974 0.794660
vt 0.625000 0.786903
vt 0.623498 0.704432
vt 0.575974 0.719605
vt 0.575974 0.702489
vt 0.625000 0.713097
vt 0.618093 0.705408
vt 0.575974 0.705340
vt 0.625000 0.703790
vt 0.622978 0.681369
vt 0.575974 0.690339
vt 0.575974 0.684334
vt 0.625000 0.689038
vt 0.618093 0.687486
vt 0.575974 0.687488
vt 0.625000 0.685773
vt 0.621416 0.660308
vt 0.575974 0.670891
vt 0.575974 0.664375
vt 0.625000 0.669452
vt 0.618093 0.667736
vt 0.575974 0.667737
vt 0.625000 0.665909
vt 0.579852 0.598130
vt 0.575974 0.650048
vt 0.487082 0.543405
vt 0.625000 0.648515
vt 0.617495 0.646087
vt 0.575974 0.646686
vt 0.570724 0.590528
vt 0.070947 0.056516
vt 0.070835 0.063392
vt 0.068291 0.070666
vt 0.000000 0.000000
vt 0.000720 0.000723
vt 0.032648 0.034536
vt 0.032559 0.030676
vt 0.347856 0.371496
vt 0.353158 0.333295
vt 0.424026 0.400048
vt 0.342435 0.362238
vt 0.381548 0.396327
vt 0.424026 0.396686
vt 0.375000 0.398515
vt 0.372733 0.417075
vt 0.424026 0.414375
vt 0.424026 0.420891
vt 0.375000 0.415909
vt 0.381907 0.417736
vt 0.424026 0.417737
vt 0.375000 0.419452
vt 0.373595 0.437570
vt 0.424026 0.434334
vt 0.424026 0.440339
vt 0.375000 0.435773
vt 0.381907 0.437486
vt 0.424026 0.437488
vt 0.375000 0.439038
vt 0.373805 0.460505
vt 0.424026 0.452489
vt 0.424026 0.469605
vt 0.375000 0.453790
vt 0.381907 0.455408
vt 0.424026 0.455340
vt 0.375000 0.463097
vt 0.373805 0.536358
vt 0.424026 0.530395
vt 0.424026 0.547511
vt 0.375000 0.536903
vt 0.381907 0.544592
vt 0.424026 0.544660
vt 0.375000 0.546210
vt 0.373595 0.558733
vt 0.424026 0.559661
vt 0.424026 0.565666
vt 0.375000 0.560961
vt 0.381907 0.562514
vt 0.424026 0.562512
vt 0.375000 0.564227
vt 0.372731 0.576927
vt 0.424026 0.579109
vt 0.424026 0.585625
vt 0.375000 0.580548
vt 0.381907 0.582264
vt 0.424026 0.582263
vt 0.375000 0.584091
vt 0.347801 0.556082
vt 0.424026 0.599952
vt 0.353062 0.506750
vt 0.375000 0.601486
vt 0.381547 0.602715
vt 0.424026 0.603314
vt 0.342367 0.550813
vt 0.486883 0.506750
vt 0.575974 0.599952
vt 0.579668 0.555493
vt 0.575974 0.603314
vt 0.617494 0.602715
vt 0.625000 0.601486
vt 0.570612 0.550813
vt 0.621218 0.576355
vt 0.575974 0.585625
vt 0.575974 0.579109
vt 0.625000 0.584091
vt 0.618093 0.582264
vt 0.575974 0.582263
vt 0.625000 0.580548
vt 0.622657 0.558172
vt 0.575974 0.565666
vt 0.575974 0.559661
vt 0.625000 0.564227
vt 0.618093 0.562514
vt 0.575974 0.562512
vt 0.625000 0.560962
vt 0.623008 0.535803
vt 0.575974 0.547511
vt 0.575974 0.530395
vt 0.625000 0.546210
vt 0.618093 0.544592
vt 0.575974 0.544660
vt 0.625000 0.536903
vt 0.623008 0.459953
vt 0.575974 0.469605
vt 0.575974 0.452489
vt 0.625000 0.463097
vt 0.618093 0.455409
vt 0.575974 0.455340
vt 0.625000 0.453790
vt 0.622658 0.437015
vt 0.575974 0.440339
vt 0.575974 0.434334
vt 0.625000 0.439038
vt 0.618093 0.437486
vt 0.575974 0.437488
vt 0.625000 0.435773
vt 0.621218 0.416512
vt 0.575974 0.420891
vt 0.575974 0.414375
vt 0.625000 0.419452
vt 0.618093 0.417736
vt 0.575974 0.417737
vt 0.625000 0.415909
vt 0.486927 0.333232
vt 0.579668 0.370866
vt 0.575974 0.400048
vt 0.570612 0.362166
vt 0.617494 0.396326
vt 0.625000 0.398514
vt 0.575974 0.396686
vt -0.000000 0.500000
vt 1.000000 0.500000
vt 0.750000 0.490000
vt 1.000000 1.000000
vt 0.250000 0.490000
vt -0.000000 1.000000
vt 0.824164 0.478254
vt 0.950000 0.500000
vt 0.324164 0.478254
vt 0.950000 1.000000
vt 0.900000 0.500000
vt 0.891068 0.444164
vt 0.391068 0.444164
vt 0.900000 1.000000
vt 0.850000 0.500000
vt 0.944164 0.391068
vt 0.444164 0.391068
vt 0.850000 1.000000
vt 0.800000 0.500000
vt 0.978254 0.324164
vt 0.478254 0.324164
vt 0.800000 1.000000
vt 0.750000 0.500000
vt 0.990000 0.250000
vt 0.490000 0.250000
vt 0.750000 1.000000
vt 0.700000 0.500000
vt 0.978254 0.175836
vt 0.478254 0.175836
vt 0.700000 1.000000
vt 0.650000 0.500000
vt 0.944164 0.108932
vt 0.444164 0.108932
vt 0.650000 1.000000
vt 0.600000 0.500000
vt 0.891068 0.055836
vt 0.391068 0.055836
vt 0.600000 1.000000
vt 0.550000 0.500000
vt 0.824164 0.021746
vt 0.324164 0.021746
vt 0.550000 1.000000
vt 0.500000 0.500000
vt 0.750000 0.010000
vt 0.250000 0.010000
vt 0.500000 1.000000
vt 0.450000 0.500000
vt 0.675836 0.021746
vt 0.175836 0.021746
vt 0.450000 1.000000
vt 0.400000 0.500000
vt 0.608932 0.055836
vt 0.108932 0.055836
vt 0.400000 1.000000
vt 0.350000 0.500000
vt 0.555836 0.108932
vt 0.055836 0.108932
vt 0.350000 1.000000
vt 0.300000 0.500000
vt 0.521746 0.175836
vt 0.021746 0.175836
vt 0.300000 1.000000
vt 0.250000 0.500000
vt 0.510000 0.250000
vt 0.010000 0.250000
vt 0.250000 1.000000
vt 0.200000 0.500000
vt 0.521746 0.324164
vt 0.021746 0.324164
vt 0.200000 1.000000
vt 0.555836 0.391068
vt 0.150000 0.500000
vt 0.055836 0.391068
vt 0.150000 1.000000
vt 0.100000 0.500000
vt 0.608932 0.444164
vt 0.108932 0.444164
vt 0.100000 1.000000
vt 0.675836 0.478254
vt 0.050000 0.500000
vt 0.175836 0.478254
vt 0.050000 1.000000
vt 0.050000 0.535397
vt 0.050000 0.556406
vt 0.050000 0.536481
vt 0.100000 0.535397
vt 0.100000 0.556406
vt 0.100000 0.536481
vt 1.000000 0.556406
vt -0.000000 0.556406
vt -0.000000 0.535397
vt 1.000000 0.535397
vt -0.000000 0.536481
vt 1.000000 0.536481
vt 0.150000 0.535397
vt 0.150000 0.556406
vt 0.150000 0.536481
vt 0.200000 0.535397
vt 0.200000 0.556406
vt 0.200000 0.536481
vt 0.250000 0.535397
vt 0.250000 0.556406
vt 0.250000 0.536481
vt 0.300000 0.535397
vt 0.300000 0.556406
vt 0.300000 0.536481
vt 0.350000 0.535397
vt 0.350000 0.556406
vt 0.350000 0.536481
vt 0.400000 0.535397
vt 0.400000 0.556406
vt 0.400000 0.536481
vt 0.450000 0.535397
vt 0.450000 0.556406
vt 0.450000 0.536481
vt 0.500000 0.535397
vt 0.500000 0.556406
vt 0.500000 0.536481
vt 0.550000 0.535397
vt 0.550000 0.556406
vt 0.550000 0.536481
vt 0.600000 0.535397
vt 0.600000 0.556406
vt 0.600000 0.536481
vt 0.650000 0.535397
vt 0.650000 0.556406
vt 0.650000 0.536481
vt 0.700000 0.535397
vt 0.700000 0.556406
vt 0.700000 0.536481
vt 0.750000 0.535397
vt 0.750000 0.556406
vt 0.750000 0.536481
vt 0.800000 0.535397
vt 0.800000 0.556406
vt 0.800000 0.536481
vt 0.850000 0.535397
vt 0.850000 0.556406
vt 0.850000 0.536481
vt 0.900000 0.535397
vt 0.900000 0.556406
vt 0.900000 0.536481
vt 0.950000 0.535397
vt 0.950000 0.556406
vt 0.950000 0.536481
vt 0.950000 0.526505
vt 0.950000 0.513586
vt 0.950000 0.526140
vt -0.000000 0.513586
vt 1.000000 0.513586
vt 1.000000 0.526505
vt -0.000000 0.526505
vt 0.999801 0.526140
vt 0.000199 0.526140
vt 0.900000 0.526505
vt 0.900000 0.513586
vt 0.900000 0.526140
vt 0.850000 0.526505
vt 0.850000 0.513586
vt 0.850000 0.526140
vt 0.800000 0.526505
vt 0.800000 0.513586
vt 0.800000 0.526140
vt 0.750000 0.526505
vt 0.750000 0.513586
vt 0.750000 0.526140
vt 0.700000 0.526505
vt 0.700000 0.513586
vt 0.700000 0.526140
vt 0.650000 0.526505
vt 0.650000 0.513586
vt 0.650000 0.526140
vt 0.600000 0.526505
vt 0.600000 0.513586
vt 0.600000 0.526140
vt 0.550000 0.526505
vt 0.550000 0.513586
vt 0.550000 0.526140
vt 0.500000 0.526505
vt 0.500000 0.513586
vt 0.500000 0.526140
vt 0.450000 0.526505
vt 0.450000 0.513586
vt 0.450000 0.526140
vt 0.400000 0.526505
vt 0.400000 0.513586
vt 0.400000 0.526140
vt 0.350000 0.526505
vt 0.350000 0.513586
vt 0.350000 0.526140
vt 0.300000 0.526505
vt 0.300000 0.513586
vt 0.300000 0.526140
vt 0.250000 0.526505
vt 0.250000 0.513586
vt 0.250000 0.526140
vt 0.200000 0.526505
vt 0.200000 0.513586
vt 0.200000 0.526140
vt 0.150000 0.526505
vt 0.150000 0.513586
vt 0.150000 0.526140
vt 0.100000 0.526505
vt 0.100000 0.513586
vt 0.100000 0.526140
vt 0.050000 0.526505
vt 0.050000 0.513586
vt 0.050000 0.526140
s 0
g off
g Сфера_Материал
usemtl Материал
f 122/132/1 16/16/1 10/10/1
f 185/195/2 394/404/2 387/397/2
f 114/124/3 23/23/3 17/17/3
f 107/116/4 30/30/4 24/24/4
f 100/105/5 37/41/5 31/31/5
f 93/98/6 44/49/6 38/42/6
f 86/91/7 51/56/7 45/50/7
f 79/84/8 58/63/8 52/57/8
f 365/375/9 211/221/9 85/90/9
f 241/251/10 3/3/10 65/70/10
f 246/256/11 449/459/11 325/335/11
f 386/396/12 191/201/12 183/193/12
f 177/187/13 198/208/13 192/202/13
f 170/180/14 205/215/14 199/209/14
f 163/173/15 212/222/15 206/216/15
f 156/166/16 219/229/16 213/223/16
f 149/159/17 226/236/17 220/230/17
f 142/152/18 233/243/18 227/237/18
f 324/334/19 261/271/19 247/257/19
f 443/453/20 457/467/20 450/460/20
f 436/446/21 464/474/21 458/468/21
f 429/439/22 471/481/22 465/475/22
f 422/432/23 478/488/23 472/482/23
f 415/425/24 485/495/24 479/489/24
f 408/418/25 492/502/25 486/496/25
f 268/278/26 380/390/26 374/384/26
f 401/411/27 500/510/27 493/503/27
f 310/320/28 338/348/28 332/342/28
f 303/313/29 345/355/29 339/349/29
f 296/306/30 352/362/30 346/356/30
f 289/299/31 359/369/31 353/363/31
f 282/292/32 366/376/32 360/370/32
f 275/285/33 373/383/33 367/377/33
f 317/327/34 9/9/34 255/265/34
f 254/264/35 331/341/35 318/328/35
f 72/77/36 2/2/36 59/64/36
f 135/145/37 240/250/37 234/244/37
f 1/1/38 5/5/38 7/7/38
f 6/6/39 4/4/39 2/2/39
f 7/7/40 6/6/40 3/3/40
f 8/8/41 12/12/41 14/14/41
f 13/13/42 11/11/42 9/9/42
f 14/14/43 13/13/43 10/10/43
f 15/15/44 19/19/44 21/21/44
f 20/20/45 18/18/45 16/16/45
f 21/21/46 20/20/46 17/17/46
f 22/22/47 26/26/47 28/28/47
f 27/27/48 25/25/48 23/23/48
f 28/28/49 27/27/49 24/24/49
f 29/29/50 33/33/50 35/38/50
f 34/37/51 32/32/51 30/30/51
f 35/39/52 34/36/52 31/31/52
f 36/40/53 40/45/53 42/47/53
f 41/46/54 39/44/54 37/41/54
f 42/47/55 41/46/55 38/42/55
f 43/48/56 47/52/56 49/54/56
f 48/53/57 46/51/57 44/49/57
f 49/54/58 48/53/58 45/50/58
f 50/55/59 54/59/59 56/61/59
f 55/60/60 53/58/60 51/56/60
f 56/61/61 55/60/61 52/57/61
f 57/62/62 61/66/62 63/68/62
f 62/67/63 60/65/63 58/63/63
f 63/68/64 62/67/64 59/64/64
f 64/69/65 68/73/65 70/75/65
f 69/74/66 67/72/66 65/70/66
f 70/75/67 69/74/67 66/71/67
f 71/76/68 75/80/68 77/82/68
f 76/81/69 74/79/69 72/77/69
f 77/82/70 76/81/70 73/78/70
f 78/83/71 82/87/71 84/89/71
f 83/88/72 81/86/72 79/84/72
f 84/89/73 83/88/73 80/85/73
f 85/90/74 89/94/74 91/96/74
f 90/95/75 88/93/75 86/91/75
f 91/96/76 90/95/76 87/92/76
f 92/97/77 96/101/77 98/103/77
f 97/102/78 95/100/78 93/98/78
f 98/103/79 97/102/79 94/99/79
f 99/104/80 103/108/80 105/113/80
f 104/112/81 102/107/81 100/105/81
f 105/114/82 104/111/82 101/106/82
f 106/115/83 110/120/83 112/122/83
f 111/121/84 109/118/84 107/116/84
f 112/122/85 111/121/85 108/117/85
f 113/123/86 117/127/86 119/129/86
f 118/128/87 116/126/87 114/124/87
f 119/129/88 118/128/88 115/125/88
f 123/133/89 126/136/89 120/130/89
f 121/131/90 124/134/90 123/133/90
f 126/136/91 125/135/91 122/132/91
f 127/137/92 131/141/92 133/143/92
f 132/142/93 130/140/93 128/138/93
f 133/143/94 132/142/94 129/139/94
f 134/144/95 138/148/95 140/150/95
f 139/149/96 137/147/96 135/145/96
f 140/150/97 139/149/97 136/146/97
f 141/151/98 145/155/98 147/157/98
f 146/156/99 144/154/99 142/152/99
f 147/157/100 146/156/100 143/153/100
f 148/158/101 152/162/101 154/164/101
f 153/163/102 151/161/102 149/159/102
f 154/164/103 153/163/103 150/160/103
f 155/165/104 159/169/104 161/171/104
f 160/170/105 158/168/105 156/166/105
f 161/171/106 160/170/106 157/167/106
f 162/172/107 166/176/107 168/178/107
f 167/177/108 165/175/108 163/173/108
f 168/178/109 167/177/109 164/174/109
f 169/179/110 173/183/110 175/185/110
f 174/184/111 172/182/111 170/180/111
f 175/185/112 174/184/112 171/181/112
f 176/186/113 180/190/113 182/192/113
f 181/191/114 179/189/114 177/187/114
f 182/192/115 181/191/115 178/188/115
f 186/196/116 189/199/116 183/193/116
f 184/194/117 187/197/117 186/196/117
f 189/199/118 188/198/118 185/195/118
f 190/200/119 194/204/119 196/206/119
f 195/205/120 193/203/120 191/201/120
f 196/206/121 195/205/121 192/202/121
f 197/207/122 201/211/122 203/213/122
f 202/212/123 200/210/123 198/208/123
f 203/213/124 202/212/124 199/209/124
f 204/214/125 208/218/125 210/220/125
f 209/219/126 207/217/126 205/215/126
f 210/220/127 209/219/127 206/216/127
f 211/221/128 215/225/128 217/227/128
f 216/226/129 214/224/129 212/222/129
f 217/227/130 216/226/130 213/223/130
f 218/228/131 222/232/131 224/234/131
f 223/233/132 221/231/132 219/229/132
f 224/234/133 223/233/133 220/230/133
f 225/235/134 229/239/134 231/241/134
f 230/240/135 228/238/135 226/236/135
f 231/241/136 230/240/136 227/237/136
f 232/242/137 236/246/137 238/248/137
f 237/247/138 235/245/138 233/243/138
f 238/248/139 237/247/139 234/244/139
f 239/249/140 243/253/140 245/255/140
f 244/254/141 242/252/141 240/250/141
f 245/255/142 244/254/142 241/251/142
f 249/259/143 252/262/143 246/256/143
f 251/261/144 249/259/144 247/257/144
f 248/258/145 250/260/145 251/261/145
f 253/263/146 257/267/146 259/269/146
f 258/268/147 256/266/147 254/264/147
f 259/269/148 258/268/148 255/265/148
f 260/270/149 264/274/149 266/276/149
f 265/275/150 263/273/150 261/271/150
f 266/276/151 265/275/151 262/272/151
f 267/277/152 271/281/152 273/283/152
f 272/282/153 270/280/153 268/278/153
f 273/283/154 272/282/154 269/279/154
f 274/284/155 278/288/155 280/290/155
f 279/289/156 277/287/156 275/285/156
f 280/290/157 279/289/157 276/286/157
f 281/291/158 285/295/158 287/297/158
f 286/296/159 284/294/159 282/292/159
f 287/297/160 286/296/160 283/293/160
f 288/298/161 292/302/161 294/304/161
f 293/303/162 291/301/162 289/299/162
f 294/304/163 293/303/163 290/300/163
f 295/305/164 299/309/164 301/311/164
f 300/310/165 298/308/165 296/306/165
f 301/311/166 300/310/166 297/307/166
f 302/312/167 306/316/167 308/318/167
f 307/317/168 305/315/168 303/313/168
f 308/318/169 307/317/169 304/314/169
f 309/319/170 313/323/170 315/325/170
f 314/324/171 312/322/171 310/320/171
f 315/325/172 314/324/172 311/321/172
f 316/326/173 320/330/173 322/332/173
f 321/331/174 319/329/174 317/327/174
f 322/332/175 321/331/175 318/328/175
f 323/333/176 327/337/176 329/339/176
f 328/338/177 326/336/177 324/334/177
f 329/339/178 328/338/178 325/335/178
f 330/340/179 334/344/179 336/346/179
f 335/345/180 333/343/180 331/341/180
f 336/346/181 335/345/181 332/342/181
f 337/347/182 341/351/182 343/353/182
f 342/352/183 340/350/183 338/348/183
f 343/353/184 342/352/184 339/349/184
f 344/354/185 348/358/185 350/360/185
f 349/359/186 347/357/186 345/355/186
f 350/360/187 349/359/187 346/356/187
f 351/361/188 355/365/188 357/367/188
f 356/366/189 354/364/189 352/362/189
f 357/367/190 356/366/190 353/363/190
f 358/368/191 362/372/191 364/374/191
f 363/373/192 361/371/192 359/369/192
f 364/374/193 363/373/193 360/370/193
f 365/375/194 369/379/194 371/381/194
f 370/380/195 368/378/195 366/376/195
f 371/381/196 370/380/196 367/377/196
f 372/382/197 376/386/197 378/388/197
f 377/387/198 375/385/198 373/383/198
f 378/388/199 377/387/199 374/384/199
f 379/389/200 383/393/200 385/395/200
f 384/394/201 382/392/201 380/390/201
f 385/395/202 384/394/202 381/391/202
f 389/399/203 392/402/203 386/396/203
f 391/401/204 389/399/204 387/397/204
f 388/398/205 390/400/205 391/401/205
f 393/403/206 397/407/206 399/409/206
f 398/408/207 396/406/207 394/404/207
f 399/409/208 398/408/208 395/405/208
f 400/410/209 404/414/209 406/416/209
f 405/415/210 403/413/210 401/411/210
f 406/416/211 405/415/211 402/412/211
f 407/417/212 411/421/212 413/423/212
f 412/422/213 410/420/213 408/418/213
f 413/423/214 412/422/214 409/419/214
f 414/424/215 418/428/215 420/430/215
f 419/429/216 417/427/216 415/425/216
f 420/430/217 419/429/217 416/426/217
f 421/431/218 425/435/218 427/437/218
f 426/436/219 424/434/219 422/432/219
f 427/437/220 426/436/220 423/433/220
f 428/438/221 432/442/221 434/444/221
f 433/443/222 431/441/222 429/439/222
f 434/444/223 433/443/223 430/440/223
f 435/445/224 439/449/224 441/451/224
f 440/450/225 438/448/225 436/446/225
f 441/451/226 440/450/226 437/447/226
f 442/452/227 446/456/227 448/458/227
f 447/457/228 445/455/228 443/453/228
f 448/458/229 447/457/229 444/454/229
f 452/462/230 455/465/230 449/459/230
f 454/464/231 452/462/231 450/460/231
f 451/461/232 453/463/232 454/464/232
f 456/466/233 460/470/233 462/472/233
f 461/471/234 459/469/234 457/467/234
f 462/472/235 461/471/235 458/468/235
f 463/473/236 467/477/236 469/479/236
f 468/478/237 466/476/237 464/474/237
f 469/479/238 468/478/238 465/475/238
f 470/480/239 474/484/239 476/486/239
f 475/485/240 473/483/240 471/481/240
f 476/486/241 475/485/241 472/482/241
f 477/487/242 481/491/242 483/493/242
f 482/492/243 480/490/243 478/488/243
f 483/493/244 482/492/244 479/489/244
f 484/494/245 488/498/245 490/500/245
f 489/499/246 487/497/246 485/495/246
f 490/500/247 489/499/247 486/496/247
f 491/501/248 495/505/248 497/507/248
f 496/506/249 494/504/249 492/502/249
f 497/507/250 496/506/250 493/503/250
f 501/511/251 504/514/251 498/508/251
f 499/509/252 502/512/252 501/511/252
f 504/514/253 503/513/253 500/510/253
f 8/8/254 259/269/254 11/11/254
f 11/11/255 255/265/255 9/9/255
f 10/10/256 126/136/256 122/132/256
f 13/13/257 120/130/257 126/136/257
f 15/15/258 14/14/258 18/18/258
f 18/18/259 10/10/259 16/16/259
f 113/123/260 125/135/260 121/131/260
f 119/129/261 122/132/261 125/135/261
f 17/17/262 118/128/262 114/124/262
f 20/20/263 115/125/263 118/128/263
f 22/22/264 21/21/264 25/25/264
f 25/25/265 17/17/265 23/23/265
f 106/115/266 116/126/266 113/123/266
f 112/122/267 114/124/267 116/126/267
f 24/24/268 111/121/268 107/116/268
f 27/27/269 108/117/269 111/121/269
f 29/29/270 28/28/270 32/32/270
f 32/32/271 24/24/271 30/30/271
f 99/104/272 109/119/272 106/115/272
f 105/114/273 107/116/273 109/118/273
f 31/31/274 104/112/274 100/105/274
f 34/37/275 101/106/275 104/111/275
f 36/40/276 35/38/276 39/43/276
f 39/44/277 31/31/277 37/41/277
f 92/97/278 102/107/278 99/104/278
f 98/103/279 100/105/279 102/107/279
f 38/42/280 97/102/280 93/98/280
f 41/46/281 94/99/281 97/102/281
f 43/48/282 42/47/282 46/51/282
f 46/51/283 38/42/283 44/49/283
f 85/90/284 95/100/284 92/97/284
f 91/96/285 93/98/285 95/100/285
f 45/50/286 90/95/286 86/91/286
f 48/53/287 87/92/287 90/95/287
f 50/55/288 49/54/288 53/58/288
f 53/58/289 45/50/289 51/56/289
f 78/83/290 88/93/290 85/90/290
f 84/89/291 86/91/291 88/93/291
f 52/57/292 83/88/292 79/84/292
f 55/60/293 80/85/293 83/88/293
f 57/62/294 56/61/294 60/65/294
f 60/65/295 52/57/295 58/63/295
f 71/76/296 81/86/296 78/83/296
f 77/82/297 79/84/297 81/86/297
f 59/64/298 76/81/298 72/77/298
f 62/67/299 73/78/299 76/81/299
f 1/1/300 63/68/300 4/4/300
f 4/4/301 59/64/301 2/2/301
f 64/69/302 74/79/302 71/76/302
f 70/75/303 72/77/303 74/79/303
f 3/3/304 69/74/304 65/70/304
f 6/6/305 66/71/305 69/74/305
f 190/200/306 186/196/306 193/203/306
f 193/203/307 183/193/307 191/201/307
f 178/188/308 392/402/308 182/192/308
f 182/192/309 388/398/309 176/186/309
f 498/508/310 188/198/310 501/511/310
f 501/511/311 184/194/311 499/509/311
f 177/187/312 195/205/312 181/191/312
f 181/191/313 191/201/313 178/188/313
f 197/207/314 196/206/314 200/210/314
f 200/210/315 192/202/315 198/208/315
f 169/179/316 179/189/316 176/186/316
f 175/185/317 177/187/317 179/189/317
f 199/209/318 174/184/318 170/180/318
f 202/212/319 171/181/319 174/184/319
f 204/214/320 203/213/320 207/217/320
f 207/217/321 199/209/321 205/215/321
f 162/172/322 172/182/322 169/179/322
f 168/178/323 170/180/323 172/182/323
f 206/216/324 167/177/324 163/173/324
f 209/219/325 164/174/325 167/177/325
f 211/221/326 210/220/326 214/224/326
f 214/224/327 206/216/327 212/222/327
f 155/165/328 165/175/328 162/172/328
f 161/171/329 163/173/329 165/175/329
f 213/223/330 160/170/330 156/166/330
f 216/226/331 157/167/331 160/170/331
f 218/228/332 217/227/332 221/231/332
f 221/231/333 213/223/333 219/229/333
f 148/158/334 158/168/334 155/165/334
f 154/164/335 156/166/335 158/168/335
f 220/230/336 153/163/336 149/159/336
f 223/233/337 150/160/337 153/163/337
f 225/235/338 224/234/338 228/238/338
f 228/238/339 220/230/339 226/236/339
f 141/151/340 151/161/340 148/158/340
f 147/157/341 149/159/341 151/161/341
f 227/237/342 146/156/342 142/152/342
f 230/240/343 143/153/343 146/156/343
f 232/242/344 231/241/344 235/245/344
f 235/245/345 227/237/345 233/243/345
f 134/144/346 144/154/346 141/151/346
f 140/150/347 142/152/347 144/154/347
f 234/244/348 139/149/348 135/145/348
f 237/247/349 136/146/349 139/149/349
f 239/249/350 238/248/350 242/252/350
f 242/252/351 234/244/351 240/250/351
f 127/137/352 137/147/352 134/144/352
f 133/143/353 135/145/353 137/147/353
f 241/251/354 132/142/354 128/138/354
f 244/254/355 129/139/355 132/142/355
f 128/138/356 7/7/356 3/3/356
f 130/140/357 1/1/357 7/7/357
f 444/454/358 252/262/358 448/458/358
f 448/458/359 248/258/359 442/452/359
f 450/460/360 447/457/360 443/453/360
f 452/462/361 444/454/361 447/457/361
f 451/461/362 459/469/362 456/466/362
f 454/464/363 457/467/363 459/469/363
f 442/452/364 441/451/364 445/455/364
f 445/455/365 437/447/365 443/453/365
f 458/468/366 440/450/366 436/446/366
f 461/471/367 437/447/367 440/450/367
f 456/466/368 466/476/368 463/473/368
f 462/472/369 464/474/369 466/476/369
f 435/445/370 434/444/370 438/448/370
f 438/448/371 430/440/371 436/446/371
f 465/475/372 433/443/372 429/439/372
f 468/478/373 430/440/373 433/443/373
f 463/473/374 473/483/374 470/480/374
f 469/479/375 471/481/375 473/483/375
f 428/438/376 427/437/376 431/441/376
f 431/441/377 423/433/377 429/439/377
f 472/482/378 426/436/378 422/432/378
f 475/485/379 423/433/379 426/436/379
f 470/480/380 480/490/380 477/487/380
f 476/486/381 478/488/381 480/490/381
f 421/431/382 420/430/382 424/434/382
f 424/434/383 416/426/383 422/432/383
f 479/489/384 419/429/384 415/425/384
f 482/492/385 416/426/385 419/429/385
f 477/487/386 487/497/386 484/494/386
f 483/493/387 485/495/387 487/497/387
f 414/424/388 413/423/388 417/427/388
f 417/427/389 409/419/389 415/425/389
f 486/496/390 412/422/390 408/418/390
f 489/499/391 409/419/391 412/422/391
f 484/494/392 494/504/392 491/501/392
f 490/500/393 492/502/393 494/504/393
f 407/417/394 406/416/394 410/420/394
f 410/420/395 402/412/395 408/418/395
f 493/503/396 405/415/396 401/411/396
f 496/506/397 402/412/397 405/415/397
f 491/501/398 503/513/398 499/509/398
f 497/507/399 500/510/399 503/513/399
f 400/410/400 399/409/400 403/413/400
f 403/413/401 395/405/401 401/411/401
f 394/404/402 504/514/402 398/408/402
f 398/408/403 500/510/403 395/405/403
f 393/403/404 391/401/404 396/406/404
f 396/406/405 387/397/405 394/404/405
f 330/340/406 322/332/406 333/343/406
f 333/343/407 318/328/407 331/341/407
f 255/265/408 321/331/408 317/327/408
f 258/268/409 318/328/409 321/331/409
f 309/319/410 256/266/410 253/263/410
f 315/325/411 254/264/411 256/266/411
f 332/342/412 314/324/412 310/320/412
f 335/345/413 311/321/413 314/324/413
f 337/347/414 336/346/414 340/350/414
f 340/350/415 332/342/415 338/348/415
f 302/312/416 312/322/416 309/319/416
f 308/318/417 310/320/417 312/322/417
f 339/349/418 307/317/418 303/313/418
f 342/352/419 304/314/419 307/317/419
f 344/354/420 343/353/420 347/357/420
f 347/357/421 339/349/421 345/355/421
f 295/305/422 305/315/422 302/312/422
f 301/311/423 303/313/423 305/315/423
f 346/356/424 300/310/424 296/306/424
f 349/359/425 297/307/425 300/310/425
f 351/361/426 350/360/426 354/364/426
f 354/364/427 346/356/427 352/362/427
f 288/298/428 298/308/428 295/305/428
f 294/304/429 296/306/429 298/308/429
f 353/363/430 293/303/430 289/299/430
f 356/366/431 290/300/431 293/303/431
f 358/368/432 357/367/432 361/371/432
f 361/371/433 353/363/433 359/369/433
f 281/291/434 291/301/434 288/298/434
f 287/297/435 289/299/435 291/301/435
f 360/370/436 286/296/436 282/292/436
f 363/373/437 283/293/437 286/296/437
f 365/375/438 364/374/438 368/378/438
f 368/378/439 360/370/439 366/376/439
f 274/284/440 284/294/440 281/291/440
f 280/290/441 282/292/441 284/294/441
f 367/377/442 279/289/442 275/285/442
f 370/380/443 276/286/443 279/289/443
f 372/382/444 371/381/444 375/385/444
f 375/385/445 367/377/445 373/383/445
f 267/277/446 277/287/446 274/284/446
f 273/283/447 275/285/447 277/287/447
f 374/384/448 272/282/448 268/278/448
f 377/387/449 269/279/449 272/282/449
f 379/389/450 378/388/450 382/392/450
f 382/392/451 374/384/451 380/390/451
f 260/270/452 270/280/452 267/277/452
f 266/276/453 268/278/453 270/280/453
f 381/391/454 265/275/454 261/271/454
f 384/394/455 262/272/455 265/275/455
f 323/333/456 385/395/456 326/336/456
f 326/336/457 381/391/457 324/334/457
f 248/258/458 263/273/458 260/270/458
f 251/261/459 261/271/459 263/273/459
f 64/69/460 245/255/460 67/72/460
f 67/72/461 241/251/461 65/70/461
f 387/397/462 189/199/462 185/195/462
f 389/399/463 183/193/463 189/199/463
f 247/257/464 328/338/464 324/334/464
f 249/259/465 325/335/465 328/338/465
f 317/327/466 123/133/466 120/130/466
f 319/329/467 121/131/467 123/133/467
f 323/333/468 455/465/468 451/461/468
f 329/339/469 449/459/469 455/465/469
f 57/62/470 428/438/470 288/298/470
f 545/597/471 609/666/471 662/720/471
f 606/661/472 509/525/472 507/522/472
f 596/651/473 617/675/473 614/672/473
f 593/648/474 620/678/474 617/675/474
f 609/665/475 602/657/475 605/660/475
f 620/678/476 587/642/476 623/681/476
f 612/670/477 511/529/477 509/525/477
f 587/642/478 626/684/478 623/681/478
f 615/673/479 513/533/479 511/529/479
f 626/684/480 581/636/480 629/687/480
f 513/533/481 621/679/481 515/537/481
f 581/636/482 632/690/482 629/687/482
f 621/679/483 517/541/483 515/537/483
f 578/633/484 635/693/484 632/690/484
f 624/682/485 519/545/485 517/541/485
f 635/693/486 572/627/486 638/696/486
f 627/685/487 521/549/487 519/545/487
f 572/627/488 641/699/488 638/696/488
f 630/688/489 523/553/489 521/549/489
f 641/699/490 566/621/490 644/702/490
f 523/553/491 636/694/491 525/557/491
f 566/621/492 647/705/492 644/702/492
f 636/694/493 527/561/493 525/557/493
f 563/618/494 650/708/494 647/705/494
f 639/697/495 529/565/495 527/561/495
f 650/708/496 557/612/496 653/711/496
f 642/700/497 531/569/497 529/565/497
f 557/612/498 656/714/498 653/711/498
f 645/703/499 533/573/499 531/569/499
f 656/714/500 548/600/500 659/717/500
f 533/573/501 651/709/501 535/577/501
f 659/717/502 545/597/502 662/720/502
f 651/709/503 537/581/503 535/577/503
f 506/518/504 603/658/504 551/603/504
f 534/575/9 518/543/9 510/527/9
f 611/669/505 596/651/505 614/672/505
f 657/715/506 541/589/506 539/586/506
f 602/657/507 611/669/507 605/660/507
f 543/594/508 608/663/508 505/515/508
f 519/546/470 535/578/470 543/593/470
f 542/592/509 546/598/509 549/601/509
f 544/596/510 551/604/510 546/598/510
f 540/588/511 549/601/511 555/610/511
f 538/584/512 555/610/512 558/613/512
f 536/580/513 558/613/513 561/616/513
f 534/576/514 561/616/514 564/619/514
f 532/572/515 564/619/515 567/622/515
f 530/568/516 567/622/516 570/625/516
f 528/564/517 570/625/517 573/628/517
f 526/560/518 573/628/518 576/631/518
f 524/556/519 576/631/519 579/634/519
f 522/552/520 579/634/520 582/637/520
f 520/548/521 582/637/521 585/640/521
f 518/544/522 585/640/522 588/643/522
f 516/540/523 588/643/523 591/646/523
f 514/536/524 591/646/524 594/649/524
f 512/532/525 594/649/525 597/652/525
f 510/528/526 597/652/526 600/655/526
f 508/524/527 600/655/527 603/658/527
f 654/712/528 539/586/528 537/581/528
f 551/604/529 547/599/529 546/598/529
f 553/607/530 545/597/530 547/599/530
f 546/598/531 550/602/531 549/601/531
f 547/599/532 548/600/532 550/602/532
f 549/601/533 556/611/533 555/610/533
f 550/602/534 554/609/534 556/611/534
f 558/613/535 556/611/535 559/614/535
f 559/614/536 554/609/536 557/612/536
f 558/613/537 562/617/537 561/616/537
f 559/614/538 560/615/538 562/617/538
f 561/616/539 565/620/539 564/619/539
f 562/617/540 563/618/540 565/620/540
f 564/619/541 568/623/541 567/622/541
f 565/620/542 566/621/542 568/623/542
f 567/622/543 571/626/543 570/625/543
f 568/623/544 569/624/544 571/626/544
f 573/628/545 571/626/545 574/629/545
f 574/629/546 569/624/546 572/627/546
f 573/628/547 577/632/547 576/631/547
f 574/629/548 575/630/548 577/632/548
f 576/631/549 580/635/549 579/634/549
f 577/632/550 578/633/550 580/635/550
f 579/634/551 583/638/551 582/637/551
f 580/635/552 581/636/552 583/638/552
f 582/637/553 586/641/553 585/640/553
f 583/638/554 584/639/554 586/641/554
f 588/643/555 586/641/555 589/644/555
f 589/644/556 584/639/556 587/642/556
f 588/643/557 592/647/557 591/646/557
f 589/644/558 590/645/558 592/647/558
f 591/646/559 595/650/559 594/649/559
f 592/647/560 593/648/560 595/650/560
f 594/649/561 598/653/561 597/652/561
f 595/650/562 596/651/562 598/653/562
f 597/652/563 601/656/563 600/655/563
f 598/653/564 599/654/564 601/656/564
f 603/658/565 601/656/565 604/659/565
f 604/659/566 599/654/566 602/657/566
f 603/658/567 553/608/567 551/603/567
f 604/659/568 552/606/568 553/608/568
f 660/718/569 543/594/569 541/589/569
f 605/660/570 610/667/570 609/665/570
f 607/662/571 608/664/571 610/667/571
f 611/669/572 607/662/572 605/660/572
f 613/671/573 606/661/573 607/662/573
f 614/672/574 613/671/574 611/669/574
f 616/674/575 612/670/575 613/671/575
f 617/675/576 616/674/576 614/672/576
f 619/677/577 615/673/577 616/674/577
f 620/678/578 619/677/578 617/675/578
f 622/680/579 618/676/579 619/677/579
f 623/681/580 622/680/580 620/678/580
f 625/683/581 621/679/581 622/680/581
f 626/684/582 625/683/582 623/681/582
f 628/686/583 624/682/583 625/683/583
f 629/687/584 628/686/584 626/684/584
f 631/689/585 627/685/585 628/686/585
f 632/690/586 631/689/586 629/687/586
f 634/692/587 630/688/587 631/689/587
f 635/693/588 634/692/588 632/690/588
f 637/695/589 633/691/589 634/692/589
f 638/696/590 637/695/590 635/693/590
f 640/698/591 636/694/591 637/695/591
f 641/699/592 640/698/592 638/696/592
f 643/701/593 639/697/593 640/698/593
f 644/702/594 643/701/594 641/699/594
f 646/704/595 642/700/595 643/701/595
f 647/705/596 646/704/596 644/702/596
f 649/707/597 645/703/597 646/704/597
f 650/708/598 649/707/598 647/705/598
f 652/710/599 648/706/599 649/707/599
f 653/711/600 652/710/600 650/708/600
f 655/713/601 651/709/601 652/710/601
f 656/714/602 655/713/602 653/711/602
f 658/716/603 654/712/603 655/713/603
f 659/717/604 658/716/604 656/714/604
f 661/719/605 657/715/605 658/716/605
f 662/720/606 661/719/606 659/717/606
f 664/722/607 660/718/607 661/719/607
f 609/666/608 664/722/608 662/720/608
f 610/668/609 663/721/609 664/722/609
f 608/664/610 507/522/610 505/516/610
f 122/132/1 115/125/1 16/16/1
f 185/195/611 498/508/611 394/404/611
f 114/124/3 108/117/3 23/23/3
f 107/116/4 101/106/4 30/30/4
f 100/105/5 94/99/5 37/41/5
f 93/98/6 87/92/6 44/49/6
f 86/91/7 80/85/7 51/56/7
f 79/84/8 73/78/8 58/63/8
f 113/123/9 121/131/9 316/326/9
f 316/326/9 330/340/9 337/347/9
f 337/347/9 344/354/9 351/361/9
f 351/361/9 358/368/9 365/375/9
f 365/375/9 372/382/9 379/389/9
f 379/389/9 323/333/9 451/461/9
f 451/461/9 456/466/9 463/473/9
f 463/473/9 470/480/9 477/487/9
f 477/487/9 484/494/9 491/501/9
f 491/501/9 499/509/9 184/194/9
f 184/194/9 190/200/9 197/207/9
f 197/207/9 204/214/9 211/221/9
f 211/221/9 218/228/9 225/235/9
f 225/235/9 232/242/9 239/249/9
f 239/249/9 64/69/9 71/76/9
f 71/76/9 78/83/9 85/90/9
f 85/90/9 92/97/9 99/104/9
f 99/104/9 106/115/9 113/123/9
f 113/123/9 316/326/9 337/347/9
f 337/347/9 351/361/9 365/375/9
f 365/375/9 379/389/9 451/461/9
f 451/461/9 463/473/9 477/487/9
f 477/487/9 491/501/9 184/194/9
f 184/194/9 197/207/9 211/221/9
f 211/221/9 225/235/9 239/249/9
f 239/249/9 71/76/9 85/90/9
f 85/90/9 99/104/9 113/123/9
f 113/123/9 337/347/9 365/375/9
f 365/375/9 451/461/9 477/487/9
f 477/487/9 184/194/9 211/221/9
f 211/221/9 239/249/9 85/90/9
f 85/90/9 113/123/9 365/375/9
f 365/375/9 477/487/9 211/221/9
f 241/251/10 128/138/10 3/3/10
f 246/256/11 444/454/11 449/459/11
f 386/396/612 178/188/612 191/201/612
f 177/187/13 171/181/13 198/208/13
f 170/180/14 164/174/14 205/215/14
f 163/173/15 157/167/15 212/222/15
f 156/166/16 150/160/16 219/229/16
f 149/159/17 143/153/17 226/236/17
f 142/152/18 136/146/18 233/243/18
f 324/334/19 381/391/19 261/271/19
f 443/453/20 437/447/20 457/467/20
f 436/446/21 430/440/21 464/474/21
f 429/439/22 423/433/22 471/481/22
f 422/432/23 416/426/23 478/488/23
f 415/425/24 409/419/24 485/495/24
f 408/418/25 402/412/25 492/502/25
f 268/278/26 262/272/26 380/390/26
f 401/411/27 395/405/27 500/510/27
f 310/320/28 304/314/28 338/348/28
f 303/313/29 297/307/29 345/355/29
f 296/306/30 290/300/30 352/362/30
f 289/299/31 283/293/31 359/369/31
f 282/292/32 276/286/32 366/376/32
f 275/285/33 269/279/33 373/383/33
f 317/327/34 120/130/34 9/9/34
f 254/264/35 311/321/35 331/341/35
f 72/77/36 66/71/36 2/2/36
f 135/145/37 129/139/37 240/250/37
f 1/1/613 4/4/613 5/5/613
f 6/6/614 5/5/614 4/4/614
f 7/7/615 5/5/615 6/6/615
f 8/8/616 11/11/616 12/12/616
f 13/13/617 12/12/617 11/11/617
f 14/14/618 12/12/618 13/13/618
f 15/15/619 18/18/619 19/19/619
f 20/20/620 19/19/620 18/18/620
f 21/21/621 19/19/621 20/20/621
f 22/22/622 25/25/622 26/26/622
f 27/27/623 26/26/623 25/25/623
f 28/28/624 26/26/624 27/27/624
f 29/29/625 32/32/625 33/33/625
f 34/37/626 33/34/626 32/32/626
f 35/39/627 33/35/627 34/36/627
f 36/40/628 39/43/628 40/45/628
f 41/46/629 40/45/629 39/44/629
f 42/47/630 40/45/630 41/46/630
f 43/48/631 46/51/631 47/52/631
f 48/53/632 47/52/632 46/51/632
f 49/54/633 47/52/633 48/53/633
f 50/55/634 53/58/634 54/59/634
f 55/60/635 54/59/635 53/58/635
f 56/61/636 54/59/636 55/60/636
f 57/62/637 60/65/637 61/66/637
f 62/67/638 61/66/638 60/65/638
f 63/68/639 61/66/639 62/67/639
f 64/69/640 67/72/640 68/73/640
f 69/74/641 68/73/641 67/72/641
f 70/75/642 68/73/642 69/74/642
f 71/76/643 74/79/643 75/80/643
f 76/81/644 75/80/644 74/79/644
f 77/82/645 75/80/645 76/81/645
f 78/83/646 81/86/646 82/87/646
f 83/88/647 82/87/647 81/86/647
f 84/89/648 82/87/648 83/88/648
f 85/90/649 88/93/649 89/94/649
f 90/95/650 89/94/650 88/93/650
f 91/96/651 89/94/651 90/95/651
f 92/97/652 95/100/652 96/101/652
f 97/102/653 96/101/653 95/100/653
f 98/103/654 96/101/654 97/102/654
f 99/104/655 102/107/655 103/108/655
f 104/112/656 103/109/656 102/107/656
f 105/114/657 103/110/657 104/111/657
f 106/115/658 109/119/658 110/120/658
f 111/121/659 110/120/659 109/118/659
f 112/122/660 110/120/660 111/121/660
f 113/123/661 116/126/661 117/127/661
f 118/128/662 117/127/662 116/126/662
f 119/129/663 117/127/663 118/128/663
f 123/133/664 124/134/664 126/136/664
f 121/131/665 125/135/665 124/134/665
f 126/136/666 124/134/666 125/135/666
f 127/137/667 130/140/667 131/141/667
f 132/142/668 131/141/668 130/140/668
f 133/143/669 131/141/669 132/142/669
f 134/144/670 137/147/670 138/148/670
f 139/149/671 138/148/671 137/147/671
f 140/150/672 138/148/672 139/149/672
f 141/151/673 144/154/673 145/155/673
f 146/156/674 145/155/674 144/154/674
f 147/157/675 145/155/675 146/156/675
f 148/158/676 151/161/676 152/162/676
f 153/163/677 152/162/677 151/161/677
f 154/164/678 152/162/678 153/163/678
f 155/165/679 158/168/679 159/169/679
f 160/170/680 159/169/680 158/168/680
f 161/171/681 159/169/681 160/170/681
f 162/172/682 165/175/682 166/176/682
f 167/177/683 166/176/683 165/175/683
f 168/178/684 166/176/684 167/177/684
f 169/179/685 172/182/685 173/183/685
f 174/184/686 173/183/686 172/182/686
f 175/185/687 173/183/687 174/184/687
f 176/186/688 179/189/688 180/190/688
f 181/191/689 180/190/689 179/189/689
f 182/192/690 180/190/690 181/191/690
f 186/196/691 187/197/691 189/199/691
f 184/194/692 188/198/692 187/197/692
f 189/199/693 187/197/693 188/198/693
f 190/200/694 193/203/694 194/204/694
f 195/205/695 194/204/695 193/203/695
f 196/206/696 194/204/696 195/205/696
f 197/207/697 200/210/697 201/211/697
f 202/212/698 201/211/698 200/210/698
f 203/213/699 201/211/699 202/212/699
f 204/214/700 207/217/700 208/218/700
f 209/219/701 208/218/701 207/217/701
f 210/220/702 208/218/702 209/219/702
f 211/221/703 214/224/703 215/225/703
f 216/226/704 215/225/704 214/224/704
f 217/227/705 215/225/705 216/226/705
f 218/228/706 221/231/706 222/232/706
f 223/233/707 222/232/707 221/231/707
f 224/234/708 222/232/708 223/233/708
f 225/235/709 228/238/709 229/239/709
f 230/240/710 229/239/710 228/238/710
f 231/241/711 229/239/711 230/240/711
f 232/242/712 235/245/712 236/246/712
f 237/247/713 236/246/713 235/245/713
f 238/248/714 236/246/714 237/247/714
f 239/249/715 242/252/715 243/253/715
f 244/254/716 243/253/716 242/252/716
f 245/255/717 243/253/717 244/254/717
f 249/259/718 250/260/718 252/262/718
f 251/261/719 250/260/719 249/259/719
f 248/258/720 252/262/720 250/260/720
f 253/263/721 256/266/721 257/267/721
f 258/268/722 257/267/722 256/266/722
f 259/269/723 257/267/723 258/268/723
f 260/270/724 263/273/724 264/274/724
f 265/275/725 264/274/725 263/273/725
f 266/276/726 264/274/726 265/275/726
f 267/277/727 270/280/727 271/281/727
f 272/282/728 271/281/728 270/280/728
f 273/283/729 271/281/729 272/282/729
f 274/284/730 277/287/730 278/288/730
f 279/289/731 278/288/731 277/287/731
f 280/290/732 278/288/732 279/289/732
f 281/291/733 284/294/733 285/295/733
f 286/296/734 285/295/734 284/294/734
f 287/297/735 285/295/735 286/296/735
f 288/298/736 291/301/736 292/302/736
f 293/303/737 292/302/737 291/301/737
f 294/304/738 292/302/738 293/303/738
f 295/305/739 298/308/739 299/309/739
f 300/310/740 299/309/740 298/308/740
f 301/311/741 299/309/741 300/310/741
f 302/312/742 305/315/742 306/316/742
f 307/317/743 306/316/743 305/315/743
f 308/318/744 306/316/744 307/317/744
f 309/319/745 312/322/745 313/323/745
f 314/324/746 313/323/746 312/322/746
f 315/325/747 313/323/747 314/324/747
f 316/326/748 319/329/748 320/330/748
f 321/331/749 320/330/749 319/329/749
f 322/332/750 320/330/750 321/331/750
f 323/333/751 326/336/751 327/337/751
f 328/338/752 327/337/752 326/336/752
f 329/339/753 327/337/753 328/338/753
f 330/340/754 333/343/754 334/344/754
f 335/345/755 334/344/755 333/343/755
f 336/346/756 334/344/756 335/345/756
f 337/347/757 340/350/757 341/351/757
f 342/352/758 341/351/758 340/350/758
f 343/353/759 341/351/759 342/352/759
f 344/354/760 347/357/760 348/358/760
f 349/359/761 348/358/761 347/357/761
f 350/360/762 348/358/762 349/359/762
f 351/361/763 354/364/763 355/365/763
f 356/366/764 355/365/764 354/364/764
f 357/367/765 355/365/765 356/366/765
f 358/368/766 361/371/766 362/372/766
f 363/373/767 362/372/767 361/371/767
f 364/374/768 362/372/768 363/373/768
f 365/375/769 368/378/769 369/379/769
f 370/380/770 369/379/770 368/378/770
f 371/381/771 369/379/771 370/380/771
f 372/382/772 375/385/772 376/386/772
f 377/387/773 376/386/773 375/385/773
f 378/388/774 376/386/774 377/387/774
f 379/389/775 382/392/775 383/393/775
f 384/394/776 383/393/776 382/392/776
f 385/395/777 383/393/777 384/394/777
f 389/399/778 390/400/778 392/402/778
f 391/401/779 390/400/779 389/399/779
f 388/398/780 392/402/780 390/400/780
f 393/403/781 396/406/781 397/407/781
f 398/408/782 397/407/782 396/406/782
f 399/409/783 397/407/783 398/408/783
f 400/410/784 403/413/784 404/414/784
f 405/415/785 404/414/785 403/413/785
f 406/416/786 404/414/786 405/415/786
f 407/417/787 410/420/787 411/421/787
f 412/422/788 411/421/788 410/420/788
f 413/423/789 411/421/789 412/422/789
f 414/424/790 417/427/790 418/428/790
f 419/429/791 418/428/791 417/427/791
f 420/430/792 418/428/792 419/429/792
f 421/431/793 424/434/793 425/435/793
f 426/436/794 425/435/794 424/434/794
f 427/437/795 425/435/795 426/436/795
f 428/438/796 431/441/796 432/442/796
f 433/443/797 432/442/797 431/441/797
f 434/444/798 432/442/798 433/443/798
f 435/445/799 438/448/799 439/449/799
f 440/450/800 439/449/800 438/448/800
f 441/451/801 439/449/801 440/450/801
f 442/452/802 445/455/802 446/456/802
f 447/457/803 446/456/803 445/455/803
f 448/458/804 446/456/804 447/457/804
f 452/462/805 453/463/805 455/465/805
f 454/464/806 453/463/806 452/462/806
f 451/461/807 455/465/807 453/463/807
f 456/466/808 459/469/808 460/470/808
f 461/471/809 460/470/809 459/469/809
f 462/472/810 460/470/810 461/471/810
f 463/473/811 466/476/811 467/477/811
f 468/478/812 467/477/812 466/476/812
f 469/479/813 467/477/813 468/478/813
f 470/480/814 473/483/814 474/484/814
f 475/485/815 474/484/815 473/483/815
f 476/486/816 474/484/816 475/485/816
f 477/487/817 480/490/817 481/491/817
f 482/492/818 481/491/818 480/490/818
f 483/493/819 481/491/819 482/492/819
f 484/494/820 487/497/820 488/498/820
f 489/499/821 488/498/821 487/497/821
f 490/500/822 488/498/822 489/499/822
f 491/501/823 494/504/823 495/505/823
f 496/506/824 495/505/824 494/504/824
f 497/507/825 495/505/825 496/506/825
f 501/511/826 502/512/826 504/514/826
f 499/509/827 503/513/827 502/512/827
f 504/514/828 502/512/828 503/513/828
f 8/8/254 253/263/254 259/269/254
f 11/11/255 259/269/255 255/265/255
f 10/10/256 13/13/256 126/136/256
f 13/13/257 9/9/257 120/130/257
f 15/15/258 8/8/258 14/14/258
f 18/18/259 14/14/259 10/10/259
f 113/123/260 119/129/260 125/135/260
f 119/129/261 115/125/261 122/132/261
f 17/17/262 20/20/262 118/128/262
f 20/20/263 16/16/263 115/125/263
f 22/22/264 15/15/264 21/21/264
f 25/25/265 21/21/265 17/17/265
f 106/115/266 112/122/266 116/126/266
f 112/122/267 108/117/267 114/124/267
f 24/24/268 27/27/268 111/121/268
f 27/27/269 23/23/269 108/117/269
f 29/29/270 22/22/270 28/28/270
f 32/32/271 28/28/271 24/24/271
f 99/104/272 105/113/272 109/119/272
f 105/114/273 101/106/273 107/116/273
f 31/31/274 34/36/274 104/112/274
f 34/37/275 30/30/275 101/106/275
f 36/40/276 29/29/276 35/38/276
f 39/44/277 35/39/277 31/31/277
f 92/97/829 98/103/829 102/107/829
f 98/103/279 94/99/279 100/105/279
f 38/42/280 41/46/280 97/102/280
f 41/46/281 37/41/281 94/99/281
f 43/48/282 36/40/282 42/47/282
f 46/51/283 42/47/283 38/42/283
f 85/90/284 91/96/284 95/100/284
f 91/96/285 87/92/285 93/98/285
f 45/50/286 48/53/286 90/95/286
f 48/53/287 44/49/287 87/92/287
f 50/55/288 43/48/288 49/54/288
f 53/58/289 49/54/289 45/50/289
f 78/83/290 84/89/290 88/93/290
f 84/89/291 80/85/291 86/91/291
f 52/57/292 55/60/292 83/88/292
f 55/60/293 51/56/293 80/85/293
f 57/62/294 50/55/294 56/61/294
f 60/65/295 56/61/295 52/57/295
f 71/76/296 77/82/296 81/86/296
f 77/82/297 73/78/297 79/84/297
f 59/64/298 62/67/298 76/81/298
f 62/67/299 58/63/299 73/78/299
f 1/1/830 57/62/830 63/68/830
f 4/4/301 63/68/301 59/64/301
f 64/69/302 70/75/302 74/79/302
f 70/75/831 66/71/831 72/77/831
f 3/3/304 6/6/304 69/74/304
f 6/6/305 2/2/305 66/71/305
f 190/200/832 184/194/832 186/196/832
f 193/203/833 186/196/833 183/193/833
f 178/188/834 386/396/834 392/402/834
f 182/192/309 392/402/309 388/398/309
f 498/508/835 185/195/835 188/198/835
f 501/511/311 188/198/311 184/194/311
f 177/187/836 192/202/836 195/205/836
f 181/191/837 195/205/837 191/201/837
f 197/207/314 190/200/314 196/206/314
f 200/210/315 196/206/315 192/202/315
f 169/179/316 175/185/316 179/189/316
f 175/185/317 171/181/317 177/187/317
f 199/209/318 202/212/318 174/184/318
f 202/212/319 198/208/319 171/181/319
f 204/214/320 197/207/320 203/213/320
f 207/217/321 203/213/321 199/209/321
f 162/172/322 168/178/322 172/182/322
f 168/178/323 164/174/323 170/180/323
f 206/216/324 209/219/324 167/177/324
f 209/219/325 205/215/325 164/174/325
f 211/221/326 204/214/326 210/220/326
f 214/224/327 210/220/327 206/216/327
f 155/165/328 161/171/328 165/175/328
f 161/171/329 157/167/329 163/173/329
f 213/223/330 216/226/330 160/170/330
f 216/226/331 212/222/331 157/167/331
f 218/228/838 211/221/838 217/227/838
f 221/231/333 217/227/333 213/223/333
f 148/158/839 154/164/839 158/168/839
f 154/164/335 150/160/335 156/166/335
f 220/230/336 223/233/336 153/163/336
f 223/233/337 219/229/337 150/160/337
f 225/235/338 218/228/338 224/234/338
f 228/238/339 224/234/339 220/230/339
f 141/151/340 147/157/340 151/161/340
f 147/157/341 143/153/341 149/159/341
f 227/237/342 230/240/342 146/156/342
f 230/240/343 226/236/343 143/153/343
f 232/242/344 225/235/344 231/241/344
f 235/245/345 231/241/345 227/237/345
f 134/144/346 140/150/346 144/154/346
f 140/150/347 136/146/347 142/152/347
f 234/244/348 237/247/348 139/149/348
f 237/247/349 233/243/349 136/146/349
f 239/249/350 232/242/350 238/248/350
f 242/252/351 238/248/351 234/244/351
f 127/137/352 133/143/352 137/147/352
f 133/143/353 129/139/353 135/145/353
f 241/251/354 244/254/354 132/142/354
f 244/254/355 240/250/355 129/139/355
f 128/138/356 130/140/356 7/7/356
f 130/140/357 127/137/357 1/1/357
f 444/454/358 246/256/358 252/262/358
f 448/458/359 252/262/359 248/258/359
f 450/460/360 452/462/360 447/457/360
f 452/462/361 449/459/361 444/454/361
f 451/461/362 454/464/362 459/469/362
f 454/464/363 450/460/363 457/467/363
f 442/452/364 435/445/364 441/451/364
f 445/455/365 441/451/365 437/447/365
f 458/468/840 461/471/840 440/450/840
f 461/471/367 457/467/367 437/447/367
f 456/466/368 462/472/368 466/476/368
f 462/472/369 458/468/369 464/474/369
f 435/445/370 428/438/370 434/444/370
f 438/448/371 434/444/371 430/440/371
f 465/475/372 468/478/372 433/443/372
f 468/478/373 464/474/373 430/440/373
f 463/473/374 469/479/374 473/483/374
f 469/479/375 465/475/375 471/481/375
f 428/438/376 421/431/376 427/437/376
f 431/441/377 427/437/377 423/433/377
f 472/482/378 475/485/378 426/436/378
f 475/485/379 471/481/379 423/433/379
f 470/480/841 476/486/841 480/490/841
f 476/486/381 472/482/381 478/488/381
f 421/431/842 414/424/842 420/430/842
f 424/434/383 420/430/383 416/426/383
f 479/489/384 482/492/384 419/429/384
f 482/492/385 478/488/385 416/426/385
f 477/487/386 483/493/386 487/497/386
f 483/493/387 479/489/387 485/495/387
f 414/424/388 407/417/388 413/423/388
f 417/427/389 413/423/389 409/419/389
f 486/496/390 489/499/390 412/422/390
f 489/499/391 485/495/391 409/419/391
f 484/494/392 490/500/392 494/504/392
f 490/500/393 486/496/393 492/502/393
f 407/417/394 400/410/394 406/416/394
f 410/420/395 406/416/395 402/412/395
f 493/503/396 496/506/396 405/415/396
f 496/506/397 492/502/397 402/412/397
f 491/501/398 497/507/398 503/513/398
f 497/507/399 493/503/399 500/510/399
f 400/410/400 393/403/400 399/409/400
f 403/413/401 399/409/401 395/405/401
f 394/404/843 498/508/843 504/514/843
f 398/408/844 504/514/844 500/510/844
f 393/403/404 388/398/404 391/401/404
f 396/406/845 391/401/845 387/397/845
f 330/340/406 316/326/406 322/332/406
f 333/343/407 322/332/407 318/328/407
f 255/265/408 258/268/408 321/331/408
f 258/268/409 254/264/409 318/328/409
f 309/319/410 315/325/410 256/266/410
f 315/325/411 311/321/411 254/264/411
f 332/342/412 335/345/412 314/324/412
f 335/345/413 331/341/413 311/321/413
f 337/347/414 330/340/414 336/346/414
f 340/350/415 336/346/415 332/342/415
f 302/312/416 308/318/416 312/322/416
f 308/318/417 304/314/417 310/320/417
f 339/349/418 342/352/418 307/317/418
f 342/352/419 338/348/419 304/314/419
f 344/354/420 337/347/420 343/353/420
f 347/357/421 343/353/421 339/349/421
f 295/305/422 301/311/422 305/315/422
f 301/311/423 297/307/423 303/313/423
f 346/356/424 349/359/424 300/310/424
f 349/359/425 345/355/425 297/307/425
f 351/361/426 344/354/426 350/360/426
f 354/364/427 350/360/427 346/356/427
f 288/298/428 294/304/428 298/308/428
f 294/304/429 290/300/429 296/306/429
f 353/363/430 356/366/430 293/303/430
f 356/366/431 352/362/431 290/300/431
f 358/368/432 351/361/432 357/367/432
f 361/371/433 357/367/433 353/363/433
f 281/291/434 287/297/434 291/301/434
f 287/297/435 283/293/435 289/299/435
f 360/370/436 363/373/436 286/296/436
f 363/373/437 359/369/437 283/293/437
f 365/375/438 358/368/438 364/374/438
f 368/378/439 364/374/439 360/370/439
f 274/284/440 280/290/440 284/294/440
f 280/290/441 276/286/441 282/292/441
f 367/377/442 370/380/442 279/289/442
f 370/380/443 366/376/443 276/286/443
f 372/382/444 365/375/444 371/381/444
f 375/385/445 371/381/445 367/377/445
f 267/277/446 273/283/446 277/287/446
f 273/283/447 269/279/447 275/285/447
f 374/384/448 377/387/448 272/282/448
f 377/387/846 373/383/846 269/279/846
f 379/389/450 372/382/450 378/388/450
f 382/392/451 378/388/451 374/384/451
f 260/270/452 266/276/452 270/280/452
f 266/276/847 262/272/847 268/278/847
f 381/391/848 384/394/848 265/275/848
f 384/394/455 380/390/455 262/272/455
f 323/333/849 379/389/849 385/395/849
f 326/336/850 385/395/850 381/391/850
f 248/258/458 251/261/458 263/273/458
f 251/261/459 247/257/459 261/271/459
f 64/69/851 239/249/851 245/255/851
f 67/72/461 245/255/461 241/251/461
f 387/397/852 389/399/852 189/199/852
f 389/399/853 386/396/853 183/193/853
f 247/257/464 249/259/464 328/338/464
f 249/259/465 246/256/465 325/335/465
f 317/327/466 319/329/466 123/133/466
f 319/329/467 316/326/467 121/131/467
f 323/333/854 329/339/854 455/465/854
f 329/339/469 325/335/469 449/459/469
f 253/263/470 8/8/470 15/15/470
f 15/15/470 22/22/470 29/29/470
f 29/29/470 36/40/470 43/48/470
f 43/48/470 50/55/470 57/62/470
f 57/62/470 1/1/470 127/137/470
f 127/137/470 134/144/470 141/151/470
f 141/151/470 148/158/470 155/165/470
f 155/165/470 162/172/470 169/179/470
f 169/179/470 176/186/470 388/398/470
f 388/398/470 393/403/470 400/410/470
f 400/410/470 407/417/470 414/424/470
f 414/424/470 421/431/470 428/438/470
f 428/438/470 435/445/470 442/452/470
f 442/452/470 248/258/470 260/270/470
f 260/270/470 267/277/470 274/284/470
f 274/284/470 281/291/470 288/298/470
f 288/298/470 295/305/470 302/312/470
f 302/312/470 309/319/470 253/263/470
f 253/263/470 15/15/470 29/29/470
f 29/29/470 43/48/470 57/62/470
f 57/62/470 127/137/470 141/151/470
f 141/151/470 155/165/470 169/179/470
f 169/179/470 388/398/470 400/410/470
f 400/410/470 414/424/470 428/438/470
f 428/438/470 442/452/470 260/270/470
f 260/270/470 274/284/470 288/298/470
f 288/298/470 302/312/470 253/263/470
f 253/263/470 29/29/470 57/62/470
f 57/62/470 141/151/470 169/179/470
f 169/179/470 400/410/470 428/438/470
f 428/438/470 260/270/470 288/298/470
f 288/298/470 253/263/470 57/62/470
f 57/62/470 169/179/470 428/438/470
f 545/597/471 552/605/471 609/666/471
f 606/661/472 612/670/472 509/525/472
f 596/651/473 593/648/473 617/675/473
f 593/648/474 590/645/474 620/678/474
f 609/665/475 552/606/475 602/657/475
f 620/678/476 590/645/476 587/642/476
f 612/670/477 615/673/477 511/529/477
f 587/642/478 584/639/478 626/684/478
f 615/673/479 618/676/479 513/533/479
f 626/684/480 584/639/480 581/636/480
f 513/533/481 618/676/481 621/679/481
f 581/636/482 578/633/482 632/690/482
f 621/679/483 624/682/483 517/541/483
f 578/633/484 575/630/484 635/693/484
f 624/682/485 627/685/485 519/545/485
f 635/693/486 575/630/486 572/627/486
f 627/685/487 630/688/487 521/549/487
f 572/627/488 569/624/488 641/699/488
f 630/688/489 633/691/489 523/553/489
f 641/699/490 569/624/490 566/621/490
f 523/553/491 633/691/491 636/694/491
f 566/621/492 563/618/492 647/705/492
f 636/694/493 639/697/493 527/561/493
f 563/618/494 560/615/494 650/708/494
f 639/697/495 642/700/495 529/565/495
f 650/708/496 560/615/496 557/612/496
f 642/700/497 645/703/497 531/569/497
f 557/612/498 554/609/498 656/714/498
f 645/703/499 648/706/499 533/573/499
f 656/714/500 554/609/500 548/600/500
f 533/573/501 648/706/501 651/709/501
f 659/717/502 548/600/502 545/597/502
f 651/709/503 654/712/503 537/581/503
f 506/518/504 508/524/504 603/658/504
f 510/527/9 508/523/9 506/519/9
f 506/519/9 544/595/9 542/591/9
f 542/591/9 540/587/9 538/583/9
f 538/583/9 536/579/9 534/575/9
f 534/575/9 532/571/9 530/567/9
f 530/567/9 528/563/9 526/559/9
f 526/559/9 524/555/9 522/551/9
f 522/551/9 520/547/9 518/543/9
f 518/543/9 516/539/9 514/535/9
f 514/535/9 512/531/9 510/527/9
f 510/527/9 506/519/9 542/591/9
f 542/591/9 538/583/9 534/575/9
f 534/575/9 530/567/9 526/559/9
f 526/559/9 522/551/9 518/543/9
f 518/543/9 514/535/9 510/527/9
f 510/527/9 542/591/9 534/575/9
f 534/575/9 526/559/9 518/543/9
f 611/669/505 599/654/505 596/651/505
f 657/715/506 660/718/506 541/589/506
f 602/657/507 599/654/507 611/669/507
f 543/594/508 663/721/508 608/663/508
f 543/593/470 505/517/470 507/521/470
f 507/521/470 509/526/470 511/530/470
f 511/530/470 513/534/470 515/538/470
f 515/538/470 517/542/470 519/546/470
f 519/546/470 521/550/470 523/554/470
f 523/554/470 525/558/470 527/562/470
f 527/562/470 529/566/470 531/570/470
f 531/570/470 533/574/470 535/578/470
f 535/578/470 537/582/470 539/585/470
f 539/585/470 541/590/470 543/593/470
f 543/593/470 507/521/470 511/530/470
f 511/530/470 515/538/470 519/546/470
f 519/546/470 523/554/470 527/562/470
f 527/562/470 531/570/470 535/578/470
f 535/578/470 539/585/470 543/593/470
f 543/593/470 511/530/470 519/546/470
f 519/546/470 527/562/470 535/578/470
f 542/592/509 544/596/509 546/598/509
f 544/596/510 506/520/510 551/604/510
f 540/588/511 542/592/511 549/601/511
f 538/584/512 540/588/512 555/610/512
f 536/580/513 538/584/513 558/613/513
f 534/576/514 536/580/514 561/616/514
f 532/572/515 534/576/515 564/619/515
f 530/568/516 532/572/516 567/622/516
f 528/564/517 530/568/517 570/625/517
f 526/560/518 528/564/518 573/628/518
f 524/556/519 526/560/519 576/631/519
f 522/552/520 524/556/520 579/634/520
f 520/548/521 522/552/521 582/637/521
f 518/544/522 520/548/522 585/640/522
f 516/540/523 518/544/523 588/643/523
f 514/536/524 516/540/524 591/646/524
f 512/532/525 514/536/525 594/649/525
f 510/528/526 512/532/526 597/652/526
f 508/524/527 510/528/527 600/655/527
f 654/712/528 657/715/528 539/586/528
f 551/604/529 553/607/529 547/599/529
f 553/607/530 552/605/530 545/597/530
f 546/598/531 547/599/531 550/602/531
f 547/599/532 545/597/532 548/600/532
f 549/601/533 550/602/533 556/611/533
f 550/602/534 548/600/534 554/609/534
f 558/613/535 555/610/535 556/611/535
f 559/614/536 556/611/536 554/609/536
f 558/613/537 559/614/537 562/617/537
f 559/614/538 557/612/538 560/615/538
f 561/616/539 562/617/539 565/620/539
f 562/617/540 560/615/540 563/618/540
f 564/619/541 565/620/541 568/623/541
f 565/620/542 563/618/542 566/621/542
f 567/622/543 568/623/543 571/626/543
f 568/623/544 566/621/544 569/624/544
f 573/628/545 570/625/545 571/626/545
f 574/629/546 571/626/546 569/624/546
f 573/628/547 574/629/547 577/632/547
f 574/629/548 572/627/548 575/630/548
f 576/631/549 577/632/549 580/635/549
f 577/632/550 575/630/550 578/633/550
f 579/634/551 580/635/551 583/638/551
f 580/635/552 578/633/552 581/636/552
f 582/637/553 583/638/553 586/641/553
f 583/638/554 581/636/554 584/639/554
f 588/643/555 585/640/555 586/641/555
f 589/644/556 586/641/556 584/639/556
f 588/643/557 589/644/557 592/647/557
f 589/644/558 587/642/558 590/645/558
f 591/646/559 592/647/559 595/650/559
f 592/647/560 590/645/560 593/648/560
f 594/649/561 595/650/561 598/653/561
f 595/650/562 593/648/562 596/651/562
f 597/652/563 598/653/563 601/656/563
f 598/653/564 596/651/564 599/654/564
f 603/658/565 600/655/565 601/656/565
f 604/659/566 601/656/566 599/654/566
f 603/658/567 604/659/567 553/608/567
f 604/659/568 602/657/568 552/606/568
f 660/718/569 663/721/569 543/594/569
f 605/660/570 607/662/570 610/667/570
f 607/662/571 606/661/571 608/664/571
f 611/669/572 613/671/572 607/662/572
f 613/671/573 612/670/573 606/661/573
f 614/672/574 616/674/574 613/671/574
f 616/674/575 615/673/575 612/670/575
f 617/675/576 619/677/576 616/674/576
f 619/677/577 618/676/577 615/673/577
f 620/678/578 622/680/578 619/677/578
f 622/680/579 621/679/579 618/676/579
f 623/681/580 625/683/580 622/680/580
f 625/683/581 624/682/581 621/679/581
f 626/684/582 628/686/582 625/683/582
f 628/686/583 627/685/583 624/682/583
f 629/687/584 631/689/584 628/686/584
f 631/689/585 630/688/585 627/685/585
f 632/690/586 634/692/586 631/689/586
f 634/692/587 633/691/587 630/688/587
f 635/693/588 637/695/588 634/692/588
f 637/695/589 636/694/589 633/691/589
f 638/696/590 640/698/590 637/695/590
f 640/698/591 639/697/591 636/694/591
f 641/699/592 643/701/592 640/698/592
f 643/701/593 642/700/593 639/697/593
f 644/702/594 646/704/594 643/701/594
f 646/704/595 645/703/595 642/700/595
f 647/705/596 649/707/596 646/704/596
f 649/707/597 648/706/597 645/703/597
f 650/708/598 652/710/598 649/707/598
f 652/710/599 651/709/599 648/706/599
f 653/711/600 655/713/600 652/710/600
f 655/713/601 654/712/601 651/709/601
f 656/714/602 658/716/602 655/713/602
f 658/716/603 657/715/603 654/712/603
f 659/717/604 661/719/604 658/716/604
f 661/719/605 660/718/605 657/715/605
f 662/720/606 664/722/606 661/719/606
f 664/722/607 663/721/607 660/718/607
f 609/666/608 610/668/608 664/722/608
f 610/668/609 608/663/609 663/721/609
f 608/664/610 606/661/610 507/522/610
