# Blender 3.4.1
# www.blender.org
mtllib table_circle_80.mtl
g Сфера_Меш
v -0.388528 0.731393 -0.000076
v -0.398730 0.745316 0.011028
v -0.398728 0.745316 -0.011182
v -0.395925 0.735471 0.005678
v -0.397402 0.737277 -0.000077
v -0.399131 0.745316 -0.000077
v -0.395924 0.735471 -0.005830
v -0.067404 0.731393 0.383247
v -0.058258 0.745316 0.395240
v -0.080095 0.745316 0.391382
v -0.063033 0.735471 0.391544
v -0.068946 0.737277 0.392001
v -0.069246 0.745316 0.393707
v -0.074346 0.735471 0.389544
v -0.132835 0.731393 0.365686
v -0.125906 0.745316 0.379087
v -0.146743 0.745316 0.371490
v -0.129967 0.735471 0.374617
v -0.135870 0.737277 0.374039
v -0.136462 0.745316 0.375667
v -0.140763 0.735471 0.370681
v -0.194227 0.731393 0.337012
v -0.189726 0.745316 0.351414
v -0.208929 0.745316 0.340309
v -0.192950 0.735471 0.346306
v -0.198664 0.737277 0.344710
v -0.199528 0.745316 0.346210
v -0.202900 0.735471 0.340552
v -0.249714 0.731393 0.298096
v -0.247779 0.745316 0.313062
v -0.264765 0.745316 0.298786
v -0.250069 0.735471 0.307470
v -0.255419 0.737277 0.304905
v -0.256530 0.745316 0.306232
v -0.258870 0.735471 0.300073
v -0.297612 0.731393 0.250120
v -0.298301 0.745316 0.265195
v -0.312554 0.745316 0.248181
v -0.299586 0.735471 0.259290
v -0.304410 0.737277 0.255834
v -0.305735 0.745316 0.256947
v -0.306971 0.735471 0.250475
v -0.336465 0.731393 0.194542
v -0.339757 0.745316 0.209268
v -0.350844 0.745316 0.190034
v -0.339999 0.735471 0.203229
v -0.344151 0.737277 0.198986
v -0.345648 0.745316 0.199852
v -0.345744 0.735471 0.193263
v -0.365093 0.731393 0.133050
v -0.370887 0.745316 0.146980
v -0.378471 0.745316 0.126110
v -0.370079 0.735471 0.140991
v -0.373432 0.737277 0.136090
v -0.375057 0.745316 0.136683
v -0.374008 0.735471 0.130177
v -0.382624 0.731393 0.067513
v -0.390746 0.745316 0.080224
v -0.394597 0.745316 0.058352
v -0.388912 0.735471 0.074466
v -0.391364 0.737277 0.069057
v -0.393067 0.745316 0.069358
v -0.390907 0.735471 0.063134
v -0.388528 0.802387 -0.000076
v -0.398728 0.788464 -0.011182
v -0.398730 0.788464 0.011028
v -0.395924 0.798309 -0.005830
v -0.397402 0.796503 -0.000077
v -0.399131 0.788464 -0.000077
v -0.395925 0.798309 0.005678
v -0.382624 0.802387 0.067513
v -0.394597 0.788464 0.058352
v -0.390746 0.788464 0.080224
v -0.390907 0.798309 0.063134
v -0.391364 0.796503 0.069057
v -0.393067 0.788464 0.069358
v -0.388912 0.798309 0.074466
v -0.365093 0.802387 0.133050
v -0.378471 0.788464 0.126110
v -0.370887 0.788464 0.146980
v -0.374008 0.798309 0.130177
v -0.373432 0.796503 0.136090
v -0.375057 0.788464 0.136683
v -0.370079 0.798309 0.140991
v -0.336465 0.802387 0.194542
v -0.350844 0.788464 0.190034
v -0.339757 0.788464 0.209268
v -0.345744 0.798309 0.193263
v -0.344151 0.796503 0.198986
v -0.345648 0.788464 0.199852
v -0.339999 0.798309 0.203229
v -0.297612 0.802387 0.250120
v -0.312554 0.788464 0.248181
v -0.298301 0.788464 0.265195
v -0.306971 0.798309 0.250475
v -0.304410 0.796503 0.255834
v -0.305735 0.788464 0.256947
v -0.299586 0.798309 0.259290
v -0.249714 0.802387 0.298096
v -0.264765 0.788464 0.298786
v -0.247779 0.788464 0.313062
v -0.258870 0.798309 0.300073
v -0.255419 0.796503 0.304905
v -0.256530 0.788464 0.306232
v -0.250069 0.798309 0.307470
v -0.194227 0.802387 0.337012
v -0.208929 0.788464 0.340309
v -0.189726 0.788464 0.351414
v -0.202900 0.798309 0.340552
v -0.198664 0.796503 0.344710
v -0.199528 0.788464 0.346210
v -0.192950 0.798309 0.346306
v -0.132835 0.802387 0.365686
v -0.146743 0.788464 0.371490
v -0.125906 0.788464 0.379087
v -0.140763 0.798309 0.370681
v -0.135870 0.796503 0.374039
v -0.136462 0.788464 0.375667
v -0.129967 0.798309 0.374617
v -0.058258 0.788464 0.395240
v -0.067404 0.802387 0.383247
v -0.080095 0.788464 0.391382
v -0.063033 0.798309 0.391544
v -0.068946 0.796503 0.392001
v -0.074346 0.798309 0.389544
v -0.069246 0.788464 0.393707
v -0.382625 0.731393 -0.067515
v -0.394599 0.745316 -0.058354
v -0.390746 0.745316 -0.080226
v -0.390908 0.735471 -0.063136
v -0.391365 0.737277 -0.069059
v -0.393068 0.745316 -0.069360
v -0.388912 0.735471 -0.074468
v -0.365093 0.731393 -0.133052
v -0.378471 0.745316 -0.126112
v -0.370887 0.745316 -0.146982
v -0.374008 0.735471 -0.130179
v -0.373432 0.737277 -0.136092
v -0.375057 0.745316 -0.136685
v -0.370079 0.735471 -0.140993
v -0.336465 0.731393 -0.194544
v -0.350844 0.745316 -0.190036
v -0.339757 0.745316 -0.209270
v -0.345744 0.735471 -0.193265
v -0.344151 0.737277 -0.198988
v -0.345648 0.745316 -0.199854
v -0.339999 0.735471 -0.203231
v -0.297612 0.731393 -0.250122
v -0.312554 0.745316 -0.248183
v -0.298301 0.745316 -0.265197
v -0.306971 0.735471 -0.250477
v -0.304410 0.737277 -0.255836
v -0.305735 0.745316 -0.256949
v -0.299586 0.735471 -0.259292
v -0.249714 0.731393 -0.298098
v -0.264765 0.745316 -0.298788
v -0.247779 0.745316 -0.313064
v -0.258870 0.735471 -0.300075
v -0.255419 0.737277 -0.304907
v -0.256530 0.745316 -0.306234
v -0.250069 0.735471 -0.307472
v -0.194227 0.731393 -0.337014
v -0.208929 0.745316 -0.340311
v -0.189726 0.745316 -0.351416
v -0.202900 0.735471 -0.340554
v -0.198664 0.737277 -0.344712
v -0.199528 0.745316 -0.346212
v -0.192950 0.735471 -0.346308
v -0.132835 0.731393 -0.365688
v -0.146743 0.745316 -0.371492
v -0.125906 0.745316 -0.379089
v -0.140763 0.735471 -0.370683
v -0.135870 0.737277 -0.374041
v -0.136462 0.745316 -0.375669
v -0.129967 0.735471 -0.374619
v -0.067404 0.731393 -0.383249
v -0.080095 0.745316 -0.391384
v -0.058258 0.745316 -0.395243
v -0.074346 0.735471 -0.389546
v -0.068946 0.737277 -0.392003
v -0.069246 0.745316 -0.393709
v -0.063033 0.735471 -0.391546
v -0.011042 0.788464 -0.399381
v 0.000074 0.802387 -0.389162
v 0.011132 0.788464 -0.399379
v -0.005685 0.798309 -0.396571
v 0.000060 0.796503 -0.398051
v 0.005805 0.798309 -0.396571
v 0.000045 0.788464 -0.399782
v -0.067405 0.802387 -0.383249
v -0.058258 0.788464 -0.395240
v -0.080095 0.788464 -0.391384
v -0.063032 0.798309 -0.391544
v -0.068946 0.796503 -0.392003
v -0.069246 0.788464 -0.393708
v -0.074347 0.798309 -0.389546
v -0.132835 0.802387 -0.365688
v -0.125906 0.788464 -0.379089
v -0.146743 0.788464 -0.371492
v -0.129967 0.798309 -0.374619
v -0.135870 0.796503 -0.374041
v -0.136462 0.788464 -0.375669
v -0.140763 0.798309 -0.370683
v -0.194227 0.802387 -0.337014
v -0.189726 0.788464 -0.351416
v -0.208929 0.788464 -0.340311
v -0.192950 0.798309 -0.346308
v -0.198664 0.796503 -0.344712
v -0.199528 0.788464 -0.346212
v -0.202900 0.798309 -0.340554
v -0.249714 0.802387 -0.298098
v -0.247779 0.788464 -0.313064
v -0.264765 0.788464 -0.298788
v -0.250069 0.798309 -0.307472
v -0.255419 0.796503 -0.304907
v -0.256530 0.788464 -0.306234
v -0.258870 0.798309 -0.300075
v -0.297612 0.802387 -0.250122
v -0.298301 0.788464 -0.265197
v -0.312554 0.788464 -0.248183
v -0.299586 0.798309 -0.259292
v -0.304410 0.796503 -0.255836
v -0.305735 0.788464 -0.256949
v -0.306971 0.798309 -0.250477
v -0.336465 0.802387 -0.194544
v -0.339757 0.788464 -0.209270
v -0.350844 0.788464 -0.190036
v -0.339999 0.798309 -0.203231
v -0.344151 0.796503 -0.198988
v -0.345648 0.788464 -0.199854
v -0.345744 0.798309 -0.193265
v -0.365093 0.802387 -0.133052
v -0.370887 0.788464 -0.146982
v -0.378471 0.788464 -0.126112
v -0.370079 0.798309 -0.140993
v -0.373432 0.796503 -0.136092
v -0.375057 0.788464 -0.136685
v -0.374008 0.798309 -0.130179
v -0.382625 0.802387 -0.067515
v -0.390746 0.788464 -0.080226
v -0.394599 0.788464 -0.058354
v -0.388912 0.798309 -0.074468
v -0.391365 0.796503 -0.069059
v -0.393068 0.788464 -0.069360
v -0.390908 0.798309 -0.063136
v 0.398727 0.745316 -0.011182
v 0.398729 0.745316 0.011028
v 0.388527 0.731393 -0.000076
v 0.399130 0.745316 -0.000077
v 0.397401 0.737277 -0.000077
v 0.395924 0.735471 0.005678
v 0.395923 0.735471 -0.005830
v -0.000075 0.731393 0.389160
v 0.011011 0.745316 0.399379
v -0.011163 0.745316 0.399377
v 0.005669 0.735471 0.396569
v -0.000076 0.737277 0.398048
v -0.000076 0.745316 0.399780
v -0.005820 0.735471 0.396568
v 0.382623 0.731393 0.067513
v 0.394595 0.745316 0.058352
v 0.390745 0.745316 0.080224
v 0.390906 0.735471 0.063134
v 0.391363 0.737277 0.069057
v 0.393066 0.745316 0.069358
v 0.388911 0.735471 0.074466
v 0.365091 0.731393 0.133050
v 0.378470 0.745316 0.126110
v 0.370886 0.745316 0.146980
v 0.374007 0.735471 0.130177
v 0.373431 0.737277 0.136090
v 0.375056 0.745316 0.136683
v 0.370078 0.735471 0.140991
v 0.336464 0.731393 0.194542
v 0.350843 0.745316 0.190034
v 0.339756 0.745316 0.209268
v 0.345742 0.735471 0.193263
v 0.344149 0.737277 0.198986
v 0.345647 0.745316 0.199852
v 0.339998 0.735471 0.203229
v 0.297611 0.731393 0.250120
v 0.312553 0.745316 0.248181
v 0.298300 0.745316 0.265195
v 0.306970 0.735471 0.250475
v 0.304409 0.737277 0.255834
v 0.305734 0.745316 0.256947
v 0.299585 0.735471 0.259290
v 0.249713 0.731393 0.298096
v 0.264764 0.745316 0.298786
v 0.247778 0.745316 0.313062
v 0.258868 0.735471 0.300073
v 0.255418 0.737277 0.304905
v 0.256529 0.745316 0.306232
v 0.250067 0.735471 0.307470
v 0.194225 0.731393 0.337012
v 0.208928 0.745316 0.340309
v 0.189725 0.745316 0.351414
v 0.202899 0.735471 0.340552
v 0.198663 0.737277 0.344710
v 0.199527 0.745316 0.346210
v 0.192949 0.735471 0.346306
v 0.132834 0.731393 0.365686
v 0.146742 0.745316 0.371490
v 0.125905 0.745316 0.379087
v 0.140762 0.735471 0.370681
v 0.135869 0.737277 0.374039
v 0.136461 0.745316 0.375667
v 0.129966 0.735471 0.374617
v 0.067404 0.731393 0.383247
v 0.080094 0.745316 0.391382
v 0.058257 0.745316 0.395238
v 0.074346 0.735471 0.389544
v 0.068945 0.737277 0.392001
v 0.069245 0.745316 0.393706
v 0.063031 0.735471 0.391542
v -0.000075 0.802387 0.389160
v -0.011163 0.788464 0.399377
v 0.011011 0.788464 0.399379
v -0.005820 0.798309 0.396568
v -0.000076 0.796503 0.398048
v -0.000076 0.788464 0.399780
v 0.005669 0.798309 0.396569
v 0.388527 0.802387 -0.000076
v 0.398729 0.788464 0.011028
v 0.398727 0.788464 -0.011182
v 0.395924 0.798309 0.005678
v 0.397401 0.796503 -0.000077
v 0.399130 0.788464 -0.000077
v 0.395923 0.798309 -0.005830
v 0.067404 0.802387 0.383247
v 0.058257 0.788464 0.395238
v 0.080094 0.788464 0.391382
v 0.063031 0.798309 0.391542
v 0.068945 0.796503 0.392001
v 0.069245 0.788464 0.393706
v 0.074346 0.798309 0.389544
v 0.132834 0.802387 0.365686
v 0.125905 0.788464 0.379087
v 0.146742 0.788464 0.371490
v 0.129966 0.798309 0.374617
v 0.135869 0.796503 0.374039
v 0.136461 0.788464 0.375667
v 0.140762 0.798309 0.370681
v 0.194225 0.802387 0.337012
v 0.189725 0.788464 0.351414
v 0.208928 0.788464 0.340309
v 0.192949 0.798309 0.346306
v 0.198663 0.796503 0.344710
v 0.199527 0.788464 0.346210
v 0.202899 0.798309 0.340552
v 0.249713 0.802387 0.298096
v 0.247778 0.788464 0.313062
v 0.264764 0.788464 0.298786
v 0.250067 0.798309 0.307470
v 0.255418 0.796503 0.304905
v 0.256529 0.788464 0.306232
v 0.258869 0.798309 0.300073
v 0.297611 0.802387 0.250120
v 0.298300 0.788464 0.265195
v 0.312553 0.788464 0.248181
v 0.299585 0.798309 0.259290
v 0.304409 0.796503 0.255834
v 0.305734 0.788464 0.256947
v 0.306970 0.798309 0.250475
v 0.336464 0.802387 0.194542
v 0.339756 0.788464 0.209268
v 0.350843 0.788464 0.190034
v 0.339998 0.798309 0.203229
v 0.344149 0.796503 0.198986
v 0.345647 0.788464 0.199852
v 0.345742 0.798309 0.193263
v 0.365091 0.802387 0.133050
v 0.370886 0.788464 0.146980
v 0.378470 0.788464 0.126110
v 0.370078 0.798309 0.140991
v 0.373431 0.796503 0.136090
v 0.375056 0.788464 0.136683
v 0.374007 0.798309 0.130177
v 0.382623 0.802387 0.067513
v 0.390745 0.788464 0.080224
v 0.394595 0.788464 0.058352
v 0.388911 0.798309 0.074466
v 0.391363 0.796503 0.069057
v 0.393066 0.788464 0.069358
v 0.390906 0.798309 0.063134
v -0.011133 0.745316 -0.399379
v 0.011041 0.745316 -0.399381
v -0.000075 0.731393 -0.389162
v -0.000046 0.745316 -0.399782
v -0.000061 0.737277 -0.398051
v 0.005684 0.735471 -0.396571
v -0.005806 0.735471 -0.396571
v 0.067404 0.731393 -0.383249
v 0.058257 0.745316 -0.395240
v 0.080094 0.745316 -0.391384
v 0.063031 0.735471 -0.391544
v 0.068945 0.737277 -0.392003
v 0.069245 0.745316 -0.393708
v 0.074346 0.735471 -0.389546
v 0.132834 0.731393 -0.365688
v 0.125905 0.745316 -0.379089
v 0.146742 0.745316 -0.371492
v 0.129966 0.735471 -0.374619
v 0.135869 0.737277 -0.374041
v 0.136461 0.745316 -0.375669
v 0.140762 0.735471 -0.370683
v 0.194225 0.731393 -0.337014
v 0.189725 0.745316 -0.351416
v 0.208928 0.745316 -0.340311
v 0.192949 0.735471 -0.346308
v 0.198663 0.737277 -0.344712
v 0.199527 0.745316 -0.346212
v 0.202899 0.735471 -0.340554
v 0.249713 0.731393 -0.298098
v 0.247778 0.745316 -0.313064
v 0.264764 0.745316 -0.298788
v 0.250067 0.735471 -0.307472
v 0.255418 0.737277 -0.304907
v 0.256529 0.745316 -0.306234
v 0.258869 0.735471 -0.300075
v 0.297611 0.731393 -0.250122
v 0.298300 0.745316 -0.265197
v 0.312553 0.745316 -0.248183
v 0.299585 0.735471 -0.259292
v 0.304409 0.737277 -0.255836
v 0.305734 0.745316 -0.256949
v 0.306970 0.735471 -0.250477
v 0.336464 0.731393 -0.194544
v 0.339756 0.745316 -0.209270
v 0.350843 0.745316 -0.190036
v 0.339998 0.735471 -0.203231
v 0.344149 0.737277 -0.198988
v 0.345647 0.745316 -0.199854
v 0.345742 0.735471 -0.193265
v 0.365091 0.731393 -0.133052
v 0.370886 0.745316 -0.146982
v 0.378470 0.745316 -0.126112
v 0.370078 0.735471 -0.140993
v 0.373431 0.737277 -0.136092
v 0.375056 0.745316 -0.136685
v 0.374007 0.735471 -0.130179
v 0.382624 0.731393 -0.067515
v 0.390745 0.745316 -0.080226
v 0.394598 0.745316 -0.058354
v 0.388911 0.735471 -0.074468
v 0.391363 0.737277 -0.069059
v 0.393066 0.745316 -0.069360
v 0.390907 0.735471 -0.063136
v 0.394598 0.788464 -0.058354
v 0.390745 0.788464 -0.080226
v 0.382624 0.802387 -0.067515
v 0.393066 0.788464 -0.069360
v 0.391363 0.796503 -0.069059
v 0.388911 0.798309 -0.074468
v 0.390907 0.798309 -0.063136
v 0.365091 0.802387 -0.133052
v 0.378470 0.788464 -0.126112
v 0.370886 0.788464 -0.146982
v 0.374007 0.798309 -0.130179
v 0.373431 0.796503 -0.136092
v 0.375056 0.788464 -0.136685
v 0.370078 0.798309 -0.140993
v 0.336464 0.802387 -0.194544
v 0.350843 0.788464 -0.190036
v 0.339756 0.788464 -0.209270
v 0.345742 0.798309 -0.193265
v 0.344149 0.796503 -0.198988
v 0.345647 0.788464 -0.199854
v 0.339998 0.798309 -0.203231
v 0.297611 0.802387 -0.250122
v 0.312553 0.788464 -0.248183
v 0.298300 0.788464 -0.265197
v 0.306970 0.798309 -0.250477
v 0.304409 0.796503 -0.255836
v 0.305734 0.788464 -0.256949
v 0.299585 0.798309 -0.259292
v 0.249713 0.802387 -0.298098
v 0.264764 0.788464 -0.298788
v 0.247778 0.788464 -0.313064
v 0.258868 0.798309 -0.300075
v 0.255418 0.796503 -0.304907
v 0.256529 0.788464 -0.306234
v 0.250067 0.798309 -0.307472
v 0.194225 0.802387 -0.337014
v 0.208928 0.788464 -0.340311
v 0.189725 0.788464 -0.351416
v 0.202899 0.798309 -0.340554
v 0.198663 0.796503 -0.344712
v 0.199527 0.788464 -0.346212
v 0.192949 0.798309 -0.346308
v 0.132834 0.802387 -0.365688
v 0.146742 0.788464 -0.371492
v 0.125905 0.788464 -0.379089
v 0.140762 0.798309 -0.370683
v 0.135869 0.796503 -0.374041
v 0.136461 0.788464 -0.375669
v 0.129966 0.798309 -0.374619
v 0.058257 0.788464 -0.395243
v 0.067403 0.802387 -0.383249
v 0.080094 0.788464 -0.391384
v 0.063031 0.798309 -0.391546
v 0.068945 0.796503 -0.392003
v 0.074345 0.798309 -0.389546
v 0.069245 0.788464 -0.393709
v 0.000000 0.000000 -0.350000
v -0.000000 0.740000 -0.052562
v 0.108156 0.000000 -0.332870
v 0.016242 0.740000 -0.049989
v 0.205725 0.000000 -0.283156
v 0.030895 0.740000 -0.042523
v 0.283156 0.000000 -0.205725
v 0.042523 0.740000 -0.030895
v 0.332870 0.000000 -0.108156
v 0.049989 0.740000 -0.016242
v 0.350000 0.000000 0.000000
v 0.052562 0.740000 -0.000000
v 0.332870 0.000000 0.108156
v 0.049989 0.740000 0.016242
v 0.283156 0.000000 0.205725
v 0.042523 0.740000 0.030895
v 0.205725 0.000000 0.283156
v 0.030895 0.740000 0.042523
v 0.108156 0.000000 0.332870
v 0.016242 0.740000 0.049989
v 0.000000 0.000000 0.350000
v -0.000000 0.740000 0.052562
v -0.108156 0.000000 0.332870
v -0.016242 0.740000 0.049989
v -0.205725 0.000000 0.283156
v -0.030895 0.740000 0.042523
v -0.283156 0.000000 0.205725
v -0.042523 0.740000 0.030895
v -0.332870 0.000000 0.108156
v -0.049989 0.740000 0.016242
v -0.350000 0.000000 0.000000
v -0.052562 0.740000 -0.000000
v -0.332870 0.000000 -0.108156
v -0.049989 0.740000 -0.016242
v -0.283156 0.000000 -0.205725
v -0.042523 0.740000 -0.030895
v -0.205725 0.000000 -0.283156
v -0.030895 0.740000 -0.042523
v -0.108156 0.000000 -0.332870
v -0.016242 0.740000 -0.049989
v -0.029548 0.050501 -0.090940
v -0.020207 0.083480 -0.062191
v -0.023017 0.061606 -0.070838
v -0.056204 0.050501 -0.077358
v -0.038436 0.083480 -0.052903
v -0.043780 0.061606 -0.060259
v -0.000000 0.083480 -0.065391
v -0.000000 0.050501 -0.095620
v -0.000000 0.061606 -0.074484
v -0.077358 0.050501 -0.056204
v -0.052903 0.083480 -0.038436
v -0.060259 0.061606 -0.043780
v -0.090940 0.050501 -0.029548
v -0.062191 0.083480 -0.020207
v -0.070838 0.061606 -0.023017
v -0.095620 0.050501 0.000000
v -0.065391 0.083480 -0.000000
v -0.074484 0.061606 0.000000
v -0.090940 0.050501 0.029548
v -0.062191 0.083480 0.020207
v -0.070838 0.061606 0.023017
v -0.077358 0.050501 0.056204
v -0.052903 0.083480 0.038436
v -0.060259 0.061606 0.043780
v -0.056204 0.050501 0.077358
v -0.038436 0.083480 0.052903
v -0.043780 0.061606 0.060259
v -0.029548 0.050501 0.090940
v -0.020207 0.083480 0.062191
v -0.023017 0.061606 0.070838
v -0.000000 0.050501 0.095620
v -0.000000 0.083480 0.065391
v -0.000000 0.061606 0.074484
v 0.029548 0.050501 0.090940
v 0.020207 0.083480 0.062191
v 0.023017 0.061606 0.070838
v 0.056204 0.050501 0.077358
v 0.038436 0.083480 0.052903
v 0.043780 0.061606 0.060259
v 0.077358 0.050501 0.056204
v 0.052903 0.083480 0.038436
v 0.060259 0.061606 0.043780
v 0.090940 0.050501 0.029548
v 0.062191 0.083480 0.020207
v 0.070838 0.061606 0.023017
v 0.095620 0.050501 0.000000
v 0.065391 0.083480 -0.000000
v 0.074484 0.061606 0.000000
v 0.090940 0.050501 -0.029548
v 0.062191 0.083480 -0.020207
v 0.070838 0.061606 -0.023017
v 0.077358 0.050501 -0.056204
v 0.052903 0.083480 -0.038436
v 0.060259 0.061606 -0.043780
v 0.056204 0.050501 -0.077358
v 0.038436 0.083480 -0.052903
v 0.043780 0.061606 -0.060259
v 0.029548 0.050501 -0.090940
v 0.020207 0.083480 -0.062191
v 0.023017 0.061606 -0.070838
v 0.104735 0.021856 -0.322341
v 0.107984 0.010748 -0.332339
v 0.106966 0.018115 -0.329208
v 0.000000 0.010748 -0.349442
v 0.000000 0.021856 -0.338930
v 0.000000 0.018115 -0.346150
v 0.199218 0.021856 -0.274200
v 0.205397 0.010748 -0.282705
v 0.203462 0.018115 -0.280041
v 0.274200 0.021856 -0.199218
v 0.282705 0.010748 -0.205397
v 0.280041 0.018115 -0.203462
v 0.322341 0.021856 -0.104735
v 0.332339 0.010748 -0.107984
v 0.329208 0.018115 -0.106966
v 0.338930 0.021856 0.000000
v 0.349442 0.010748 0.000000
v 0.346150 0.018115 0.000000
v 0.322341 0.021856 0.104735
v 0.332339 0.010748 0.107984
v 0.329208 0.018115 0.106966
v 0.274200 0.021856 0.199218
v 0.282705 0.010748 0.205397
v 0.280041 0.018115 0.203462
v 0.199218 0.021856 0.274200
v 0.205397 0.010748 0.282705
v 0.203462 0.018115 0.280041
v 0.104735 0.021856 0.322341
v 0.107984 0.010748 0.332339
v 0.106966 0.018115 0.329208
v 0.000000 0.021856 0.338930
v 0.000000 0.010748 0.349442
v 0.000000 0.018115 0.346150
v -0.104735 0.021856 0.322341
v -0.107984 0.010748 0.332339
v -0.106966 0.018115 0.329208
v -0.199218 0.021856 0.274200
v -0.205397 0.010748 0.282705
v -0.203462 0.018115 0.280041
v -0.274200 0.021856 0.199218
v -0.282705 0.010748 0.205397
v -0.280041 0.018115 0.203462
v -0.322341 0.021856 0.104735
v -0.332339 0.010748 0.107984
v -0.329208 0.018115 0.106966
v -0.338930 0.021856 0.000000
v -0.349442 0.010748 0.000000
v -0.346150 0.018115 0.000000
v -0.322341 0.021856 -0.104735
v -0.332339 0.010748 -0.107984
v -0.329208 0.018115 -0.106966
v -0.274200 0.021856 -0.199218
v -0.282705 0.010748 -0.205397
v -0.280041 0.018115 -0.203462
v -0.199218 0.021856 -0.274200
v -0.205397 0.010748 -0.282705
v -0.203462 0.018115 -0.280041
v -0.104735 0.021856 -0.322341
v -0.107984 0.010748 -0.332339
v -0.106966 0.018115 -0.329208
vn -0.2592 -0.0000 0.9658
vn 0.0874 -0.0001 -0.9962
vn -0.4232 -0.0000 0.9060
vn -0.5742 -0.0000 0.8187
vn -0.7077 -0.0000 0.7065
vn -0.8196 -0.0000 0.5730
vn -0.9066 -0.0000 0.4221
vn -0.9660 -0.0000 0.2584
vn -0.0000 1.0000 -0.0000
vn -0.9962 -0.0000 -0.0872
vn 0.9962 -0.0000 -0.0872
vn -0.0874 0.0001 -0.9962
vn -0.2592 -0.0000 -0.9658
vn -0.4232 -0.0000 -0.9060
vn -0.5742 -0.0000 -0.8187
vn -0.7077 -0.0000 -0.7065
vn -0.8196 -0.0000 -0.5730
vn -0.9066 -0.0000 -0.4221
vn 0.9962 -0.0000 0.0870
vn 0.9660 -0.0000 -0.2584
vn 0.9066 -0.0000 -0.4221
vn 0.8196 -0.0000 -0.5729
vn 0.7077 -0.0000 -0.7065
vn 0.5742 -0.0000 -0.8187
vn 0.4232 -0.0000 -0.9060
vn 0.9660 -0.0000 0.2584
vn 0.2592 -0.0000 -0.9658
vn 0.2592 -0.0000 0.9658
vn 0.4232 -0.0000 0.9060
vn 0.5742 -0.0000 0.8187
vn 0.7077 -0.0000 0.7065
vn 0.8196 -0.0000 0.5729
vn 0.9066 -0.0000 0.4221
vn -0.0875 -0.0000 0.9962
vn 0.0873 -0.0000 0.9962
vn -0.9962 -0.0000 0.0870
vn -0.9660 -0.0000 -0.2584
vn -0.5487 -0.8275 0.1188
vn -0.9561 -0.2912 0.0345
vn -0.9560 -0.2912 -0.0347
vn 0.0220 -0.8280 0.5604
vn -0.1322 -0.2916 0.9473
vn -0.2005 -0.2916 0.9353
vn -0.0758 -0.8279 0.5557
vn -0.2948 -0.2916 0.9100
vn -0.3600 -0.2916 0.8862
vn -0.1713 -0.8279 0.5341
vn -0.4485 -0.2915 0.8449
vn -0.5086 -0.2915 0.8102
vn -0.2616 -0.8278 0.4962
vn -0.5885 -0.2915 0.7541
vn -0.6416 -0.2914 0.7095
vn -0.3439 -0.8278 0.4433
vn -0.7106 -0.2914 0.6405
vn -0.7551 -0.2913 0.5874
vn -0.4157 -0.8277 0.3769
vn -0.8110 -0.2913 0.5074
vn -0.8456 -0.2913 0.4474
vn -0.4749 -0.8276 0.2991
vn -0.8867 -0.2912 0.3590
vn -0.9104 -0.2912 0.2940
vn -0.5197 -0.8276 0.2122
vn -0.9356 -0.2912 0.1998
vn -0.9476 -0.2912 0.1317
vn -0.5487 0.8275 -0.1189
vn -0.9560 0.2912 -0.0347
vn -0.9560 0.2912 0.0345
vn -0.5610 0.8275 -0.0220
vn -0.9476 0.2912 0.1317
vn -0.9356 0.2912 0.1998
vn -0.5563 0.8275 0.0756
vn -0.9104 0.2912 0.2940
vn -0.8867 0.2912 0.3590
vn -0.5347 0.8276 0.1709
vn -0.8456 0.2913 0.4474
vn -0.8110 0.2913 0.5074
vn -0.4969 0.8276 0.2610
vn -0.7551 0.2914 0.5874
vn -0.7106 0.2914 0.6405
vn -0.4440 0.8277 0.3433
vn -0.6416 0.2914 0.7095
vn -0.5885 0.2915 0.7541
vn -0.3776 0.8277 0.4151
vn -0.5086 0.2915 0.8102
vn -0.4485 0.2915 0.8449
vn -0.2997 0.8278 0.4742
vn -0.3600 0.2916 0.8862
vn -0.2948 0.2916 0.9100
vn -0.1322 0.2916 0.9473
vn -0.2127 0.8279 0.5190
vn -0.2005 0.2916 0.9353
vn -0.5610 -0.8275 0.0219
vn -0.9475 -0.2912 -0.1318
vn -0.9355 -0.2912 -0.1999
vn -0.5563 -0.8275 -0.0756
vn -0.9104 -0.2912 -0.2940
vn -0.8867 -0.2912 -0.3590
vn -0.5347 -0.8276 -0.1709
vn -0.8455 -0.2913 -0.4474
vn -0.8110 -0.2913 -0.5074
vn -0.4969 -0.8276 -0.2610
vn -0.7551 -0.2913 -0.5874
vn -0.7106 -0.2914 -0.6405
vn -0.4440 -0.8277 -0.3433
vn -0.6416 -0.2914 -0.7095
vn -0.5885 -0.2915 -0.7541
vn -0.3776 -0.8277 -0.4151
vn -0.5086 -0.2915 -0.8102
vn -0.4485 -0.2915 -0.8449
vn -0.2997 -0.8278 -0.4742
vn -0.3600 -0.2916 -0.8862
vn -0.2948 -0.2916 -0.9100
vn -0.2127 -0.8279 -0.5190
vn -0.2005 -0.2916 -0.9353
vn -0.1322 -0.2916 -0.9473
vn -0.0346 0.2917 -0.9559
vn 0.1191 0.8278 -0.5482
vn 0.0348 0.2915 -0.9559
vn 0.0220 0.8279 -0.5604
vn -0.1321 0.2916 -0.9474
vn -0.2004 0.2916 -0.9353
vn -0.0758 0.8279 -0.5557
vn -0.2948 0.2916 -0.9100
vn -0.3600 0.2916 -0.8862
vn -0.1713 0.8279 -0.5341
vn -0.4485 0.2915 -0.8449
vn -0.5086 0.2915 -0.8102
vn -0.2616 0.8278 -0.4962
vn -0.5885 0.2915 -0.7541
vn -0.6416 0.2914 -0.7095
vn -0.3439 0.8278 -0.4433
vn -0.7106 0.2914 -0.6405
vn -0.7551 0.2913 -0.5874
vn -0.4157 0.8277 -0.3769
vn -0.8110 0.2913 -0.5074
vn -0.8456 0.2913 -0.4474
vn -0.4749 0.8276 -0.2991
vn -0.8867 0.2912 -0.3590
vn -0.9104 0.2912 -0.2940
vn -0.5197 0.8276 -0.2123
vn -0.9355 0.2912 -0.1999
vn -0.9475 0.2912 -0.1318
vn 0.9560 -0.2912 -0.0347
vn 0.9561 -0.2912 0.0345
vn 0.5487 -0.8275 -0.1189
vn 0.1191 -0.8279 0.5481
vn 0.0346 -0.2916 0.9559
vn -0.0348 -0.2916 0.9559
vn 0.5610 -0.8275 -0.0220
vn 0.9476 -0.2912 0.1317
vn 0.9356 -0.2912 0.1998
vn 0.5563 -0.8275 0.0756
vn 0.9104 -0.2912 0.2940
vn 0.8867 -0.2912 0.3590
vn 0.5347 -0.8276 0.1709
vn 0.8456 -0.2913 0.4474
vn 0.8110 -0.2913 0.5074
vn 0.4969 -0.8276 0.2611
vn 0.7551 -0.2913 0.5874
vn 0.7106 -0.2914 0.6404
vn 0.4440 -0.8277 0.3433
vn 0.6416 -0.2914 0.7095
vn 0.5885 -0.2914 0.7541
vn 0.3776 -0.8278 0.4150
vn 0.5086 -0.2915 0.8102
vn 0.4485 -0.2915 0.8449
vn 0.2997 -0.8278 0.4742
vn 0.3600 -0.2916 0.8862
vn 0.2948 -0.2916 0.9100
vn 0.2126 -0.8279 0.5190
vn 0.2004 -0.2916 0.9353
vn 0.1321 -0.2916 0.9474
vn -0.1192 0.8279 0.5480
vn -0.0348 0.2916 0.9559
vn 0.0346 0.2916 0.9559
vn 0.5487 0.8275 0.1188
vn 0.9561 0.2912 0.0345
vn 0.9560 0.2912 -0.0347
vn -0.0220 0.8279 0.5604
vn 0.1321 0.2916 0.9474
vn 0.2004 0.2916 0.9353
vn 0.0758 0.8279 0.5557
vn 0.2948 0.2916 0.9100
vn 0.3600 0.2916 0.8862
vn 0.1713 0.8279 0.5341
vn 0.4485 0.2915 0.8449
vn 0.5086 0.2915 0.8102
vn 0.2616 0.8278 0.4962
vn 0.5885 0.2915 0.7541
vn 0.6416 0.2914 0.7095
vn 0.3439 0.8278 0.4433
vn 0.7106 0.2914 0.6405
vn 0.7551 0.2913 0.5874
vn 0.4157 0.8277 0.3769
vn 0.8110 0.2913 0.5074
vn 0.8456 0.2913 0.4474
vn 0.4749 0.8276 0.2991
vn 0.8867 0.2912 0.3590
vn 0.9104 0.2912 0.2940
vn 0.5197 0.8276 0.2122
vn 0.9356 0.2912 0.1998
vn 0.9476 0.2912 0.1317
vn -0.0348 -0.2915 -0.9559
vn 0.0346 -0.2917 -0.9559
vn -0.1191 -0.8278 -0.5482
vn -0.0220 -0.8279 -0.5604
vn 0.1321 -0.2916 -0.9474
vn 0.2004 -0.2916 -0.9353
vn 0.0758 -0.8279 -0.5557
vn 0.2948 -0.2916 -0.9100
vn 0.3600 -0.2916 -0.8862
vn 0.1713 -0.8279 -0.5341
vn 0.4485 -0.2915 -0.8449
vn 0.5086 -0.2915 -0.8102
vn 0.2616 -0.8278 -0.4962
vn 0.5885 -0.2915 -0.7541
vn 0.6416 -0.2914 -0.7095
vn 0.3439 -0.8278 -0.4433
vn 0.7106 -0.2914 -0.6404
vn 0.7551 -0.2913 -0.5874
vn 0.4157 -0.8277 -0.3769
vn 0.8110 -0.2913 -0.5074
vn 0.8456 -0.2913 -0.4474
vn 0.4749 -0.8276 -0.2991
vn 0.8867 -0.2912 -0.3590
vn 0.9104 -0.2912 -0.2940
vn 0.5197 -0.8276 -0.2123
vn 0.9355 -0.2912 -0.1999
vn 0.9475 -0.2912 -0.1318
vn 0.9475 0.2912 -0.1318
vn 0.9355 0.2912 -0.1999
vn 0.5610 0.8275 0.0219
vn 0.5563 0.8275 -0.0756
vn 0.9104 0.2912 -0.2940
vn 0.8867 0.2912 -0.3590
vn 0.5347 0.8276 -0.1709
vn 0.8456 0.2913 -0.4474
vn 0.8110 0.2913 -0.5074
vn 0.4969 0.8276 -0.2610
vn 0.7551 0.2913 -0.5874
vn 0.7106 0.2914 -0.6404
vn 0.4440 0.8277 -0.3433
vn 0.6416 0.2914 -0.7095
vn 0.5885 0.2915 -0.7541
vn 0.3776 0.8278 -0.4150
vn 0.5086 0.2915 -0.8102
vn 0.4485 0.2915 -0.8449
vn 0.2997 0.8278 -0.4742
vn 0.3600 0.2916 -0.8862
vn 0.2948 0.2916 -0.9100
vn 0.1322 0.2916 -0.9473
vn 0.2127 0.8279 -0.5190
vn 0.2005 0.2916 -0.9353
vn -0.0402 -0.8882 0.4577
vn -0.0830 -0.3148 0.9455
vn -0.2096 -0.0000 0.9778
vn -0.1382 -0.0000 0.9904
vn -0.1191 -0.8882 0.4438
vn -0.2460 -0.3148 0.9167
vn -0.1191 0.8882 0.4438
vn -0.2460 0.3148 0.9167
vn -0.3764 -0.0000 0.9265
vn -0.3082 -0.0000 0.9513
vn -0.1945 -0.8881 0.4164
vn -0.4017 -0.3147 0.8600
vn -0.1945 0.8881 0.4164
vn -0.4017 0.3147 0.8600
vn -0.5317 -0.0000 0.8470
vn -0.4689 -0.0000 0.8832
vn -0.2640 -0.8881 0.3763
vn -0.5450 -0.3147 0.7771
vn -0.2639 0.8881 0.3763
vn -0.5450 0.3146 0.7771
vn -0.6707 -0.0000 0.7417
vn -0.6153 -0.0000 0.7883
vn -0.3254 -0.8880 0.3248
vn -0.6718 -0.3146 0.6707
vn -0.3254 0.8880 0.3248
vn -0.6718 0.3146 0.6707
vn -0.7893 -0.0000 0.6140
vn -0.7428 -0.0000 0.6695
vn -0.3769 -0.8880 0.2635
vn -0.7780 -0.3145 0.5439
vn -0.3769 0.8880 0.2635
vn -0.7780 0.3145 0.5439
vn -0.8839 -0.0000 0.4677
vn -0.8477 -0.0000 0.5304
vn -0.4170 -0.8879 0.1941
vn -0.8606 -0.3144 0.4006
vn -0.4170 0.8879 0.1941
vn -0.8606 0.3144 0.4007
vn -0.9516 -0.0000 0.3073
vn -0.9269 -0.0000 0.3753
vn -0.4444 -0.8879 0.1189
vn -0.9171 -0.3144 0.2453
vn -0.4444 0.8879 0.1189
vn -0.9171 0.3144 0.2453
vn -0.9905 -0.0000 0.1376
vn -0.9779 -0.0000 0.2089
vn -0.4583 -0.8879 0.0400
vn -0.9457 -0.3143 0.0826
vn -0.4583 0.8879 0.0400
vn -0.9457 0.3143 0.0826
vn -0.9993 -0.0000 -0.0363
vn -0.9993 -0.0000 0.0361
vn -0.0401 0.8882 -0.4577
vn -0.0829 0.3148 -0.9455
vn -0.0830 -0.3148 -0.9455
vn -0.0402 -0.8882 -0.4577
vn 0.0830 0.3148 -0.9455
vn 0.0402 0.8882 -0.4577
vn -0.2096 -0.0000 -0.9778
vn -0.1382 -0.0000 -0.9904
vn -0.1191 0.8882 -0.4438
vn -0.2460 0.3148 -0.9167
vn -0.1191 -0.8882 -0.4438
vn -0.2460 -0.3148 -0.9167
vn -0.3763 -0.0000 -0.9265
vn -0.3082 -0.0000 -0.9513
vn -0.1945 0.8881 -0.4164
vn -0.4017 0.3147 -0.8600
vn -0.1945 -0.8881 -0.4164
vn -0.4017 -0.3147 -0.8600
vn -0.5317 -0.0000 -0.8470
vn -0.4689 -0.0000 -0.8833
vn -0.2640 0.8881 -0.3763
vn -0.5450 0.3147 -0.7771
vn -0.2639 -0.8881 -0.3763
vn -0.5450 -0.3146 -0.7771
vn -0.6707 -0.0000 -0.7417
vn -0.6153 -0.0000 -0.7883
vn -0.3254 0.8880 -0.3248
vn -0.6718 0.3146 -0.6707
vn -0.3254 -0.8880 -0.3248
vn -0.6718 -0.3146 -0.6707
vn -0.7893 -0.0000 -0.6140
vn -0.7428 -0.0000 -0.6695
vn -0.3769 0.8880 -0.2635
vn -0.7780 0.3145 -0.5439
vn -0.3769 -0.8880 -0.2635
vn -0.7780 -0.3145 -0.5439
vn -0.8839 -0.0000 -0.4677
vn -0.8477 -0.0000 -0.5304
vn -0.4170 0.8879 -0.1941
vn -0.8606 0.3144 -0.4006
vn -0.4170 -0.8879 -0.1941
vn -0.8606 -0.3144 -0.4007
vn -0.9516 -0.0000 -0.3073
vn -0.9269 -0.0000 -0.3753
vn -0.4444 0.8879 -0.1189
vn -0.9171 0.3144 -0.2453
vn -0.4444 -0.8879 -0.1189
vn -0.9171 -0.3144 -0.2453
vn -0.9905 -0.0000 -0.1378
vn -0.9779 -0.0000 -0.2089
vn -0.9457 -0.3143 -0.0828
vn -0.4583 -0.8879 -0.0401
vn 0.9457 -0.3143 -0.0828
vn 0.4583 -0.8879 -0.0401
vn 0.9779 -0.0000 -0.2089
vn 0.9905 -0.0000 -0.1378
vn 0.4444 0.8879 -0.1189
vn 0.9171 0.3144 -0.2453
vn 0.4444 -0.8879 -0.1189
vn 0.9171 -0.3144 -0.2453
vn 0.9269 -0.0000 -0.3753
vn 0.9516 -0.0000 -0.3073
vn 0.4170 0.8879 -0.1941
vn 0.8606 0.3144 -0.4006
vn 0.4170 -0.8879 -0.1941
vn 0.8606 -0.3144 -0.4006
vn 0.8477 -0.0000 -0.5304
vn 0.8839 -0.0000 -0.4677
vn 0.3769 0.8880 -0.2635
vn 0.7780 0.3145 -0.5439
vn 0.3769 -0.8880 -0.2635
vn 0.7780 -0.3145 -0.5439
vn 0.7428 -0.0000 -0.6695
vn 0.7893 -0.0000 -0.6140
vn 0.3254 0.8880 -0.3248
vn 0.6718 0.3146 -0.6707
vn 0.3254 -0.8880 -0.3248
vn 0.6718 -0.3146 -0.6707
vn 0.6152 -0.0000 -0.7883
vn 0.6707 -0.0000 -0.7417
vn 0.2639 0.8881 -0.3763
vn 0.5450 0.3146 -0.7771
vn 0.2639 -0.8881 -0.3763
vn 0.5450 -0.3146 -0.7771
vn 0.4689 -0.0000 -0.8833
vn 0.5317 -0.0000 -0.8470
vn 0.1945 0.8881 -0.4164
vn 0.4017 0.3147 -0.8600
vn 0.1945 -0.8881 -0.4164
vn 0.4017 -0.3147 -0.8600
vn 0.3082 -0.0000 -0.9513
vn 0.3763 -0.0000 -0.9265
vn 0.1191 0.8882 -0.4438
vn 0.2460 0.3148 -0.9167
vn 0.1191 -0.8882 -0.4438
vn 0.2460 -0.3148 -0.9167
vn 0.1381 -0.0000 -0.9904
vn 0.2095 -0.0000 -0.9778
vn 0.0401 -0.8882 -0.4577
vn 0.0829 -0.3148 -0.9455
vn 0.0401 0.8882 0.4577
vn 0.0829 0.3148 0.9455
vn -0.0364 -0.0000 0.9993
vn 0.0362 -0.0000 0.9993
vn 0.0401 -0.8882 0.4577
vn 0.0829 -0.3148 0.9455
vn 0.2095 -0.0000 0.9778
vn 0.1381 -0.0000 0.9904
vn 0.1191 0.8882 0.4438
vn 0.2460 0.3148 0.9167
vn 0.1191 -0.8882 0.4438
vn 0.2460 -0.3148 0.9167
vn 0.3764 -0.0000 0.9265
vn 0.3082 -0.0000 0.9513
vn 0.1945 0.8881 0.4164
vn 0.4017 0.3147 0.8600
vn 0.1945 -0.8881 0.4164
vn 0.4017 -0.3147 0.8600
vn 0.5317 -0.0000 0.8470
vn 0.4689 -0.0000 0.8832
vn 0.2639 0.8881 0.3763
vn 0.5450 0.3147 0.7771
vn 0.2639 -0.8881 0.3763
vn 0.5450 -0.3146 0.7771
vn 0.6707 -0.0000 0.7417
vn 0.6152 -0.0000 0.7883
vn 0.3254 0.8880 0.3248
vn 0.6718 0.3146 0.6707
vn 0.3254 -0.8880 0.3248
vn 0.6718 -0.3146 0.6707
vn 0.7893 -0.0000 0.6140
vn 0.7428 -0.0000 0.6695
vn 0.3769 0.8880 0.2635
vn 0.7780 0.3145 0.5439
vn 0.3769 -0.8880 0.2635
vn 0.7780 -0.3145 0.5439
vn 0.8839 -0.0000 0.4677
vn 0.8477 -0.0000 0.5304
vn 0.4170 0.8879 0.1941
vn 0.8606 0.3144 0.4006
vn 0.4170 -0.8879 0.1941
vn 0.8606 -0.3144 0.4007
vn 0.9516 -0.0000 0.3073
vn 0.9269 -0.0000 0.3753
vn 0.4444 0.8879 0.1189
vn 0.9171 0.3144 0.2453
vn 0.4444 -0.8879 0.1189
vn 0.9171 -0.3144 0.2453
vn 0.9905 -0.0000 0.1377
vn 0.9779 -0.0000 0.2089
vn 0.4583 0.8879 0.0400
vn 0.9457 0.3143 0.0826
vn 0.4583 -0.8879 0.0400
vn 0.9457 -0.3143 0.0826
vn -0.4583 0.8879 -0.0401
vn -0.9457 0.3143 -0.0828
vn 0.0364 -0.0000 -0.9993
vn -0.0362 0.0001 -0.9993
vn 0.9993 -0.0000 0.0361
vn 0.9993 -0.0000 -0.0363
vn -0.0830 0.3148 0.9455
vn -0.0402 0.8882 0.4577
vn 0.4583 0.8879 -0.0401
vn 0.9457 0.3143 -0.0828
vn -0.0000 -1.0000 -0.0000
vn -0.0185 0.9930 -0.1169
vn 0.4534 0.0512 -0.8898
vn 0.1055 0.9930 -0.0537
vn 0.1169 0.9930 -0.0185
vn 0.0185 0.9930 -0.1169
vn 0.1169 0.9930 0.0185
vn 0.7062 0.0512 -0.7062
vn 0.1055 0.9930 0.0537
vn 0.8898 0.0512 -0.4534
vn 0.0837 0.9930 0.0837
vn 0.9864 0.0512 -0.1562
vn 0.0537 0.9930 0.1055
vn 0.9864 0.0512 0.1562
vn 0.0185 0.9930 0.1169
vn 0.8898 0.0512 0.4534
vn -0.0185 0.9930 0.1169
vn 0.7062 0.0512 0.7062
vn -0.0537 0.9930 0.1055
vn 0.4534 0.0512 0.8898
vn -0.0837 0.9930 0.0837
vn 0.1562 0.0512 0.9864
vn -0.1055 0.9930 0.0537
vn -0.1562 0.0512 0.9864
vn -0.1169 0.9930 0.0185
vn -0.4534 0.0512 0.8898
vn -0.1169 0.9930 -0.0185
vn -0.7062 0.0512 0.7062
vn -0.1055 0.9930 -0.0537
vn -0.8898 0.0512 0.4534
vn -0.0837 0.9930 -0.0837
vn -0.9864 0.0512 0.1562
vn -0.0537 0.9930 -0.1055
vn -0.9864 0.0512 -0.1562
vn 0.1564 0.0193 -0.9875
vn 0.0837 0.9930 -0.0837
vn -0.7062 0.0512 -0.7062
vn 0.0537 0.9930 -0.1055
vn -0.1562 0.0512 -0.9864
vn -0.4539 0.0193 -0.8908
vn -0.1564 0.0193 -0.9875
vn -0.7070 0.0193 -0.7070
vn -0.8908 0.0193 -0.4539
vn -0.9875 0.0193 -0.1564
vn -0.9875 0.0193 0.1564
vn -0.8908 0.0193 0.4539
vn -0.7070 0.0193 0.7070
vn -0.4539 0.0193 0.8908
vn -0.1564 0.0193 0.9875
vn 0.1564 0.0193 0.9875
vn 0.4539 0.0193 0.8908
vn 0.7070 0.0193 0.7070
vn 0.8908 0.0193 0.4539
vn 0.9875 0.0193 0.1564
vn 0.9875 0.0193 -0.1564
vn 0.8908 0.0193 -0.4539
vn 0.7070 0.0193 -0.7070
vn 0.4539 0.0193 -0.8908
vn -0.8898 0.0512 -0.4534
vn -0.1447 0.3798 -0.9137
vn -0.0735 0.8828 -0.4639
vn -0.4200 0.3798 -0.8242
vn -0.2132 0.8828 -0.4185
vn -0.6541 0.3798 -0.6541
vn -0.3321 0.8828 -0.3321
vn -0.8242 0.3798 -0.4200
vn -0.4185 0.8828 -0.2132
vn -0.9137 0.3798 -0.1447
vn -0.4639 0.8828 -0.0735
vn -0.9137 0.3798 0.1447
vn -0.4639 0.8828 0.0735
vn -0.8242 0.3798 0.4200
vn -0.4185 0.8828 0.2132
vn -0.6541 0.3798 0.6541
vn -0.3321 0.8828 0.3321
vn -0.4200 0.3798 0.8242
vn -0.2132 0.8828 0.4185
vn -0.1447 0.3798 0.9137
vn -0.0735 0.8828 0.4639
vn 0.1447 0.3798 0.9137
vn 0.0735 0.8828 0.4639
vn 0.4200 0.3798 0.8242
vn 0.2132 0.8828 0.4185
vn 0.6541 0.3798 0.6541
vn 0.3321 0.8828 0.3321
vn 0.8242 0.3798 0.4200
vn 0.4185 0.8828 0.2132
vn 0.9137 0.3798 0.1447
vn 0.4639 0.8828 0.0735
vn 0.9137 0.3798 -0.1447
vn 0.4639 0.8828 -0.0735
vn 0.8242 0.3798 -0.4200
vn 0.4185 0.8828 -0.2132
vn 0.6541 0.3798 -0.6541
vn 0.3321 0.8828 -0.3321
vn 0.4200 0.3798 -0.8242
vn 0.2132 0.8828 -0.4185
vn 0.1447 0.3798 -0.9137
vn 0.0735 0.8828 -0.4639
vn -0.4534 0.0512 -0.8898
vn 0.0727 0.8855 -0.4588
vn 0.1431 0.4038 -0.9036
vn 0.2109 0.8855 -0.4139
vn 0.4153 0.4038 -0.8151
vn 0.3285 0.8855 -0.3285
vn 0.6469 0.4038 -0.6469
vn 0.4139 0.8855 -0.2109
vn 0.8151 0.4038 -0.4153
vn 0.4588 0.8855 -0.0727
vn 0.9036 0.4038 -0.1431
vn 0.4588 0.8855 0.0727
vn 0.9036 0.4038 0.1431
vn 0.4139 0.8855 0.2109
vn 0.8151 0.4038 0.4153
vn 0.3285 0.8855 0.3285
vn 0.6469 0.4038 0.6469
vn 0.2109 0.8855 0.4139
vn 0.4153 0.4038 0.8151
vn 0.0727 0.8855 0.4588
vn 0.1431 0.4038 0.9036
vn -0.0727 0.8855 0.4588
vn -0.1431 0.4038 0.9036
vn -0.2109 0.8855 0.4139
vn -0.4153 0.4038 0.8151
vn -0.3285 0.8855 0.3285
vn -0.6469 0.4038 0.6469
vn -0.4139 0.8855 0.2109
vn -0.8151 0.4038 0.4153
vn -0.4588 0.8855 0.0727
vn -0.9036 0.4038 0.1431
vn -0.4588 0.8855 -0.0727
vn -0.9036 0.4038 -0.1431
vn -0.4139 0.8855 -0.2109
vn -0.8151 0.4038 -0.4153
vn -0.3285 0.8855 -0.3285
vn -0.6469 0.4038 -0.6469
vn -0.2109 0.8855 -0.4139
vn -0.4153 0.4038 -0.8151
vn -0.0727 0.8855 -0.4588
vn -0.1431 0.4038 -0.9036
vn 0.1562 0.0512 -0.9864
vn 0.0874 -0.0000 -0.9962
vn -0.8196 -0.0000 0.5729
vn -0.0874 -0.0000 -0.9962
vn -0.8196 -0.0000 -0.5729
vn -0.5487 -0.8275 -0.1189
vn -0.9613 -0.2068 0.1818
vn -0.9613 -0.2068 -0.1820
vn -0.2127 -0.8279 0.5190
vn 0.0124 -0.2071 0.9782
vn -0.3469 -0.2071 0.9148
vn -0.2997 -0.8278 0.4742
vn -0.1578 -0.2071 0.9655
vn -0.5005 -0.2070 0.8406
vn -0.3776 -0.8277 0.4151
vn -0.3233 -0.2071 0.9234
vn -0.6390 -0.2070 0.7409
vn -0.4440 -0.8277 0.3433
vn -0.4789 -0.2071 0.8531
vn -0.7579 -0.2069 0.6187
vn -0.4969 -0.8276 0.2610
vn -0.6198 -0.2070 0.7569
vn -0.8538 -0.2069 0.4777
vn -0.5347 -0.8276 0.1709
vn -0.7419 -0.2069 0.6378
vn -0.9237 -0.2068 0.3224
vn -0.5563 -0.8275 0.0756
vn -0.8413 -0.2069 0.4994
vn -0.9656 -0.2068 0.1573
vn -0.5610 -0.8275 -0.0220
vn -0.9152 -0.2068 0.3459
vn -0.9783 -0.2068 -0.0125
vn -0.5487 0.8275 0.1188
vn -0.9613 0.2068 -0.1820
vn -0.9613 0.2068 0.1818
vn -0.5197 0.8276 0.2122
vn -0.9783 0.2068 -0.0125
vn -0.9152 0.2068 0.3459
vn -0.4749 0.8276 0.2991
vn -0.9656 0.2068 0.1573
vn -0.8413 0.2069 0.4994
vn -0.4157 0.8277 0.3769
vn -0.9237 0.2068 0.3224
vn -0.7419 0.2069 0.6378
vn -0.3439 0.8278 0.4433
vn -0.8538 0.2069 0.4778
vn -0.6198 0.2070 0.7569
vn -0.2616 0.8278 0.4962
vn -0.7579 0.2069 0.6187
vn -0.4789 0.2070 0.8531
vn -0.1713 0.8279 0.5341
vn -0.6390 0.2070 0.7409
vn -0.3233 0.2071 0.9234
vn -0.0758 0.8279 0.5557
vn -0.5005 0.2070 0.8406
vn -0.1578 0.2071 0.9655
vn 0.0124 0.2071 0.9782
vn 0.0220 0.8280 0.5604
vn -0.3469 0.2071 0.9148
vn -0.5197 -0.8276 -0.2123
vn -0.9783 -0.2068 0.0124
vn -0.9152 -0.2069 -0.3459
vn -0.4749 -0.8276 -0.2991
vn -0.9656 -0.2068 -0.1573
vn -0.8413 -0.2069 -0.4994
vn -0.4157 -0.8277 -0.3769
vn -0.9237 -0.2068 -0.3224
vn -0.7419 -0.2069 -0.6378
vn -0.3439 -0.8278 -0.4433
vn -0.8538 -0.2069 -0.4778
vn -0.6199 -0.2070 -0.7569
vn -0.2616 -0.8278 -0.4962
vn -0.7579 -0.2069 -0.6187
vn -0.4789 -0.2070 -0.8531
vn -0.1713 -0.8279 -0.5341
vn -0.6390 -0.2070 -0.7409
vn -0.3233 -0.2071 -0.9234
vn -0.0758 -0.8279 -0.5557
vn -0.5006 -0.2070 -0.8406
vn -0.1578 -0.2071 -0.9655
vn 0.0220 -0.8279 -0.5604
vn -0.3469 -0.2071 -0.9148
vn 0.0124 -0.2071 -0.9782
vn -0.1824 0.2074 -0.9611
vn -0.1192 0.8280 -0.5479
vn 0.1826 0.2068 -0.9612
vn -0.2126 0.8279 -0.5190
vn 0.0125 0.2071 -0.9782
vn -0.3468 0.2071 -0.9148
vn -0.2997 0.8278 -0.4742
vn -0.1578 0.2071 -0.9655
vn -0.5005 0.2070 -0.8406
vn -0.3776 0.8277 -0.4151
vn -0.3233 0.2071 -0.9234
vn -0.6390 0.2070 -0.7409
vn -0.4440 0.8277 -0.3433
vn -0.4789 0.2070 -0.8531
vn -0.7579 0.2069 -0.6187
vn -0.4969 0.8276 -0.2610
vn -0.6199 0.2070 -0.7569
vn -0.8538 0.2069 -0.4777
vn -0.5347 0.8276 -0.1709
vn -0.7419 0.2069 -0.6378
vn -0.9237 0.2068 -0.3224
vn -0.5563 0.8275 -0.0756
vn -0.8413 0.2069 -0.4994
vn -0.9656 0.2068 -0.1573
vn -0.5610 0.8275 0.0219
vn -0.9152 0.2069 -0.3459
vn -0.9783 0.2068 0.0124
vn 0.9613 -0.2068 -0.1820
vn 0.9613 -0.2068 0.1818
vn 0.5487 -0.8275 0.1188
vn -0.1192 -0.8279 0.5480
vn 0.1824 -0.2071 0.9612
vn -0.1826 -0.2071 0.9611
vn 0.5197 -0.8276 0.2122
vn 0.9783 -0.2068 -0.0125
vn 0.9152 -0.2068 0.3458
vn 0.4749 -0.8276 0.2991
vn 0.9657 -0.2068 0.1573
vn 0.8413 -0.2069 0.4994
vn 0.4157 -0.8277 0.3769
vn 0.9237 -0.2068 0.3224
vn 0.7419 -0.2070 0.6378
vn 0.3439 -0.8278 0.4433
vn 0.8538 -0.2069 0.4777
vn 0.6198 -0.2070 0.7569
vn 0.2616 -0.8278 0.4962
vn 0.7579 -0.2069 0.6187
vn 0.4789 -0.2070 0.8531
vn 0.1713 -0.8279 0.5341
vn 0.6390 -0.2070 0.7409
vn 0.3233 -0.2071 0.9234
vn 0.0758 -0.8279 0.5557
vn 0.5005 -0.2070 0.8406
vn 0.1578 -0.2071 0.9655
vn -0.0220 -0.8279 0.5604
vn 0.3468 -0.2071 0.9148
vn -0.0125 -0.2071 0.9782
vn 0.1191 0.8279 0.5481
vn -0.1826 0.2071 0.9611
vn 0.1824 0.2071 0.9612
vn 0.5487 0.8275 -0.1189
vn 0.9613 0.2068 0.1818
vn 0.9613 0.2068 -0.1820
vn 0.2127 0.8279 0.5190
vn -0.0125 0.2071 0.9782
vn 0.3468 0.2071 0.9148
vn 0.2997 0.8278 0.4742
vn 0.1578 0.2071 0.9655
vn 0.5005 0.2070 0.8406
vn 0.3776 0.8278 0.4150
vn 0.3233 0.2071 0.9234
vn 0.6390 0.2070 0.7408
vn 0.4440 0.8277 0.3433
vn 0.4789 0.2070 0.8531
vn 0.7579 0.2069 0.6187
vn 0.4969 0.8276 0.2611
vn 0.6198 0.2070 0.7569
vn 0.8538 0.2069 0.4778
vn 0.5347 0.8276 0.1709
vn 0.7419 0.2070 0.6378
vn 0.9237 0.2068 0.3224
vn 0.5563 0.8275 0.0756
vn 0.8413 0.2069 0.4994
vn 0.9656 0.2068 0.1573
vn 0.5610 0.8275 -0.0220
vn 0.9152 0.2068 0.3458
vn 0.9783 0.2068 -0.0125
vn -0.1826 -0.2068 -0.9612
vn 0.1824 -0.2074 -0.9611
vn 0.1192 -0.8280 -0.5479
vn 0.2126 -0.8279 -0.5190
vn -0.0125 -0.2071 -0.9782
vn 0.3468 -0.2071 -0.9148
vn 0.2997 -0.8278 -0.4742
vn 0.1578 -0.2071 -0.9655
vn 0.5005 -0.2070 -0.8406
vn 0.3776 -0.8278 -0.4150
vn 0.3233 -0.2071 -0.9234
vn 0.6390 -0.2070 -0.7409
vn 0.4440 -0.8277 -0.3433
vn 0.4789 -0.2070 -0.8531
vn 0.7579 -0.2069 -0.6187
vn 0.4969 -0.8276 -0.2610
vn 0.6198 -0.2070 -0.7569
vn 0.8538 -0.2069 -0.4778
vn 0.5347 -0.8276 -0.1709
vn 0.7419 -0.2069 -0.6378
vn 0.9237 -0.2068 -0.3224
vn 0.5563 -0.8275 -0.0756
vn 0.8413 -0.2069 -0.4994
vn 0.9657 -0.2068 -0.1573
vn 0.5610 -0.8275 0.0219
vn 0.9152 -0.2069 -0.3459
vn 0.9783 -0.2068 0.0124
vn 0.9783 0.2068 0.0124
vn 0.9152 0.2069 -0.3459
vn 0.5197 0.8276 -0.2123
vn 0.4749 0.8276 -0.2991
vn 0.9657 0.2068 -0.1573
vn 0.8413 0.2069 -0.4994
vn 0.4157 0.8277 -0.3769
vn 0.9237 0.2068 -0.3224
vn 0.7419 0.2069 -0.6378
vn 0.3439 0.8278 -0.4433
vn 0.8538 0.2069 -0.4777
vn 0.6198 0.2070 -0.7569
vn 0.2616 0.8278 -0.4962
vn 0.7579 0.2069 -0.6187
vn 0.4789 0.2070 -0.8531
vn 0.1713 0.8279 -0.5341
vn 0.6390 0.2070 -0.7409
vn 0.3233 0.2071 -0.9234
vn 0.0758 0.8279 -0.5557
vn 0.5005 0.2070 -0.8406
vn 0.1578 0.2071 -0.9655
vn -0.0124 0.2071 -0.9782
vn -0.0220 0.8279 -0.5604
vn 0.3469 0.2071 -0.9148
vn -0.2639 -0.8881 0.3763
vn -0.5450 -0.3146 0.7771
vn -0.5450 0.3147 0.7771
vn -0.6152 -0.0000 0.7883
vn -0.8606 -0.3144 0.4007
vn -0.8606 0.3144 0.4006
vn -0.0829 0.3149 -0.9455
vn -0.0830 -0.3146 -0.9456
vn -0.0402 -0.8882 -0.4578
vn 0.0830 0.3146 -0.9456
vn 0.0402 0.8882 -0.4578
vn -0.2095 -0.0000 -0.9778
vn -0.1381 -0.0000 -0.9904
vn -0.2639 0.8881 -0.3763
vn -0.5450 0.3146 -0.7771
vn -0.5450 -0.3147 -0.7771
vn -0.6152 -0.0000 -0.7883
vn -0.8606 -0.3144 -0.4006
vn 0.8606 -0.3144 -0.4007
vn 0.5450 0.3147 -0.7771
vn 0.1382 -0.0000 -0.9904
vn 0.2096 -0.0000 -0.9778
vn 0.0829 -0.3150 -0.9455
vn 0.2640 0.8881 0.3763
vn 0.5450 0.3146 0.7771
vn 0.8606 0.3144 0.4007
vn 0.8606 -0.3144 0.4006
vn 0.9905 -0.0000 0.1376
vn 0.0362 -0.0001 -0.9993
vn -0.0364 -0.0000 -0.9993
vt 0.374497 0.134853
vt 0.424026 0.121556
vt 0.424026 0.128491
vt 0.375000 0.123138
vt 0.381907 0.125024
vt 0.424026 0.125024
vt 0.375000 0.126909
vt 0.374520 0.884118
vt 0.424027 0.893219
vt 0.424026 0.900048
vt 0.375000 0.894801
vt 0.381907 0.896686
vt 0.424026 0.896686
vt 0.375000 0.898514
vt 0.374536 0.902963
vt 0.424026 0.914375
vt 0.424026 0.920891
vt 0.375000 0.915909
vt 0.381907 0.917736
vt 0.424026 0.917737
vt 0.375000 0.919452
vt 0.374546 0.921127
vt 0.424026 0.934334
vt 0.424026 0.947472
vt 0.375000 0.935773
vt 0.381907 0.937529
vt 0.424026 0.937488
vt 0.375000 0.942917
vt 0.374551 0.906270
vt 0.424026 0.990016
vt 0.424026 0.007133
vt 0.375000 0.994571
vt 0.375000 0.999820
vt 0.395720 1.000000
vt 0.375000 0.000128
vt 0.424026 0.000000
vt 0.424026 1.000000
vt 0.375000 0.917037
vt 0.375000 0.003878
vt 0.374551 0.132225
vt 0.424026 0.037527
vt 0.424026 0.047511
vt 0.375000 0.040782
vt 0.375000 0.127623
vt 0.381907 0.045592
vt 0.424026 0.044660
vt 0.375000 0.046210
vt 0.374546 0.081081
vt 0.424026 0.059661
vt 0.424026 0.065666
vt 0.375000 0.060962
vt 0.381907 0.062514
vt 0.424026 0.062512
vt 0.375000 0.064227
vt 0.374536 0.096140
vt 0.424026 0.079109
vt 0.424026 0.085625
vt 0.375000 0.080548
vt 0.381907 0.082264
vt 0.424026 0.082263
vt 0.375000 0.084091
vt 0.374520 0.114797
vt 0.424026 0.099952
vt 0.424026 0.106781
vt 0.375000 0.101485
vt 0.381907 0.103314
vt 0.424026 0.103314
vt 0.375000 0.105199
vt 0.624161 0.133460
vt 0.575974 0.128491
vt 0.575974 0.121556
vt 0.625000 0.126909
vt 0.618093 0.125024
vt 0.575974 0.125024
vt 0.625000 0.123138
vt 0.624200 0.113002
vt 0.575974 0.106781
vt 0.575974 0.099952
vt 0.625000 0.105199
vt 0.618093 0.103314
vt 0.575974 0.103314
vt 0.625000 0.101485
vt 0.624226 0.093544
vt 0.575974 0.085625
vt 0.575974 0.079109
vt 0.625000 0.084091
vt 0.618093 0.082264
vt 0.575974 0.082263
vt 0.625000 0.080548
vt 0.624243 0.076024
vt 0.575974 0.065666
vt 0.575973 0.059661
vt 0.625000 0.064227
vt 0.618093 0.062514
vt 0.575974 0.062512
vt 0.625000 0.060962
vt 0.624251 0.060711
vt 0.575974 0.047511
vt 0.575974 0.037527
vt 0.625000 0.046210
vt 0.618093 0.044634
vt 0.575974 0.044660
vt 0.625000 0.040782
vt 0.624251 0.089019
vt 0.575974 0.007133
vt 0.575974 0.990016
vt 0.625000 0.003878
vt 0.625000 0.000128
vt 0.604280 0.000000
vt 0.625000 0.999820
vt 0.575974 1.000000
vt 0.575974 0.000000
vt 0.625000 0.081413
vt 0.625000 0.994571
vt 0.624243 0.849613
vt 0.575974 0.947472
vt 0.575973 0.934334
vt 0.625000 0.856075
vt 0.625000 0.942917
vt 0.618093 0.936571
vt 0.575974 0.937488
vt 0.625000 0.935773
vt 0.624226 0.897905
vt 0.575974 0.920891
vt 0.575974 0.914375
vt 0.625000 0.919452
vt 0.618093 0.917736
vt 0.575974 0.917737
vt 0.625000 0.915909
vt 0.575974 0.893219
vt 0.624200 0.881521
vt 0.575974 0.900048
vt 0.625000 0.894801
vt 0.618093 0.896686
vt 0.625000 0.898514
vt 0.575974 0.896686
vt 0.374464 0.155266
vt 0.424027 0.143219
vt 0.424026 0.150048
vt 0.375000 0.144801
vt 0.381907 0.146686
vt 0.424026 0.146686
vt 0.375000 0.148514
vt 0.374419 0.175364
vt 0.424026 0.164375
vt 0.424026 0.170891
vt 0.375000 0.165909
vt 0.381907 0.167736
vt 0.424026 0.167737
vt 0.375000 0.169452
vt 0.374354 0.194535
vt 0.424026 0.184334
vt 0.424026 0.190339
vt 0.375000 0.185773
vt 0.381907 0.187486
vt 0.424026 0.187488
vt 0.375000 0.189038
vt 0.374257 0.216894
vt 0.424026 0.202489
vt 0.424026 0.219605
vt 0.375000 0.203790
vt 0.381907 0.205408
vt 0.424026 0.205340
vt 0.375000 0.213097
vt 0.374098 0.292440
vt 0.424026 0.280395
vt 0.424026 0.297511
vt 0.375000 0.286903
vt 0.381907 0.294592
vt 0.424026 0.294660
vt 0.375000 0.296210
vt 0.373786 0.314730
vt 0.424026 0.309661
vt 0.424026 0.315666
vt 0.375000 0.310962
vt 0.381907 0.312514
vt 0.424026 0.312512
vt 0.375000 0.314227
vt 0.372848 0.333337
vt 0.424026 0.329109
vt 0.424026 0.335625
vt 0.375000 0.330548
vt 0.381907 0.332264
vt 0.424026 0.332263
vt 0.375000 0.334091
vt 0.347856 0.328997
vt 0.424026 0.349952
vt 0.353113 0.296797
vt 0.375000 0.351486
vt 0.381547 0.352955
vt 0.424026 0.353314
vt 0.342367 0.322568
vt 0.088969 0.056461
vt 0.113818 0.070086
vt 0.089013 0.063454
vt 0.054414 0.030760
vt 0.001200 0.000717
vt 0.054265 0.034442
vt 0.000000 0.000000
vt 0.579852 0.328437
vt 0.487038 0.296853
vt 0.575974 0.349952
vt 0.570724 0.322631
vt 0.617495 0.352955
vt 0.575974 0.353314
vt 0.625000 0.351485
vt 0.621416 0.332698
vt 0.575974 0.335625
vt 0.575974 0.329109
vt 0.625000 0.334091
vt 0.618093 0.332264
vt 0.575974 0.332263
vt 0.625000 0.330548
vt 0.622978 0.314052
vt 0.575974 0.315666
vt 0.575974 0.309661
vt 0.625000 0.314227
vt 0.618093 0.312514
vt 0.575974 0.312512
vt 0.625000 0.310962
vt 0.623497 0.291712
vt 0.575974 0.297511
vt 0.575974 0.280395
vt 0.625000 0.296210
vt 0.618093 0.294592
vt 0.575974 0.294660
vt 0.625000 0.286903
vt 0.623763 0.216102
vt 0.575974 0.219605
vt 0.575974 0.202489
vt 0.625000 0.213097
vt 0.618093 0.205408
vt 0.575974 0.205340
vt 0.625000 0.203790
vt 0.623924 0.193659
vt 0.575974 0.190339
vt 0.575974 0.184334
vt 0.625000 0.189038
vt 0.618093 0.187486
vt 0.575974 0.187488
vt 0.625000 0.185773
vt 0.624032 0.174373
vt 0.575974 0.170891
vt 0.575974 0.164375
vt 0.625000 0.169452
vt 0.618093 0.167736
vt 0.575974 0.167737
vt 0.625000 0.165909
vt 0.624107 0.154114
vt 0.575974 0.150048
vt 0.575974 0.143219
vt 0.625000 0.148514
vt 0.618093 0.146686
vt 0.575974 0.146686
vt 0.625000 0.144801
vt 0.070965 0.096563
vt 0.070817 0.103281
vt 0.068291 0.111488
vt 0.000000 0.000000
vt 0.000720 0.001200
vt 0.032568 0.056164
vt 0.032639 0.052510
vt 0.374497 0.863992
vt 0.424026 0.871556
vt 0.424027 0.878491
vt 0.375000 0.873138
vt 0.381907 0.875024
vt 0.424026 0.875024
vt 0.375000 0.876909
vt 0.347911 0.598771
vt 0.353210 0.543405
vt 0.424026 0.650048
vt 0.342435 0.590528
vt 0.381548 0.646087
vt 0.424026 0.646686
vt 0.375000 0.648515
vt 0.372850 0.660987
vt 0.424026 0.664375
vt 0.424026 0.670891
vt 0.375000 0.665909
vt 0.381907 0.667736
vt 0.424026 0.667737
vt 0.375000 0.669452
vt 0.373787 0.682097
vt 0.424026 0.684334
vt 0.424026 0.690339
vt 0.375000 0.685773
vt 0.381907 0.687486
vt 0.424026 0.687488
vt 0.375000 0.689038
vt 0.374099 0.705224
vt 0.424026 0.702489
vt 0.424026 0.719605
vt 0.375000 0.703790
vt 0.381907 0.705408
vt 0.424026 0.705340
vt 0.375000 0.713097
vt 0.374257 0.781200
vt 0.424026 0.780395
vt 0.424026 0.797511
vt 0.375000 0.786903
vt 0.381907 0.794592
vt 0.424026 0.794660
vt 0.375000 0.796210
vt 0.374354 0.803826
vt 0.424026 0.809661
vt 0.424026 0.815666
vt 0.375000 0.810961
vt 0.381907 0.812514
vt 0.424026 0.812512
vt 0.375000 0.814227
vt 0.374419 0.823182
vt 0.424026 0.829109
vt 0.424026 0.835625
vt 0.375000 0.830548
vt 0.381907 0.832264
vt 0.424026 0.832263
vt 0.375000 0.834091
vt 0.374464 0.843420
vt 0.424026 0.849952
vt 0.424026 0.856781
vt 0.375000 0.851485
vt 0.381907 0.853314
vt 0.424026 0.853314
vt 0.375000 0.855199
vt 0.624161 0.862196
vt 0.575974 0.878491
vt 0.575974 0.871556
vt 0.625000 0.876909
vt 0.618093 0.875024
vt 0.575974 0.875024
vt 0.625000 0.873138
vt 0.113818 0.110877
vt 0.088892 0.103281
vt 0.089090 0.096563
vt 0.054281 0.056164
vt 0.001200 0.001200
vt 0.000000 0.000000
vt 0.054398 0.052510
vt 0.624107 0.842025
vt 0.575974 0.856781
vt 0.575974 0.849952
vt 0.625000 0.855199
vt 0.618093 0.853314
vt 0.575974 0.853314
vt 0.625000 0.851485
vt 0.624031 0.822030
vt 0.575974 0.835625
vt 0.575974 0.829109
vt 0.625000 0.834091
vt 0.618093 0.832264
vt 0.575974 0.832263
vt 0.625000 0.830548
vt 0.623924 0.802835
vt 0.575974 0.815666
vt 0.575974 0.809661
vt 0.625000 0.814227
vt 0.618093 0.812514
vt 0.575974 0.812512
vt 0.625000 0.810961
vt 0.623763 0.780324
vt 0.575974 0.797511
vt 0.575974 0.780395
vt 0.625000 0.796210
vt 0.618093 0.794592
vt 0.575974 0.794660
vt 0.625000 0.786903
vt 0.623498 0.704432
vt 0.575974 0.719605
vt 0.575974 0.702489
vt 0.625000 0.713097
vt 0.618093 0.705408
vt 0.575974 0.705340
vt 0.625000 0.703790
vt 0.622978 0.681369
vt 0.575974 0.690339
vt 0.575974 0.684334
vt 0.625000 0.689038
vt 0.618093 0.687486
vt 0.575974 0.687488
vt 0.625000 0.685773
vt 0.621416 0.660308
vt 0.575974 0.670891
vt 0.575974 0.664375
vt 0.625000 0.669452
vt 0.618093 0.667736
vt 0.575974 0.667737
vt 0.625000 0.665909
vt 0.579852 0.598130
vt 0.575974 0.650048
vt 0.487082 0.543405
vt 0.625000 0.648515
vt 0.617495 0.646087
vt 0.575974 0.646686
vt 0.570724 0.590528
vt 0.070947 0.056516
vt 0.070835 0.063392
vt 0.068291 0.070666
vt 0.000000 0.000000
vt 0.000720 0.000723
vt 0.032648 0.034536
vt 0.032559 0.030676
vt 0.347856 0.371496
vt 0.353158 0.333295
vt 0.424026 0.400048
vt 0.342435 0.362238
vt 0.381548 0.396327
vt 0.424026 0.396686
vt 0.375000 0.398515
vt 0.372733 0.417075
vt 0.424026 0.414375
vt 0.424026 0.420891
vt 0.375000 0.415909
vt 0.381907 0.417736
vt 0.424026 0.417737
vt 0.375000 0.419452
vt 0.373595 0.437570
vt 0.424026 0.434334
vt 0.424026 0.440339
vt 0.375000 0.435773
vt 0.381907 0.437486
vt 0.424026 0.437488
vt 0.375000 0.439038
vt 0.373805 0.460505
vt 0.424026 0.452489
vt 0.424026 0.469605
vt 0.375000 0.453790
vt 0.381907 0.455408
vt 0.424026 0.455340
vt 0.375000 0.463097
vt 0.373805 0.536358
vt 0.424026 0.530395
vt 0.424026 0.547511
vt 0.375000 0.536903
vt 0.381907 0.544592
vt 0.424026 0.544660
vt 0.375000 0.546210
vt 0.373595 0.558733
vt 0.424026 0.559661
vt 0.424026 0.565666
vt 0.375000 0.560961
vt 0.381907 0.562514
vt 0.424026 0.562512
vt 0.375000 0.564227
vt 0.372731 0.576927
vt 0.424026 0.579109
vt 0.424026 0.585625
vt 0.375000 0.580548
vt 0.381907 0.582264
vt 0.424026 0.582263
vt 0.375000 0.584091
vt 0.347801 0.556082
vt 0.424026 0.599952
vt 0.353062 0.506750
vt 0.375000 0.601486
vt 0.381547 0.602715
vt 0.424026 0.603314
vt 0.342367 0.550813
vt 0.486883 0.506750
vt 0.575974 0.599952
vt 0.579668 0.555493
vt 0.575974 0.603314
vt 0.617494 0.602715
vt 0.625000 0.601486
vt 0.570612 0.550813
vt 0.621218 0.576355
vt 0.575974 0.585625
vt 0.575974 0.579109
vt 0.625000 0.584091
vt 0.618093 0.582264
vt 0.575974 0.582263
vt 0.625000 0.580548
vt 0.622657 0.558172
vt 0.575974 0.565666
vt 0.575974 0.559661
vt 0.625000 0.564227
vt 0.618093 0.562514
vt 0.575974 0.562512
vt 0.625000 0.560962
vt 0.623008 0.535803
vt 0.575974 0.547511
vt 0.575974 0.530395
vt 0.625000 0.546210
vt 0.618093 0.544592
vt 0.575974 0.544660
vt 0.625000 0.536903
vt 0.623008 0.459953
vt 0.575974 0.469605
vt 0.575974 0.452489
vt 0.625000 0.463097
vt 0.618093 0.455409
vt 0.575974 0.455340
vt 0.625000 0.453790
vt 0.622658 0.437015
vt 0.575974 0.440339
vt 0.575974 0.434334
vt 0.625000 0.439038
vt 0.618093 0.437486
vt 0.575974 0.437488
vt 0.625000 0.435773
vt 0.621218 0.416512
vt 0.575974 0.420891
vt 0.575974 0.414375
vt 0.625000 0.419452
vt 0.618093 0.417736
vt 0.575974 0.417737
vt 0.625000 0.415909
vt 0.486927 0.333232
vt 0.579668 0.370866
vt 0.575974 0.400048
vt 0.570612 0.362166
vt 0.617494 0.396326
vt 0.625000 0.398514
vt 0.575974 0.396686
vt -0.000000 0.500000
vt 1.000000 0.500000
vt 0.750000 0.490000
vt 1.000000 1.000000
vt 0.250000 0.490000
vt -0.000000 1.000000
vt 0.824164 0.478254
vt 0.950000 0.500000
vt 0.324164 0.478254
vt 0.950000 1.000000
vt 0.900000 0.500000
vt 0.891068 0.444164
vt 0.391068 0.444164
vt 0.900000 1.000000
vt 0.850000 0.500000
vt 0.944164 0.391068
vt 0.444164 0.391068
vt 0.850000 1.000000
vt 0.800000 0.500000
vt 0.978254 0.324164
vt 0.478254 0.324164
vt 0.800000 1.000000
vt 0.750000 0.500000
vt 0.990000 0.250000
vt 0.490000 0.250000
vt 0.750000 1.000000
vt 0.700000 0.500000
vt 0.978254 0.175836
vt 0.478254 0.175836
vt 0.700000 1.000000
vt 0.650000 0.500000
vt 0.944164 0.108932
vt 0.444164 0.108932
vt 0.650000 1.000000
vt 0.600000 0.500000
vt 0.891068 0.055836
vt 0.391068 0.055836
vt 0.600000 1.000000
vt 0.550000 0.500000
vt 0.824164 0.021746
vt 0.324164 0.021746
vt 0.550000 1.000000
vt 0.500000 0.500000
vt 0.750000 0.010000
vt 0.250000 0.010000
vt 0.500000 1.000000
vt 0.450000 0.500000
vt 0.675836 0.021746
vt 0.175836 0.021746
vt 0.450000 1.000000
vt 0.400000 0.500000
vt 0.608932 0.055836
vt 0.108932 0.055836
vt 0.400000 1.000000
vt 0.350000 0.500000
vt 0.555836 0.108932
vt 0.055836 0.108932
vt 0.350000 1.000000
vt 0.300000 0.500000
vt 0.521746 0.175836
vt 0.021746 0.175836
vt 0.300000 1.000000
vt 0.250000 0.500000
vt 0.510000 0.250000
vt 0.010000 0.250000
vt 0.250000 1.000000
vt 0.200000 0.500000
vt 0.521746 0.324164
vt 0.021746 0.324164
vt 0.200000 1.000000
vt 0.555836 0.391068
vt 0.150000 0.500000
vt 0.055836 0.391068
vt 0.150000 1.000000
vt 0.100000 0.500000
vt 0.608932 0.444164
vt 0.108932 0.444164
vt 0.100000 1.000000
vt 0.675836 0.478254
vt 0.050000 0.500000
vt 0.175836 0.478254
vt 0.050000 1.000000
vt 0.050000 0.535397
vt 0.050000 0.556406
vt 0.050000 0.536481
vt 0.100000 0.535397
vt 0.100000 0.556406
vt 0.100000 0.536481
vt 1.000000 0.556406
vt -0.000000 0.556406
vt -0.000000 0.535397
vt 1.000000 0.535397
vt -0.000000 0.536481
vt 1.000000 0.536481
vt 0.150000 0.535397
vt 0.150000 0.556406
vt 0.150000 0.536481
vt 0.200000 0.535397
vt 0.200000 0.556406
vt 0.200000 0.536481
vt 0.250000 0.535397
vt 0.250000 0.556406
vt 0.250000 0.536481
vt 0.300000 0.535397
vt 0.300000 0.556406
vt 0.300000 0.536481
vt 0.350000 0.535397
vt 0.350000 0.556406
vt 0.350000 0.536481
vt 0.400000 0.535397
vt 0.400000 0.556406
vt 0.400000 0.536481
vt 0.450000 0.535397
vt 0.450000 0.556406
vt 0.450000 0.536481
vt 0.500000 0.535397
vt 0.500000 0.556406
vt 0.500000 0.536481
vt 0.550000 0.535397
vt 0.550000 0.556406
vt 0.550000 0.536481
vt 0.600000 0.535397
vt 0.600000 0.556406
vt 0.600000 0.536481
vt 0.650000 0.535397
vt 0.650000 0.556406
vt 0.650000 0.536481
vt 0.700000 0.535397
vt 0.700000 0.556406
vt 0.700000 0.536481
vt 0.750000 0.535397
vt 0.750000 0.556406
vt 0.750000 0.536481
vt 0.800000 0.535397
vt 0.800000 0.556406
vt 0.800000 0.536481
vt 0.850000 0.535397
vt 0.850000 0.556406
vt 0.850000 0.536481
vt 0.900000 0.535397
vt 0.900000 0.556406
vt 0.900000 0.536481
vt 0.950000 0.535397
vt 0.950000 0.556406
vt 0.950000 0.536481
vt 0.950000 0.526505
vt 0.950000 0.513586
vt 0.950000 0.526140
vt -0.000000 0.513586
vt 1.000000 0.513586
vt 1.000000 0.526505
vt -0.000000 0.526505
vt 0.999801 0.526140
vt 0.000199 0.526140
vt 0.900000 0.526505
vt 0.900000 0.513586
vt 0.900000 0.526140
vt 0.850000 0.526505
vt 0.850000 0.513586
vt 0.850000 0.526140
vt 0.800000 0.526505
vt 0.800000 0.513586
vt 0.800000 0.526140
vt 0.750000 0.526505
vt 0.750000 0.513586
vt 0.750000 0.526140
vt 0.700000 0.526505
vt 0.700000 0.513586
vt 0.700000 0.526140
vt 0.650000 0.526505
vt 0.650000 0.513586
vt 0.650000 0.526140
vt 0.600000 0.526505
vt 0.600000 0.513586
vt 0.600000 0.526140
vt 0.550000 0.526505
vt 0.550000 0.513586
vt 0.550000 0.526140
vt 0.500000 0.526505
vt 0.500000 0.513586
vt 0.500000 0.526140
vt 0.450000 0.526505
vt 0.450000 0.513586
vt 0.450000 0.526140
vt 0.400000 0.526505
vt 0.400000 0.513586
vt 0.400000 0.526140
vt 0.350000 0.526505
vt 0.350000 0.513586
vt 0.350000 0.526140
vt 0.300000 0.526505
vt 0.300000 0.513586
vt 0.300000 0.526140
vt 0.250000 0.526505
vt 0.250000 0.513586
vt 0.250000 0.526140
vt 0.200000 0.526505
vt 0.200000 0.513586
vt 0.200000 0.526140
vt 0.150000 0.526505
vt 0.150000 0.513586
vt 0.150000 0.526140
vt 0.100000 0.526505
vt 0.100000 0.513586
vt 0.100000 0.526140
vt 0.050000 0.526505
vt 0.050000 0.513586
vt 0.050000 0.526140
s 0
g off
g Сфера_Материал
usemtl Материал
f 122/132/1 16/16/1 10/10/1
f 185/195/2 394/404/2 387/397/2
f 114/124/3 23/23/3 17/17/3
f 107/116/4 30/30/4 24/24/4
f 100/105/5 37/41/5 31/31/5
f 93/98/6 44/49/6 38/42/6
f 86/91/7 51/56/7 45/50/7
f 79/84/8 58/63/8 52/57/8
f 365/375/9 211/221/9 85/90/9
f 241/251/10 3/3/10 65/70/10
f 444/454/11 325/335/11 246/256/11
f 386/396/12 191/201/12 183/193/12
f 177/187/13 198/208/13 192/202/13
f 170/180/14 205/215/14 199/209/14
f 163/173/15 212/222/15 206/216/15
f 156/166/16 219/229/16 213/223/16
f 149/159/17 226/236/17 220/230/17
f 142/152/18 233/243/18 227/237/18
f 324/334/19 261/271/19 247/257/19
f 443/453/20 457/467/20 450/460/20
f 436/446/21 464/474/21 458/468/21
f 429/439/22 471/481/22 465/475/22
f 422/432/23 478/488/23 472/482/23
f 415/425/24 485/495/24 479/489/24
f 408/418/25 492/502/25 486/496/25
f 268/278/26 380/390/26 374/384/26
f 401/411/27 500/510/27 493/503/27
f 310/320/28 338/348/28 332/342/28
f 303/313/29 345/355/29 339/349/29
f 296/306/30 352/362/30 346/356/30
f 289/299/31 359/369/31 353/363/31
f 282/292/32 366/376/32 360/370/32
f 275/285/33 373/383/33 367/377/33
f 317/327/34 9/9/34 255/265/34
f 254/264/35 331/341/35 318/328/35
f 72/77/36 2/2/36 59/64/36
f 135/145/37 240/250/37 234/244/37
f 1/1/38 5/5/38 7/7/38
f 6/6/39 4/4/39 2/2/39
f 7/7/40 6/6/40 3/3/40
f 8/8/41 12/12/41 14/14/41
f 13/13/42 11/11/42 9/9/42
f 14/14/43 13/13/43 10/10/43
f 15/15/44 19/19/44 21/21/44
f 20/20/45 18/18/45 16/16/45
f 21/21/46 20/20/46 17/17/46
f 22/22/47 26/26/47 28/28/47
f 27/27/48 25/25/48 23/23/48
f 28/28/49 27/27/49 24/24/49
f 29/29/50 33/33/50 35/38/50
f 34/37/51 32/32/51 30/30/51
f 35/39/52 34/36/52 31/31/52
f 36/40/53 40/45/53 42/47/53
f 41/46/54 39/43/54 37/41/54
f 42/47/55 41/46/55 38/42/55
f 43/48/56 47/52/56 49/54/56
f 48/53/57 46/51/57 44/49/57
f 49/54/58 48/53/58 45/50/58
f 50/55/59 54/59/59 56/61/59
f 55/60/60 53/58/60 51/56/60
f 56/61/61 55/60/61 52/57/61
f 57/62/62 61/66/62 63/68/62
f 62/67/63 60/65/63 58/63/63
f 63/68/64 62/67/64 59/64/64
f 64/69/65 68/73/65 70/75/65
f 69/74/66 67/72/66 65/70/66
f 70/75/67 69/74/67 66/71/67
f 71/76/68 75/80/68 77/82/68
f 76/81/69 74/79/69 72/77/69
f 77/82/70 76/81/70 73/78/70
f 78/83/71 82/87/71 84/89/71
f 83/88/72 81/86/72 79/84/72
f 84/89/73 83/88/73 80/85/73
f 85/90/74 89/94/74 91/96/74
f 90/95/75 88/93/75 86/91/75
f 91/96/76 90/95/76 87/92/76
f 92/97/77 96/101/77 98/103/77
f 97/102/78 95/100/78 93/98/78
f 98/103/79 97/102/79 94/99/79
f 99/104/80 103/108/80 105/113/80
f 104/112/81 102/107/81 100/105/81
f 105/114/82 104/111/82 101/106/82
f 106/115/83 110/120/83 112/122/83
f 111/121/84 109/119/84 107/116/84
f 112/122/85 111/121/85 108/117/85
f 113/123/86 117/127/86 119/129/86
f 118/128/87 116/126/87 114/124/87
f 119/129/88 118/128/88 115/125/88
f 123/133/89 126/136/89 120/130/89
f 121/131/90 124/134/90 123/133/90
f 126/136/91 125/135/91 122/132/91
f 127/137/92 131/141/92 133/143/92
f 132/142/93 130/140/93 128/138/93
f 133/143/94 132/142/94 129/139/94
f 134/144/95 138/148/95 140/150/95
f 139/149/96 137/147/96 135/145/96
f 140/150/97 139/149/97 136/146/97
f 141/151/98 145/155/98 147/157/98
f 146/156/99 144/154/99 142/152/99
f 147/157/100 146/156/100 143/153/100
f 148/158/101 152/162/101 154/164/101
f 153/163/102 151/161/102 149/159/102
f 154/164/103 153/163/103 150/160/103
f 155/165/104 159/169/104 161/171/104
f 160/170/105 158/168/105 156/166/105
f 161/171/106 160/170/106 157/167/106
f 162/172/107 166/176/107 168/178/107
f 167/177/108 165/175/108 163/173/108
f 168/178/109 167/177/109 164/174/109
f 169/179/110 173/183/110 175/185/110
f 174/184/111 172/182/111 170/180/111
f 175/185/112 174/184/112 171/181/112
f 176/186/113 180/190/113 182/192/113
f 181/191/114 179/189/114 177/187/114
f 182/192/115 181/191/115 178/188/115
f 186/196/116 189/199/116 183/193/116
f 184/194/117 187/197/117 186/196/117
f 189/199/118 188/198/118 185/195/118
f 190/200/119 194/204/119 196/206/119
f 195/205/120 193/203/120 191/201/120
f 196/206/121 195/205/121 192/202/121
f 197/207/122 201/211/122 203/213/122
f 202/212/123 200/210/123 198/208/123
f 203/213/124 202/212/124 199/209/124
f 204/214/125 208/218/125 210/220/125
f 209/219/126 207/217/126 205/215/126
f 210/220/127 209/219/127 206/216/127
f 211/221/128 215/225/128 217/227/128
f 216/226/129 214/224/129 212/222/129
f 217/227/130 216/226/130 213/223/130
f 218/228/131 222/232/131 224/234/131
f 223/233/132 221/231/132 219/229/132
f 224/234/133 223/233/133 220/230/133
f 225/235/134 229/239/134 231/241/134
f 230/240/135 228/238/135 226/236/135
f 231/241/136 230/240/136 227/237/136
f 232/242/137 236/246/137 238/248/137
f 237/247/138 235/245/138 233/243/138
f 238/248/139 237/247/139 234/244/139
f 239/249/140 243/253/140 245/255/140
f 244/254/141 242/252/141 240/250/141
f 245/255/142 244/254/142 241/251/142
f 249/259/143 252/262/143 246/256/143
f 251/261/144 249/259/144 247/257/144
f 248/258/145 250/260/145 251/261/145
f 253/263/146 257/267/146 259/269/146
f 258/268/147 256/266/147 254/264/147
f 259/269/148 258/268/148 255/265/148
f 260/270/149 264/274/149 266/276/149
f 265/275/150 263/273/150 261/271/150
f 266/276/151 265/275/151 262/272/151
f 267/277/152 271/281/152 273/283/152
f 272/282/153 270/280/153 268/278/153
f 273/283/154 272/282/154 269/279/154
f 274/284/155 278/288/155 280/290/155
f 279/289/156 277/287/156 275/285/156
f 280/290/157 279/289/157 276/286/157
f 281/291/158 285/295/158 287/297/158
f 286/296/159 284/294/159 282/292/159
f 287/297/160 286/296/160 283/293/160
f 288/298/161 292/302/161 294/304/161
f 293/303/162 291/301/162 289/299/162
f 294/304/163 293/303/163 290/300/163
f 295/305/164 299/309/164 301/311/164
f 300/310/165 298/308/165 296/306/165
f 301/311/166 300/310/166 297/307/166
f 302/312/167 306/316/167 308/318/167
f 307/317/168 305/315/168 303/313/168
f 308/318/169 307/317/169 304/314/169
f 309/319/170 313/323/170 315/325/170
f 314/324/171 312/322/171 310/320/171
f 315/325/172 314/324/172 311/321/172
f 316/326/173 320/330/173 322/332/173
f 321/331/174 319/329/174 317/327/174
f 322/332/175 321/331/175 318/328/175
f 323/333/176 327/337/176 329/339/176
f 328/338/177 326/336/177 324/334/177
f 329/339/178 328/338/178 325/335/178
f 330/340/179 334/344/179 336/346/179
f 335/345/180 333/343/180 331/341/180
f 336/346/181 335/345/181 332/342/181
f 337/347/182 341/351/182 343/353/182
f 342/352/183 340/350/183 338/348/183
f 343/353/184 342/352/184 339/349/184
f 344/354/185 348/358/185 350/360/185
f 349/359/186 347/357/186 345/355/186
f 350/360/187 349/359/187 346/356/187
f 351/361/188 355/365/188 357/367/188
f 356/366/189 354/364/189 352/362/189
f 357/367/190 356/366/190 353/363/190
f 358/368/191 362/372/191 364/374/191
f 363/373/192 361/371/192 359/369/192
f 364/374/193 363/373/193 360/370/193
f 365/375/194 369/379/194 371/381/194
f 370/380/195 368/378/195 366/376/195
f 371/381/196 370/380/196 367/377/196
f 372/382/197 376/386/197 378/388/197
f 377/387/198 375/385/198 373/383/198
f 378/388/199 377/387/199 374/384/199
f 379/389/200 383/393/200 385/395/200
f 384/394/201 382/392/201 380/390/201
f 385/395/202 384/394/202 381/391/202
f 389/399/203 392/402/203 386/396/203
f 391/401/204 389/399/204 387/397/204
f 388/398/205 390/400/205 391/401/205
f 393/403/206 397/407/206 399/409/206
f 398/408/207 396/406/207 394/404/207
f 399/409/208 398/408/208 395/405/208
f 400/410/209 404/414/209 406/416/209
f 405/415/210 403/413/210 401/411/210
f 406/416/211 405/415/211 402/412/211
f 407/417/212 411/421/212 413/423/212
f 412/422/213 410/420/213 408/418/213
f 413/423/214 412/422/214 409/419/214
f 414/424/215 418/428/215 420/430/215
f 419/429/216 417/427/216 415/425/216
f 420/430/217 419/429/217 416/426/217
f 421/431/218 425/435/218 427/437/218
f 426/436/219 424/434/219 422/432/219
f 427/437/220 426/436/220 423/433/220
f 428/438/221 432/442/221 434/444/221
f 433/443/222 431/441/222 429/439/222
f 434/444/223 433/443/223 430/440/223
f 435/445/224 439/449/224 441/451/224
f 440/450/225 438/448/225 436/446/225
f 441/451/226 440/450/226 437/447/226
f 442/452/227 446/456/227 448/458/227
f 447/457/228 445/455/228 443/453/228
f 448/458/229 447/457/229 444/454/229
f 452/462/230 455/465/230 449/459/230
f 454/464/231 452/462/231 450/460/231
f 451/461/232 453/463/232 454/464/232
f 456/466/233 460/470/233 462/472/233
f 461/471/234 459/469/234 457/467/234
f 462/472/235 461/471/235 458/468/235
f 463/473/236 467/477/236 469/479/236
f 468/478/237 466/476/237 464/474/237
f 469/479/238 468/478/238 465/475/238
f 470/480/239 474/484/239 476/486/239
f 475/485/240 473/483/240 471/481/240
f 476/486/241 475/485/241 472/482/241
f 477/487/242 481/491/242 483/493/242
f 482/492/243 480/490/243 478/488/243
f 483/493/244 482/492/244 479/489/244
f 484/494/245 488/498/245 490/500/245
f 489/499/246 487/497/246 485/495/246
f 490/500/247 489/499/247 486/496/247
f 491/501/248 495/505/248 497/507/248
f 496/506/249 494/504/249 492/502/249
f 497/507/250 496/506/250 493/503/250
f 501/511/251 504/514/251 498/508/251
f 499/509/252 502/512/252 501/511/252
f 504/514/253 503/513/253 500/510/253
f 253/263/254 11/11/254 8/8/254
f 259/269/255 9/9/255 11/11/255
f 10/10/256 126/136/256 122/132/256
f 13/13/257 120/130/257 126/136/257
f 8/8/258 18/18/258 15/15/258
f 14/14/259 16/16/259 18/18/259
f 121/131/260 119/129/260 125/135/260
f 125/135/261 115/125/261 122/132/261
f 17/17/262 118/128/262 114/124/262
f 20/20/263 115/125/263 118/128/263
f 15/15/264 25/25/264 22/22/264
f 21/21/265 23/23/265 25/25/265
f 113/123/266 112/122/266 116/126/266
f 116/126/267 108/117/267 114/124/267
f 24/24/268 111/121/268 107/116/268
f 27/27/269 108/117/269 111/121/269
f 22/22/270 32/32/270 29/29/270
f 28/28/271 30/30/271 32/32/271
f 106/115/272 105/113/272 109/118/272
f 109/119/273 101/106/273 107/116/273
f 31/31/274 104/112/274 100/105/274
f 34/37/275 101/106/275 104/111/275
f 29/29/276 39/44/276 36/40/276
f 35/39/277 37/41/277 39/43/277
f 99/104/278 98/103/278 102/107/278
f 102/107/279 94/99/279 100/105/279
f 38/42/280 97/102/280 93/98/280
f 41/46/281 94/99/281 97/102/281
f 36/40/282 46/51/282 43/48/282
f 42/47/283 44/49/283 46/51/283
f 92/97/284 91/96/284 95/100/284
f 95/100/285 87/92/285 93/98/285
f 45/50/286 90/95/286 86/91/286
f 48/53/287 87/92/287 90/95/287
f 43/48/288 53/58/288 50/55/288
f 49/54/289 51/56/289 53/58/289
f 85/90/290 84/89/290 88/93/290
f 88/93/291 80/85/291 86/91/291
f 52/57/292 83/88/292 79/84/292
f 55/60/293 80/85/293 83/88/293
f 50/55/294 60/65/294 57/62/294
f 56/61/295 58/63/295 60/65/295
f 78/83/296 77/82/296 81/86/296
f 81/86/297 73/78/297 79/84/297
f 59/64/298 76/81/298 72/77/298
f 62/67/299 73/78/299 76/81/299
f 57/62/300 4/4/300 1/1/300
f 63/68/301 2/2/301 4/4/301
f 71/76/302 70/75/302 74/79/302
f 74/79/303 66/71/303 72/77/303
f 3/3/304 69/74/304 65/70/304
f 6/6/305 66/71/305 69/74/305
f 190/200/306 186/196/306 193/203/306
f 193/203/307 183/193/307 191/201/307
f 178/188/308 392/402/308 182/192/308
f 182/192/309 388/398/309 176/186/309
f 498/508/310 188/198/310 501/511/310
f 501/511/311 184/194/311 499/509/311
f 177/187/312 195/205/312 181/191/312
f 181/191/313 191/201/313 178/188/313
f 190/200/314 200/210/314 197/207/314
f 196/206/315 198/208/315 200/210/315
f 176/186/316 175/185/316 179/189/316
f 179/189/317 171/181/317 177/187/317
f 199/209/318 174/184/318 170/180/318
f 202/212/319 171/181/319 174/184/319
f 197/207/320 207/217/320 204/214/320
f 203/213/321 205/215/321 207/217/321
f 169/179/322 168/178/322 172/182/322
f 172/182/323 164/174/323 170/180/323
f 206/216/324 167/177/324 163/173/324
f 209/219/325 164/174/325 167/177/325
f 204/214/326 214/224/326 211/221/326
f 210/220/327 212/222/327 214/224/327
f 162/172/328 161/171/328 165/175/328
f 165/175/329 157/167/329 163/173/329
f 213/223/330 160/170/330 156/166/330
f 216/226/331 157/167/331 160/170/331
f 211/221/332 221/231/332 218/228/332
f 217/227/333 219/229/333 221/231/333
f 155/165/334 154/164/334 158/168/334
f 158/168/335 150/160/335 156/166/335
f 220/230/336 153/163/336 149/159/336
f 223/233/337 150/160/337 153/163/337
f 218/228/338 228/238/338 225/235/338
f 224/234/339 226/236/339 228/238/339
f 148/158/340 147/157/340 151/161/340
f 151/161/341 143/153/341 149/159/341
f 227/237/342 146/156/342 142/152/342
f 230/240/343 143/153/343 146/156/343
f 225/235/344 235/245/344 232/242/344
f 231/241/345 233/243/345 235/245/345
f 141/151/346 140/150/346 144/154/346
f 144/154/347 136/146/347 142/152/347
f 234/244/348 139/149/348 135/145/348
f 237/247/349 136/146/349 139/149/349
f 232/242/350 242/252/350 239/249/350
f 238/248/351 240/250/351 242/252/351
f 134/144/352 133/143/352 137/147/352
f 137/147/353 129/139/353 135/145/353
f 241/251/354 132/142/354 128/138/354
f 244/254/355 129/139/355 132/142/355
f 3/3/356 130/140/356 7/7/356
f 7/7/357 127/137/357 1/1/357
f 246/256/358 448/458/358 444/454/358
f 252/262/359 442/452/359 448/458/359
f 450/460/360 447/457/360 443/453/360
f 452/462/361 444/454/361 447/457/361
f 456/466/362 454/464/362 459/469/362
f 459/469/363 450/460/363 457/467/363
f 435/445/364 445/455/364 442/452/364
f 441/451/365 443/453/365 445/455/365
f 458/468/366 440/450/366 436/446/366
f 461/471/367 437/447/367 440/450/367
f 463/473/368 462/472/368 466/476/368
f 466/476/369 458/468/369 464/474/369
f 428/438/370 438/448/370 435/445/370
f 434/444/371 436/446/371 438/448/371
f 465/475/372 433/443/372 429/439/372
f 468/478/373 430/440/373 433/443/373
f 470/480/374 469/479/374 473/483/374
f 473/483/375 465/475/375 471/481/375
f 421/431/376 431/441/376 428/438/376
f 427/437/377 429/439/377 431/441/377
f 472/482/378 426/436/378 422/432/378
f 475/485/379 423/433/379 426/436/379
f 477/487/380 476/486/380 480/490/380
f 480/490/381 472/482/381 478/488/381
f 414/424/382 424/434/382 421/431/382
f 420/430/383 422/432/383 424/434/383
f 479/489/384 419/429/384 415/425/384
f 482/492/385 416/426/385 419/429/385
f 484/494/386 483/493/386 487/497/386
f 487/497/387 479/489/387 485/495/387
f 407/417/388 417/427/388 414/424/388
f 413/423/389 415/425/389 417/427/389
f 486/496/390 412/422/390 408/418/390
f 489/499/391 409/419/391 412/422/391
f 491/501/392 490/500/392 494/504/392
f 494/504/393 486/496/393 492/502/393
f 400/410/394 410/420/394 407/417/394
f 406/416/395 408/418/395 410/420/395
f 493/503/396 405/415/396 401/411/396
f 496/506/397 402/412/397 405/415/397
f 499/509/398 497/507/398 503/513/398
f 503/513/399 493/503/399 500/510/399
f 393/403/400 403/413/400 400/410/400
f 399/409/401 401/411/401 403/413/401
f 394/404/402 504/514/402 398/408/402
f 398/408/403 500/510/403 395/405/403
f 393/403/404 391/401/404 396/406/404
f 396/406/405 387/397/405 394/404/405
f 316/326/406 333/343/406 330/340/406
f 322/332/407 331/341/407 333/343/407
f 255/265/408 321/331/408 317/327/408
f 258/268/409 318/328/409 321/331/409
f 253/263/410 315/325/410 256/266/410
f 256/266/411 311/321/411 254/264/411
f 332/342/412 314/324/412 310/320/412
f 335/345/413 311/321/413 314/324/413
f 330/340/414 340/350/414 337/347/414
f 336/346/415 338/348/415 340/350/415
f 309/319/416 308/318/416 312/322/416
f 312/322/417 304/314/417 310/320/417
f 339/349/418 307/317/418 303/313/418
f 342/352/419 304/314/419 307/317/419
f 337/347/420 347/357/420 344/354/420
f 343/353/421 345/355/421 347/357/421
f 302/312/422 301/311/422 305/315/422
f 305/315/423 297/307/423 303/313/423
f 346/356/424 300/310/424 296/306/424
f 349/359/425 297/307/425 300/310/425
f 344/354/426 354/364/426 351/361/426
f 350/360/427 352/362/427 354/364/427
f 295/305/428 294/304/428 298/308/428
f 298/308/429 290/300/429 296/306/429
f 353/363/430 293/303/430 289/299/430
f 356/366/431 290/300/431 293/303/431
f 351/361/432 361/371/432 358/368/432
f 357/367/433 359/369/433 361/371/433
f 288/298/434 287/297/434 291/301/434
f 291/301/435 283/293/435 289/299/435
f 360/370/436 286/296/436 282/292/436
f 363/373/437 283/293/437 286/296/437
f 358/368/438 368/378/438 365/375/438
f 364/374/439 366/376/439 368/378/439
f 281/291/440 280/290/440 284/294/440
f 284/294/441 276/286/441 282/292/441
f 367/377/442 279/289/442 275/285/442
f 370/380/443 276/286/443 279/289/443
f 365/375/444 375/385/444 372/382/444
f 371/381/445 373/383/445 375/385/445
f 274/284/446 273/283/446 277/287/446
f 277/287/447 269/279/447 275/285/447
f 374/384/448 272/282/448 268/278/448
f 377/387/449 269/279/449 272/282/449
f 372/382/450 382/392/450 379/389/450
f 378/388/451 380/390/451 382/392/451
f 267/277/452 266/276/452 270/280/452
f 270/280/453 262/272/453 268/278/453
f 381/391/454 265/275/454 261/271/454
f 384/394/455 262/272/455 265/275/455
f 379/389/456 326/336/456 323/333/456
f 385/395/457 324/334/457 326/336/457
f 260/270/458 251/261/458 263/273/458
f 263/273/459 247/257/459 261/271/459
f 239/249/460 67/72/460 64/69/460
f 245/255/461 65/70/461 67/72/461
f 387/397/462 189/199/462 185/195/462
f 389/399/463 183/193/463 189/199/463
f 247/257/464 328/338/464 324/334/464
f 249/259/465 325/335/465 328/338/465
f 120/130/466 319/329/466 123/133/466
f 123/133/467 316/326/467 121/131/467
f 451/461/468 329/339/468 455/465/468
f 455/465/469 325/335/469 449/459/469
f 57/62/470 428/438/470 288/298/470
f 545/597/471 609/666/471 662/720/471
f 606/661/472 509/525/472 507/522/472
f 596/651/473 617/675/473 614/672/473
f 593/648/474 620/678/474 617/675/474
f 609/665/475 602/657/475 605/660/475
f 620/678/476 587/642/476 623/681/476
f 612/670/477 511/529/477 509/525/477
f 587/642/478 626/684/478 623/681/478
f 615/673/479 513/533/479 511/529/479
f 626/684/480 581/636/480 629/687/480
f 513/533/481 621/679/481 515/537/481
f 581/636/482 632/690/482 629/687/482
f 621/679/483 517/541/483 515/537/483
f 578/633/484 635/693/484 632/690/484
f 624/682/485 519/545/485 517/541/485
f 635/693/486 572/627/486 638/696/486
f 627/685/487 521/549/487 519/545/487
f 572/627/488 641/699/488 638/696/488
f 630/688/489 523/553/489 521/549/489
f 641/699/490 566/621/490 644/702/490
f 523/553/491 636/694/491 525/557/491
f 566/621/492 647/705/492 644/702/492
f 636/694/493 527/561/493 525/557/493
f 563/618/494 650/708/494 647/705/494
f 639/697/495 529/565/495 527/561/495
f 650/708/496 557/612/496 653/711/496
f 642/700/497 531/569/497 529/565/497
f 557/612/498 656/714/498 653/711/498
f 645/703/499 533/573/499 531/569/499
f 656/714/500 548/600/500 659/717/500
f 533/573/501 651/709/501 535/577/501
f 659/717/502 545/597/502 662/720/502
f 651/709/503 537/581/503 535/577/503
f 506/518/504 603/658/504 551/603/504
f 534/575/9 518/543/9 510/527/9
f 611/669/505 596/651/505 614/672/505
f 657/715/506 541/589/506 539/586/506
f 602/657/507 611/669/507 605/660/507
f 543/594/508 608/663/508 505/515/508
f 519/546/470 535/578/470 543/593/470
f 542/592/509 546/598/509 549/601/509
f 544/596/510 551/604/510 546/598/510
f 540/588/511 549/601/511 555/610/511
f 538/584/512 555/610/512 558/613/512
f 536/580/513 558/613/513 561/616/513
f 534/576/514 561/616/514 564/619/514
f 532/572/515 564/619/515 567/622/515
f 530/568/516 567/622/516 570/625/516
f 528/564/517 570/625/517 573/628/517
f 526/560/518 573/628/518 576/631/518
f 524/556/519 576/631/519 579/634/519
f 522/552/520 579/634/520 582/637/520
f 520/548/521 582/637/521 585/640/521
f 518/544/522 585/640/522 588/643/522
f 516/540/523 588/643/523 591/646/523
f 514/536/524 591/646/524 594/649/524
f 512/532/525 594/649/525 597/652/525
f 510/528/526 597/652/526 600/655/526
f 508/524/527 600/655/527 603/658/527
f 654/712/528 539/586/528 537/581/528
f 551/604/529 547/599/529 546/598/529
f 553/607/530 545/597/530 547/599/530
f 546/598/531 550/602/531 549/601/531
f 547/599/532 548/600/532 550/602/532
f 549/601/533 556/611/533 555/610/533
f 550/602/534 554/609/534 556/611/534
f 558/613/535 556/611/535 559/614/535
f 559/614/536 554/609/536 557/612/536
f 558/613/537 562/617/537 561/616/537
f 559/614/538 560/615/538 562/617/538
f 561/616/539 565/620/539 564/619/539
f 562/617/540 563/618/540 565/620/540
f 564/619/541 568/623/541 567/622/541
f 565/620/542 566/621/542 568/623/542
f 567/622/543 571/626/543 570/625/543
f 568/623/544 569/624/544 571/626/544
f 573/628/545 571/626/545 574/629/545
f 574/629/546 569/624/546 572/627/546
f 573/628/547 577/632/547 576/631/547
f 574/629/548 575/630/548 577/632/548
f 576/631/549 580/635/549 579/634/549
f 577/632/550 578/633/550 580/635/550
f 579/634/551 583/638/551 582/637/551
f 580/635/552 581/636/552 583/638/552
f 582/637/553 586/641/553 585/640/553
f 583/638/554 584/639/554 586/641/554
f 588/643/555 586/641/555 589/644/555
f 589/644/556 584/639/556 587/642/556
f 588/643/557 592/647/557 591/646/557
f 589/644/558 590/645/558 592/647/558
f 591/646/559 595/650/559 594/649/559
f 592/647/560 593/648/560 595/650/560
f 594/649/561 598/653/561 597/652/561
f 595/650/562 596/651/562 598/653/562
f 597/652/563 601/656/563 600/655/563
f 598/653/564 599/654/564 601/656/564
f 603/658/565 601/656/565 604/659/565
f 604/659/566 599/654/566 602/657/566
f 603/658/567 553/608/567 551/603/567
f 604/659/568 552/606/568 553/608/568
f 660/718/569 543/594/569 541/589/569
f 605/660/570 610/667/570 609/665/570
f 607/662/571 608/664/571 610/667/571
f 611/669/572 607/662/572 605/660/572
f 613/671/573 606/661/573 607/662/573
f 614/672/574 613/671/574 611/669/574
f 616/674/575 612/670/575 613/671/575
f 617/675/576 616/674/576 614/672/576
f 619/677/577 615/673/577 616/674/577
f 620/678/578 619/677/578 617/675/578
f 622/680/579 618/676/579 619/677/579
f 623/681/580 622/680/580 620/678/580
f 625/683/581 621/679/581 622/680/581
f 626/684/582 625/683/582 623/681/582
f 628/686/583 624/682/583 625/683/583
f 629/687/584 628/686/584 626/684/584
f 631/689/585 627/685/585 628/686/585
f 632/690/586 631/689/586 629/687/586
f 634/692/587 630/688/587 631/689/587
f 635/693/588 634/692/588 632/690/588
f 637/695/589 633/691/589 634/692/589
f 638/696/590 637/695/590 635/693/590
f 640/698/591 636/694/591 637/695/591
f 641/699/592 640/698/592 638/696/592
f 643/701/593 639/697/593 640/698/593
f 644/702/594 643/701/594 641/699/594
f 646/704/595 642/700/595 643/701/595
f 647/705/596 646/704/596 644/702/596
f 649/707/597 645/703/597 646/704/597
f 650/708/598 649/707/598 647/705/598
f 652/710/599 648/706/599 649/707/599
f 653/711/600 652/710/600 650/708/600
f 655/713/601 651/709/601 652/710/601
f 656/714/602 655/713/602 653/711/602
f 658/716/603 654/712/603 655/713/603
f 659/717/604 658/716/604 656/714/604
f 661/719/605 657/715/605 658/716/605
f 662/720/606 661/719/606 659/717/606
f 664/722/607 660/718/607 661/719/607
f 609/666/608 664/722/608 662/720/608
f 610/668/609 663/721/609 664/722/609
f 608/664/610 507/522/610 505/516/610
f 122/132/1 115/125/1 16/16/1
f 185/195/611 498/508/611 394/404/611
f 114/124/3 108/117/3 23/23/3
f 107/116/4 101/106/4 30/30/4
f 100/105/5 94/99/5 37/41/5
f 93/98/612 87/92/612 44/49/612
f 86/91/7 80/85/7 51/56/7
f 79/84/8 73/78/8 58/63/8
f 113/123/9 121/131/9 316/326/9
f 316/326/9 330/340/9 337/347/9
f 337/347/9 344/354/9 351/361/9
f 351/361/9 358/368/9 365/375/9
f 365/375/9 372/382/9 379/389/9
f 379/389/9 323/333/9 451/461/9
f 451/461/9 456/466/9 463/473/9
f 463/473/9 470/480/9 477/487/9
f 477/487/9 484/494/9 491/501/9
f 491/501/9 499/509/9 184/194/9
f 184/194/9 190/200/9 197/207/9
f 197/207/9 204/214/9 211/221/9
f 211/221/9 218/228/9 225/235/9
f 225/235/9 232/242/9 239/249/9
f 239/249/9 64/69/9 71/76/9
f 71/76/9 78/83/9 85/90/9
f 85/90/9 92/97/9 99/104/9
f 99/104/9 106/115/9 113/123/9
f 113/123/9 316/326/9 337/347/9
f 337/347/9 351/361/9 365/375/9
f 365/375/9 379/389/9 451/461/9
f 451/461/9 463/473/9 477/487/9
f 477/487/9 491/501/9 184/194/9
f 184/194/9 197/207/9 211/221/9
f 211/221/9 225/235/9 239/249/9
f 239/249/9 71/76/9 85/90/9
f 85/90/9 99/104/9 113/123/9
f 113/123/9 337/347/9 365/375/9
f 365/375/9 451/461/9 477/487/9
f 477/487/9 184/194/9 211/221/9
f 211/221/9 239/249/9 85/90/9
f 85/90/9 113/123/9 365/375/9
f 365/375/9 477/487/9 211/221/9
f 241/251/10 128/138/10 3/3/10
f 444/454/11 449/459/11 325/335/11
f 386/396/613 178/188/613 191/201/613
f 177/187/13 171/181/13 198/208/13
f 170/180/14 164/174/14 205/215/14
f 163/173/15 157/167/15 212/222/15
f 156/166/16 150/160/16 219/229/16
f 149/159/614 143/153/614 226/236/614
f 142/152/18 136/146/18 233/243/18
f 324/334/19 381/391/19 261/271/19
f 443/453/20 437/447/20 457/467/20
f 436/446/21 430/440/21 464/474/21
f 429/439/22 423/433/22 471/481/22
f 422/432/23 416/426/23 478/488/23
f 415/425/24 409/419/24 485/495/24
f 408/418/25 402/412/25 492/502/25
f 268/278/26 262/272/26 380/390/26
f 401/411/27 395/405/27 500/510/27
f 310/320/28 304/314/28 338/348/28
f 303/313/29 297/307/29 345/355/29
f 296/306/30 290/300/30 352/362/30
f 289/299/31 283/293/31 359/369/31
f 282/292/32 276/286/32 366/376/32
f 275/285/33 269/279/33 373/383/33
f 317/327/34 120/130/34 9/9/34
f 254/264/35 311/321/35 331/341/35
f 72/77/36 66/71/36 2/2/36
f 135/145/37 129/139/37 240/250/37
f 1/1/615 4/4/615 5/5/615
f 6/6/616 5/5/616 4/4/616
f 7/7/617 5/5/617 6/6/617
f 8/8/618 11/11/618 12/12/618
f 13/13/619 12/12/619 11/11/619
f 14/14/620 12/12/620 13/13/620
f 15/15/621 18/18/621 19/19/621
f 20/20/622 19/19/622 18/18/622
f 21/21/623 19/19/623 20/20/623
f 22/22/624 25/25/624 26/26/624
f 27/27/625 26/26/625 25/25/625
f 28/28/626 26/26/626 27/27/626
f 29/29/627 32/32/627 33/33/627
f 34/37/628 33/34/628 32/32/628
f 35/39/629 33/35/629 34/36/629
f 36/40/630 39/44/630 40/45/630
f 41/46/631 40/45/631 39/43/631
f 42/47/632 40/45/632 41/46/632
f 43/48/633 46/51/633 47/52/633
f 48/53/634 47/52/634 46/51/634
f 49/54/635 47/52/635 48/53/635
f 50/55/636 53/58/636 54/59/636
f 55/60/637 54/59/637 53/58/637
f 56/61/638 54/59/638 55/60/638
f 57/62/639 60/65/639 61/66/639
f 62/67/640 61/66/640 60/65/640
f 63/68/641 61/66/641 62/67/641
f 64/69/642 67/72/642 68/73/642
f 69/74/643 68/73/643 67/72/643
f 70/75/644 68/73/644 69/74/644
f 71/76/645 74/79/645 75/80/645
f 76/81/646 75/80/646 74/79/646
f 77/82/647 75/80/647 76/81/647
f 78/83/648 81/86/648 82/87/648
f 83/88/649 82/87/649 81/86/649
f 84/89/650 82/87/650 83/88/650
f 85/90/651 88/93/651 89/94/651
f 90/95/652 89/94/652 88/93/652
f 91/96/653 89/94/653 90/95/653
f 92/97/654 95/100/654 96/101/654
f 97/102/655 96/101/655 95/100/655
f 98/103/656 96/101/656 97/102/656
f 99/104/657 102/107/657 103/108/657
f 104/112/658 103/109/658 102/107/658
f 105/114/659 103/110/659 104/111/659
f 106/115/660 109/118/660 110/120/660
f 111/121/661 110/120/661 109/119/661
f 112/122/662 110/120/662 111/121/662
f 113/123/663 116/126/663 117/127/663
f 118/128/664 117/127/664 116/126/664
f 119/129/665 117/127/665 118/128/665
f 123/133/666 124/134/666 126/136/666
f 121/131/667 125/135/667 124/134/667
f 126/136/668 124/134/668 125/135/668
f 127/137/669 130/140/669 131/141/669
f 132/142/670 131/141/670 130/140/670
f 133/143/671 131/141/671 132/142/671
f 134/144/672 137/147/672 138/148/672
f 139/149/673 138/148/673 137/147/673
f 140/150/674 138/148/674 139/149/674
f 141/151/675 144/154/675 145/155/675
f 146/156/676 145/155/676 144/154/676
f 147/157/677 145/155/677 146/156/677
f 148/158/678 151/161/678 152/162/678
f 153/163/679 152/162/679 151/161/679
f 154/164/680 152/162/680 153/163/680
f 155/165/681 158/168/681 159/169/681
f 160/170/682 159/169/682 158/168/682
f 161/171/683 159/169/683 160/170/683
f 162/172/684 165/175/684 166/176/684
f 167/177/685 166/176/685 165/175/685
f 168/178/686 166/176/686 167/177/686
f 169/179/687 172/182/687 173/183/687
f 174/184/688 173/183/688 172/182/688
f 175/185/689 173/183/689 174/184/689
f 176/186/690 179/189/690 180/190/690
f 181/191/691 180/190/691 179/189/691
f 182/192/692 180/190/692 181/191/692
f 186/196/693 187/197/693 189/199/693
f 184/194/694 188/198/694 187/197/694
f 189/199/695 187/197/695 188/198/695
f 190/200/696 193/203/696 194/204/696
f 195/205/697 194/204/697 193/203/697
f 196/206/698 194/204/698 195/205/698
f 197/207/699 200/210/699 201/211/699
f 202/212/700 201/211/700 200/210/700
f 203/213/701 201/211/701 202/212/701
f 204/214/702 207/217/702 208/218/702
f 209/219/703 208/218/703 207/217/703
f 210/220/704 208/218/704 209/219/704
f 211/221/705 214/224/705 215/225/705
f 216/226/706 215/225/706 214/224/706
f 217/227/707 215/225/707 216/226/707
f 218/228/708 221/231/708 222/232/708
f 223/233/709 222/232/709 221/231/709
f 224/234/710 222/232/710 223/233/710
f 225/235/711 228/238/711 229/239/711
f 230/240/712 229/239/712 228/238/712
f 231/241/713 229/239/713 230/240/713
f 232/242/714 235/245/714 236/246/714
f 237/247/715 236/246/715 235/245/715
f 238/248/716 236/246/716 237/247/716
f 239/249/717 242/252/717 243/253/717
f 244/254/718 243/253/718 242/252/718
f 245/255/719 243/253/719 244/254/719
f 249/259/720 250/260/720 252/262/720
f 251/261/721 250/260/721 249/259/721
f 248/258/722 252/262/722 250/260/722
f 253/263/723 256/266/723 257/267/723
f 258/268/724 257/267/724 256/266/724
f 259/269/725 257/267/725 258/268/725
f 260/270/726 263/273/726 264/274/726
f 265/275/727 264/274/727 263/273/727
f 266/276/728 264/274/728 265/275/728
f 267/277/729 270/280/729 271/281/729
f 272/282/730 271/281/730 270/280/730
f 273/283/731 271/281/731 272/282/731
f 274/284/732 277/287/732 278/288/732
f 279/289/733 278/288/733 277/287/733
f 280/290/734 278/288/734 279/289/734
f 281/291/735 284/294/735 285/295/735
f 286/296/736 285/295/736 284/294/736
f 287/297/737 285/295/737 286/296/737
f 288/298/738 291/301/738 292/302/738
f 293/303/739 292/302/739 291/301/739
f 294/304/740 292/302/740 293/303/740
f 295/305/741 298/308/741 299/309/741
f 300/310/742 299/309/742 298/308/742
f 301/311/743 299/309/743 300/310/743
f 302/312/744 305/315/744 306/316/744
f 307/317/745 306/316/745 305/315/745
f 308/318/746 306/316/746 307/317/746
f 309/319/747 312/322/747 313/323/747
f 314/324/748 313/323/748 312/322/748
f 315/325/749 313/323/749 314/324/749
f 316/326/750 319/329/750 320/330/750
f 321/331/751 320/330/751 319/329/751
f 322/332/752 320/330/752 321/331/752
f 323/333/753 326/336/753 327/337/753
f 328/338/754 327/337/754 326/336/754
f 329/339/755 327/337/755 328/338/755
f 330/340/756 333/343/756 334/344/756
f 335/345/757 334/344/757 333/343/757
f 336/346/758 334/344/758 335/345/758
f 337/347/759 340/350/759 341/351/759
f 342/352/760 341/351/760 340/350/760
f 343/353/761 341/351/761 342/352/761
f 344/354/762 347/357/762 348/358/762
f 349/359/763 348/358/763 347/357/763
f 350/360/764 348/358/764 349/359/764
f 351/361/765 354/364/765 355/365/765
f 356/366/766 355/365/766 354/364/766
f 357/367/767 355/365/767 356/366/767
f 358/368/768 361/371/768 362/372/768
f 363/373/769 362/372/769 361/371/769
f 364/374/770 362/372/770 363/373/770
f 365/375/771 368/378/771 369/379/771
f 370/380/772 369/379/772 368/378/772
f 371/381/773 369/379/773 370/380/773
f 372/382/774 375/385/774 376/386/774
f 377/387/775 376/386/775 375/385/775
f 378/388/776 376/386/776 377/387/776
f 379/389/777 382/392/777 383/393/777
f 384/394/778 383/393/778 382/392/778
f 385/395/779 383/393/779 384/394/779
f 389/399/780 390/400/780 392/402/780
f 391/401/781 390/400/781 389/399/781
f 388/398/782 392/402/782 390/400/782
f 393/403/783 396/406/783 397/407/783
f 398/408/784 397/407/784 396/406/784
f 399/409/785 397/407/785 398/408/785
f 400/410/786 403/413/786 404/414/786
f 405/415/787 404/414/787 403/413/787
f 406/416/788 404/414/788 405/415/788
f 407/417/789 410/420/789 411/421/789
f 412/422/790 411/421/790 410/420/790
f 413/423/791 411/421/791 412/422/791
f 414/424/792 417/427/792 418/428/792
f 419/429/793 418/428/793 417/427/793
f 420/430/794 418/428/794 419/429/794
f 421/431/795 424/434/795 425/435/795
f 426/436/796 425/435/796 424/434/796
f 427/437/797 425/435/797 426/436/797
f 428/438/798 431/441/798 432/442/798
f 433/443/799 432/442/799 431/441/799
f 434/444/800 432/442/800 433/443/800
f 435/445/801 438/448/801 439/449/801
f 440/450/802 439/449/802 438/448/802
f 441/451/803 439/449/803 440/450/803
f 442/452/804 445/455/804 446/456/804
f 447/457/805 446/456/805 445/455/805
f 448/458/806 446/456/806 447/457/806
f 452/462/807 453/463/807 455/465/807
f 454/464/808 453/463/808 452/462/808
f 451/461/809 455/465/809 453/463/809
f 456/466/810 459/469/810 460/470/810
f 461/471/811 460/470/811 459/469/811
f 462/472/812 460/470/812 461/471/812
f 463/473/813 466/476/813 467/477/813
f 468/478/814 467/477/814 466/476/814
f 469/479/815 467/477/815 468/478/815
f 470/480/816 473/483/816 474/484/816
f 475/485/817 474/484/817 473/483/817
f 476/486/818 474/484/818 475/485/818
f 477/487/819 480/490/819 481/491/819
f 482/492/820 481/491/820 480/490/820
f 483/493/821 481/491/821 482/492/821
f 484/494/822 487/497/822 488/498/822
f 489/499/823 488/498/823 487/497/823
f 490/500/824 488/498/824 489/499/824
f 491/501/825 494/504/825 495/505/825
f 496/506/826 495/505/826 494/504/826
f 497/507/827 495/505/827 496/506/827
f 501/511/828 502/512/828 504/514/828
f 499/509/829 503/513/829 502/512/829
f 504/514/830 502/512/830 503/513/830
f 253/263/254 259/269/254 11/11/254
f 259/269/255 255/265/255 9/9/255
f 10/10/256 13/13/256 126/136/256
f 13/13/257 9/9/257 120/130/257
f 8/8/258 14/14/258 18/18/258
f 14/14/259 10/10/259 16/16/259
f 121/131/260 113/123/260 119/129/260
f 125/135/261 119/129/261 115/125/261
f 17/17/262 20/20/262 118/128/262
f 20/20/263 16/16/263 115/125/263
f 15/15/264 21/21/264 25/25/264
f 21/21/265 17/17/265 23/23/265
f 113/123/266 106/115/266 112/122/266
f 116/126/267 112/122/267 108/117/267
f 24/24/268 27/27/268 111/121/268
f 27/27/269 23/23/269 108/117/269
f 22/22/831 28/28/831 32/32/831
f 28/28/832 24/24/832 30/30/832
f 106/115/272 99/104/272 105/113/272
f 109/119/833 105/114/833 101/106/833
f 31/31/274 34/36/274 104/112/274
f 34/37/834 30/30/834 101/106/834
f 29/29/276 35/38/276 39/44/276
f 35/39/277 31/31/277 37/41/277
f 99/104/278 92/97/278 98/103/278
f 102/107/279 98/103/279 94/99/279
f 38/42/280 41/46/280 97/102/280
f 41/46/281 37/41/281 94/99/281
f 36/40/282 42/47/282 46/51/282
f 42/47/283 38/42/283 44/49/283
f 92/97/284 85/90/284 91/96/284
f 95/100/285 91/96/285 87/92/285
f 45/50/286 48/53/286 90/95/286
f 48/53/287 44/49/287 87/92/287
f 43/48/288 49/54/288 53/58/288
f 49/54/835 45/50/835 51/56/835
f 85/90/290 78/83/290 84/89/290
f 88/93/836 84/89/836 80/85/836
f 52/57/292 55/60/292 83/88/292
f 55/60/293 51/56/293 80/85/293
f 50/55/294 56/61/294 60/65/294
f 56/61/295 52/57/295 58/63/295
f 78/83/296 71/76/296 77/82/296
f 81/86/297 77/82/297 73/78/297
f 59/64/298 62/67/298 76/81/298
f 62/67/299 58/63/299 73/78/299
f 57/62/300 63/68/300 4/4/300
f 63/68/301 59/64/301 2/2/301
f 71/76/302 64/69/302 70/75/302
f 74/79/303 70/75/303 66/71/303
f 3/3/304 6/6/304 69/74/304
f 6/6/305 2/2/305 66/71/305
f 190/200/306 184/194/306 186/196/306
f 193/203/837 186/196/837 183/193/837
f 178/188/838 386/396/838 392/402/838
f 182/192/839 392/402/839 388/398/839
f 498/508/840 185/195/840 188/198/840
f 501/511/841 188/198/841 184/194/841
f 177/187/842 192/202/842 195/205/842
f 181/191/843 195/205/843 191/201/843
f 190/200/314 196/206/314 200/210/314
f 196/206/315 192/202/315 198/208/315
f 176/186/316 169/179/316 175/185/316
f 179/189/317 175/185/317 171/181/317
f 199/209/318 202/212/318 174/184/318
f 202/212/319 198/208/319 171/181/319
f 197/207/320 203/213/320 207/217/320
f 203/213/321 199/209/321 205/215/321
f 169/179/322 162/172/322 168/178/322
f 172/182/323 168/178/323 164/174/323
f 206/216/324 209/219/324 167/177/324
f 209/219/325 205/215/325 164/174/325
f 204/214/844 210/220/844 214/224/844
f 210/220/845 206/216/845 212/222/845
f 162/172/328 155/165/328 161/171/328
f 165/175/846 161/171/846 157/167/846
f 213/223/330 216/226/330 160/170/330
f 216/226/847 212/222/847 157/167/847
f 211/221/332 217/227/332 221/231/332
f 217/227/333 213/223/333 219/229/333
f 155/165/334 148/158/334 154/164/334
f 158/168/335 154/164/335 150/160/335
f 220/230/336 223/233/336 153/163/336
f 223/233/337 219/229/337 150/160/337
f 218/228/338 224/234/338 228/238/338
f 224/234/339 220/230/339 226/236/339
f 148/158/340 141/151/340 147/157/340
f 151/161/341 147/157/341 143/153/341
f 227/237/342 230/240/342 146/156/342
f 230/240/343 226/236/343 143/153/343
f 225/235/344 231/241/344 235/245/344
f 231/241/345 227/237/345 233/243/345
f 141/151/346 134/144/346 140/150/346
f 144/154/848 140/150/848 136/146/848
f 234/244/348 237/247/348 139/149/348
f 237/247/349 233/243/349 136/146/349
f 232/242/350 238/248/350 242/252/350
f 238/248/351 234/244/351 240/250/351
f 134/144/352 127/137/352 133/143/352
f 137/147/353 133/143/353 129/139/353
f 241/251/354 244/254/354 132/142/354
f 244/254/355 240/250/355 129/139/355
f 3/3/356 128/138/356 130/140/356
f 7/7/357 130/140/357 127/137/357
f 246/256/358 252/262/358 448/458/358
f 252/262/359 248/258/359 442/452/359
f 450/460/360 452/462/360 447/457/360
f 452/462/361 449/459/361 444/454/361
f 456/466/362 451/461/362 454/464/362
f 459/469/363 454/464/363 450/460/363
f 435/445/364 441/451/364 445/455/364
f 441/451/365 437/447/365 443/453/365
f 458/468/366 461/471/366 440/450/366
f 461/471/367 457/467/367 437/447/367
f 463/473/368 456/466/368 462/472/368
f 466/476/369 462/472/369 458/468/369
f 428/438/370 434/444/370 438/448/370
f 434/444/849 430/440/849 436/446/849
f 465/475/372 468/478/372 433/443/372
f 468/478/373 464/474/373 430/440/373
f 470/480/374 463/473/374 469/479/374
f 473/483/375 469/479/375 465/475/375
f 421/431/376 427/437/376 431/441/376
f 427/437/377 423/433/377 429/439/377
f 472/482/378 475/485/378 426/436/378
f 475/485/379 471/481/379 423/433/379
f 477/487/380 470/480/380 476/486/380
f 480/490/381 476/486/381 472/482/381
f 414/424/382 420/430/382 424/434/382
f 420/430/383 416/426/383 422/432/383
f 479/489/384 482/492/384 419/429/384
f 482/492/385 478/488/385 416/426/385
f 484/494/386 477/487/386 483/493/386
f 487/497/850 483/493/850 479/489/850
f 407/417/388 413/423/388 417/427/388
f 413/423/389 409/419/389 415/425/389
f 486/496/390 489/499/390 412/422/390
f 489/499/391 485/495/391 409/419/391
f 491/501/392 484/494/392 490/500/392
f 494/504/393 490/500/393 486/496/393
f 400/410/394 406/416/394 410/420/394
f 406/416/395 402/412/395 408/418/395
f 493/503/396 496/506/396 405/415/396
f 496/506/397 492/502/397 402/412/397
f 499/509/398 491/501/398 497/507/398
f 503/513/399 497/507/399 493/503/399
f 393/403/400 399/409/400 403/413/400
f 399/409/401 395/405/401 401/411/401
f 394/404/851 498/508/851 504/514/851
f 398/408/852 504/514/852 500/510/852
f 393/403/404 388/398/404 391/401/404
f 396/406/853 391/401/853 387/397/853
f 316/326/406 322/332/406 333/343/406
f 322/332/407 318/328/407 331/341/407
f 255/265/408 258/268/408 321/331/408
f 258/268/409 254/264/409 318/328/409
f 253/263/410 309/319/410 315/325/410
f 256/266/411 315/325/411 311/321/411
f 332/342/412 335/345/412 314/324/412
f 335/345/413 331/341/413 311/321/413
f 330/340/414 336/346/414 340/350/414
f 336/346/415 332/342/415 338/348/415
f 309/319/416 302/312/416 308/318/416
f 312/322/417 308/318/417 304/314/417
f 339/349/418 342/352/418 307/317/418
f 342/352/419 338/348/419 304/314/419
f 337/347/420 343/353/420 347/357/420
f 343/353/421 339/349/421 345/355/421
f 302/312/422 295/305/422 301/311/422
f 305/315/423 301/311/423 297/307/423
f 346/356/424 349/359/424 300/310/424
f 349/359/425 345/355/425 297/307/425
f 344/354/854 350/360/854 354/364/854
f 350/360/855 346/356/855 352/362/855
f 295/305/428 288/298/428 294/304/428
f 298/308/429 294/304/429 290/300/429
f 353/363/430 356/366/430 293/303/430
f 356/366/431 352/362/431 290/300/431
f 351/361/432 357/367/432 361/371/432
f 357/367/433 353/363/433 359/369/433
f 288/298/434 281/291/434 287/297/434
f 291/301/435 287/297/435 283/293/435
f 360/370/436 363/373/436 286/296/436
f 363/373/437 359/369/437 283/293/437
f 358/368/438 364/374/438 368/378/438
f 364/374/439 360/370/439 366/376/439
f 281/291/440 274/284/440 280/290/440
f 284/294/441 280/290/441 276/286/441
f 367/377/442 370/380/442 279/289/442
f 370/380/443 366/376/443 276/286/443
f 365/375/444 371/381/444 375/385/444
f 371/381/856 367/377/856 373/383/856
f 274/284/446 267/277/446 273/283/446
f 277/287/857 273/283/857 269/279/857
f 374/384/448 377/387/448 272/282/448
f 377/387/449 373/383/449 269/279/449
f 372/382/450 378/388/450 382/392/450
f 378/388/451 374/384/451 380/390/451
f 267/277/452 260/270/452 266/276/452
f 270/280/453 266/276/453 262/272/453
f 381/391/858 384/394/858 265/275/858
f 384/394/455 380/390/455 262/272/455
f 379/389/456 385/395/456 326/336/456
f 385/395/457 381/391/457 324/334/457
f 260/270/458 248/258/458 251/261/458
f 263/273/459 251/261/459 247/257/459
f 239/249/460 245/255/460 67/72/460
f 245/255/461 241/251/461 65/70/461
f 387/397/859 389/399/859 189/199/859
f 389/399/860 386/396/860 183/193/860
f 247/257/464 249/259/464 328/338/464
f 249/259/465 246/256/465 325/335/465
f 120/130/466 317/327/466 319/329/466
f 123/133/467 319/329/467 316/326/467
f 451/461/468 323/333/468 329/339/468
f 455/465/469 329/339/469 325/335/469
f 253/263/470 8/8/470 15/15/470
f 15/15/470 22/22/470 29/29/470
f 29/29/470 36/40/470 43/48/470
f 43/48/470 50/55/470 57/62/470
f 57/62/470 1/1/470 127/137/470
f 127/137/470 134/144/470 141/151/470
f 141/151/470 148/158/470 155/165/470
f 155/165/470 162/172/470 169/179/470
f 169/179/470 176/186/470 388/398/470
f 388/398/470 393/403/470 400/410/470
f 400/410/470 407/417/470 414/424/470
f 414/424/470 421/431/470 428/438/470
f 428/438/470 435/445/470 442/452/470
f 442/452/470 248/258/470 260/270/470
f 260/270/470 267/277/470 274/284/470
f 274/284/470 281/291/470 288/298/470
f 288/298/470 295/305/470 302/312/470
f 302/312/470 309/319/470 253/263/470
f 253/263/470 15/15/470 29/29/470
f 29/29/470 43/48/470 57/62/470
f 57/62/470 127/137/470 141/151/470
f 141/151/470 155/165/470 169/179/470
f 169/179/470 388/398/470 400/410/470
f 400/410/470 414/424/470 428/438/470
f 428/438/470 442/452/470 260/270/470
f 260/270/470 274/284/470 288/298/470
f 288/298/470 302/312/470 253/263/470
f 253/263/470 29/29/470 57/62/470
f 57/62/470 141/151/470 169/179/470
f 169/179/470 400/410/470 428/438/470
f 428/438/470 260/270/470 288/298/470
f 288/298/470 253/263/470 57/62/470
f 57/62/470 169/179/470 428/438/470
f 545/597/471 552/605/471 609/666/471
f 606/661/472 612/670/472 509/525/472
f 596/651/473 593/648/473 617/675/473
f 593/648/474 590/645/474 620/678/474
f 609/665/475 552/606/475 602/657/475
f 620/678/476 590/645/476 587/642/476
f 612/670/477 615/673/477 511/529/477
f 587/642/478 584/639/478 626/684/478
f 615/673/479 618/676/479 513/533/479
f 626/684/480 584/639/480 581/636/480
f 513/533/481 618/676/481 621/679/481
f 581/636/482 578/633/482 632/690/482
f 621/679/483 624/682/483 517/541/483
f 578/633/484 575/630/484 635/693/484
f 624/682/485 627/685/485 519/545/485
f 635/693/486 575/630/486 572/627/486
f 627/685/487 630/688/487 521/549/487
f 572/627/488 569/624/488 641/699/488
f 630/688/489 633/691/489 523/553/489
f 641/699/490 569/624/490 566/621/490
f 523/553/491 633/691/491 636/694/491
f 566/621/492 563/618/492 647/705/492
f 636/694/493 639/697/493 527/561/493
f 563/618/494 560/615/494 650/708/494
f 639/697/495 642/700/495 529/565/495
f 650/708/496 560/615/496 557/612/496
f 642/700/497 645/703/497 531/569/497
f 557/612/498 554/609/498 656/714/498
f 645/703/499 648/706/499 533/573/499
f 656/714/500 554/609/500 548/600/500
f 533/573/501 648/706/501 651/709/501
f 659/717/502 548/600/502 545/597/502
f 651/709/503 654/712/503 537/581/503
f 506/518/504 508/524/504 603/658/504
f 510/527/9 508/523/9 506/519/9
f 506/519/9 544/595/9 542/591/9
f 542/591/9 540/587/9 538/583/9
f 538/583/9 536/579/9 534/575/9
f 534/575/9 532/571/9 530/567/9
f 530/567/9 528/563/9 526/559/9
f 526/559/9 524/555/9 522/551/9
f 522/551/9 520/547/9 518/543/9
f 518/543/9 516/539/9 514/535/9
f 514/535/9 512/531/9 510/527/9
f 510/527/9 506/519/9 542/591/9
f 542/591/9 538/583/9 534/575/9
f 534/575/9 530/567/9 526/559/9
f 526/559/9 522/551/9 518/543/9
f 518/543/9 514/535/9 510/527/9
f 510/527/9 542/591/9 534/575/9
f 534/575/9 526/559/9 518/543/9
f 611/669/505 599/654/505 596/651/505
f 657/715/506 660/718/506 541/589/506
f 602/657/507 599/654/507 611/669/507
f 543/594/508 663/721/508 608/663/508
f 543/593/470 505/517/470 507/521/470
f 507/521/470 509/526/470 511/530/470
f 511/530/470 513/534/470 515/538/470
f 515/538/470 517/542/470 519/546/470
f 519/546/470 521/550/470 523/554/470
f 523/554/470 525/558/470 527/562/470
f 527/562/470 529/566/470 531/570/470
f 531/570/470 533/574/470 535/578/470
f 535/578/470 537/582/470 539/585/470
f 539/585/470 541/590/470 543/593/470
f 543/593/470 507/521/470 511/530/470
f 511/530/470 515/538/470 519/546/470
f 519/546/470 523/554/470 527/562/470
f 527/562/470 531/570/470 535/578/470
f 535/578/470 539/585/470 543/593/470
f 543/593/470 511/530/470 519/546/470
f 519/546/470 527/562/470 535/578/470
f 542/592/509 544/596/509 546/598/509
f 544/596/510 506/520/510 551/604/510
f 540/588/511 542/592/511 549/601/511
f 538/584/512 540/588/512 555/610/512
f 536/580/513 538/584/513 558/613/513
f 534/576/514 536/580/514 561/616/514
f 532/572/515 534/576/515 564/619/515
f 530/568/516 532/572/516 567/622/516
f 528/564/517 530/568/517 570/625/517
f 526/560/518 528/564/518 573/628/518
f 524/556/519 526/560/519 576/631/519
f 522/552/520 524/556/520 579/634/520
f 520/548/521 522/552/521 582/637/521
f 518/544/522 520/548/522 585/640/522
f 516/540/523 518/544/523 588/643/523
f 514/536/524 516/540/524 591/646/524
f 512/532/525 514/536/525 594/649/525
f 510/528/526 512/532/526 597/652/526
f 508/524/527 510/528/527 600/655/527
f 654/712/528 657/715/528 539/586/528
f 551/604/529 553/607/529 547/599/529
f 553/607/530 552/605/530 545/597/530
f 546/598/531 547/599/531 550/602/531
f 547/599/532 545/597/532 548/600/532
f 549/601/533 550/602/533 556/611/533
f 550/602/534 548/600/534 554/609/534
f 558/613/535 555/610/535 556/611/535
f 559/614/536 556/611/536 554/609/536
f 558/613/537 559/614/537 562/617/537
f 559/614/538 557/612/538 560/615/538
f 561/616/539 562/617/539 565/620/539
f 562/617/540 560/615/540 563/618/540
f 564/619/541 565/620/541 568/623/541
f 565/620/542 563/618/542 566/621/542
f 567/622/543 568/623/543 571/626/543
f 568/623/544 566/621/544 569/624/544
f 573/628/545 570/625/545 571/626/545
f 574/629/546 571/626/546 569/624/546
f 573/628/547 574/629/547 577/632/547
f 574/629/548 572/627/548 575/630/548
f 576/631/549 577/632/549 580/635/549
f 577/632/550 575/630/550 578/633/550
f 579/634/551 580/635/551 583/638/551
f 580/635/552 578/633/552 581/636/552
f 582/637/553 583/638/553 586/641/553
f 583/638/554 581/636/554 584/639/554
f 588/643/555 585/640/555 586/641/555
f 589/644/556 586/641/556 584/639/556
f 588/643/557 589/644/557 592/647/557
f 589/644/558 587/642/558 590/645/558
f 591/646/559 592/647/559 595/650/559
f 592/647/560 590/645/560 593/648/560
f 594/649/561 595/650/561 598/653/561
f 595/650/562 593/648/562 596/651/562
f 597/652/563 598/653/563 601/656/563
f 598/653/564 596/651/564 599/654/564
f 603/658/565 600/655/565 601/656/565
f 604/659/566 601/656/566 599/654/566
f 603/658/567 604/659/567 553/608/567
f 604/659/568 602/657/568 552/606/568
f 660/718/569 663/721/569 543/594/569
f 605/660/570 607/662/570 610/667/570
f 607/662/571 606/661/571 608/664/571
f 611/669/572 613/671/572 607/662/572
f 613/671/573 612/670/573 606/661/573
f 614/672/574 616/674/574 613/671/574
f 616/674/575 615/673/575 612/670/575
f 617/675/576 619/677/576 616/674/576
f 619/677/577 618/676/577 615/673/577
f 620/678/578 622/680/578 619/677/578
f 622/680/579 621/679/579 618/676/579
f 623/681/580 625/683/580 622/680/580
f 625/683/581 624/682/581 621/679/581
f 626/684/582 628/686/582 625/683/582
f 628/686/583 627/685/583 624/682/583
f 629/687/584 631/689/584 628/686/584
f 631/689/585 630/688/585 627/685/585
f 632/690/586 634/692/586 631/689/586
f 634/692/587 633/691/587 630/688/587
f 635/693/588 637/695/588 634/692/588
f 637/695/589 636/694/589 633/691/589
f 638/696/590 640/698/590 637/695/590
f 640/698/591 639/697/591 636/694/591
f 641/699/592 643/701/592 640/698/592
f 643/701/593 642/700/593 639/697/593
f 644/702/594 646/704/594 643/701/594
f 646/704/595 645/703/595 642/700/595
f 647/705/596 649/707/596 646/704/596
f 649/707/597 648/706/597 645/703/597
f 650/708/598 652/710/598 649/707/598
f 652/710/599 651/709/599 648/706/599
f 653/711/600 655/713/600 652/710/600
f 655/713/601 654/712/601 651/709/601
f 656/714/602 658/716/602 655/713/602
f 658/716/603 657/715/603 654/712/603
f 659/717/604 661/719/604 658/716/604
f 661/719/605 660/718/605 657/715/605
f 662/720/606 664/722/606 661/719/606
f 664/722/607 663/721/607 660/718/607
f 609/666/608 610/668/608 664/722/608
f 610/668/609 608/663/609 663/721/609
f 608/664/610 606/661/610 507/522/610
