# Blender 3.4.1
# www.blender.org
mtllib table_circle_100.mtl
g Сфера_Меш
v -0.214012 0.691661 -0.219737
v -0.214012 0.691661 0.216557
v 0.219836 0.691661 -0.219737
v 0.219836 0.691661 0.216557
v -0.212765 0.741611 0.215309
v -0.212765 0.741611 -0.218490
v 0.218588 0.741611 -0.218490
v 0.218588 0.741611 0.215309
v -0.281117 0.691661 0.312030
v -0.309486 0.691661 0.283661
v -0.289426 0.691661 0.291971
v -0.295301 0.691661 0.308230
v -0.305685 0.691661 0.297846
v -0.309486 0.741611 0.283661
v -0.281117 0.741611 0.312030
v -0.289426 0.741611 0.291971
v -0.305685 0.741611 0.297846
v -0.295301 0.741611 0.308230
v -0.309486 0.691661 -0.286842
v -0.281117 0.691661 -0.315211
v -0.289426 0.691661 -0.295151
v -0.305685 0.691661 -0.301026
v -0.295301 0.691661 -0.311410
v -0.281117 0.741611 -0.315211
v -0.309486 0.741611 -0.286842
v -0.289426 0.741611 -0.295151
v -0.295301 0.741611 -0.311410
v -0.305685 0.741611 -0.301026
v 0.315309 0.691661 0.283661
v 0.286940 0.691661 0.312030
v 0.295250 0.691661 0.291971
v 0.311509 0.691661 0.297846
v 0.301125 0.691661 0.308230
v 0.286940 0.741611 0.312030
v 0.315309 0.741611 0.283661
v 0.295250 0.741611 0.291971
v 0.301125 0.741611 0.308230
v 0.311509 0.741611 0.297846
v 0.286940 0.691661 -0.315211
v 0.315309 0.691661 -0.286842
v 0.295250 0.691661 -0.295151
v 0.301125 0.691661 -0.311410
v 0.311509 0.691661 -0.301026
v 0.315309 0.741611 -0.286842
v 0.286940 0.741611 -0.315211
v 0.295250 0.741611 -0.295151
v 0.311509 0.741611 -0.301026
v 0.301125 0.741611 -0.311410
v -0.334600 0.000731 0.351184
v -0.343943 0.000731 0.341836
v -0.339272 0.000731 0.349932
v -0.342692 0.000731 0.346510
v -0.295296 0.692242 0.287538
v -0.285953 0.692242 0.296887
v -0.294044 0.692242 0.292213
v -0.290624 0.692242 0.295635
v -0.343943 0.000731 0.280560
v -0.334600 0.000731 0.271211
v -0.342692 0.000731 0.275886
v -0.339272 0.000731 0.272464
v -0.285953 0.692242 0.216914
v -0.295296 0.692242 0.226263
v -0.290624 0.692242 0.218167
v -0.294044 0.692242 0.221589
v -0.263970 0.000731 0.341836
v -0.273313 0.000731 0.351184
v -0.265222 0.000731 0.346510
v -0.268642 0.000731 0.349932
v -0.224666 0.692242 0.296887
v -0.215323 0.692242 0.287538
v -0.219994 0.692242 0.295635
v -0.216575 0.692242 0.292213
v -0.273313 0.000731 0.271211
v -0.263970 0.000731 0.280560
v -0.268642 0.000731 0.272464
v -0.265222 0.000731 0.275886
v -0.215323 0.692242 0.226263
v -0.224666 0.692242 0.216914
v -0.216575 0.692242 0.221588
v -0.219994 0.692242 0.218167
v 0.276015 0.000433 0.353094
v 0.266674 0.000433 0.343744
v 0.271345 0.000433 0.351842
v 0.267926 0.000433 0.348419
v 0.220276 0.693011 0.287532
v 0.229616 0.693011 0.296883
v 0.221527 0.693011 0.292208
v 0.224946 0.693011 0.295630
v 0.266674 0.000433 0.282445
v 0.276015 0.000433 0.273094
v 0.267926 0.000433 0.277770
v 0.271345 0.000433 0.274347
v 0.229616 0.693011 0.216883
v 0.220276 0.693011 0.226234
v 0.224946 0.693011 0.218136
v 0.221527 0.693011 0.221558
v 0.346675 0.000433 0.343744
v 0.337334 0.000433 0.353094
v 0.345423 0.000433 0.348419
v 0.342004 0.000433 0.351842
v 0.290935 0.693011 0.296883
v 0.300276 0.693011 0.287532
v 0.295605 0.693011 0.295630
v 0.299024 0.693011 0.292208
v 0.337334 0.000433 0.273094
v 0.346675 0.000433 0.282445
v 0.342004 0.000433 0.274347
v 0.345423 0.000433 0.277770
v 0.300276 0.693011 0.226234
v 0.290935 0.693011 0.216883
v 0.299024 0.693011 0.221558
v 0.295605 0.693011 0.218136
v 0.276131 0.000368 -0.271204
v 0.266790 0.000368 -0.280549
v 0.271461 0.000368 -0.272456
v 0.268042 0.000368 -0.275876
v 0.220546 0.691968 -0.230292
v 0.229887 0.691968 -0.220948
v 0.221797 0.691968 -0.225620
v 0.225216 0.691968 -0.222199
v 0.266790 0.000368 -0.341859
v 0.276131 0.000368 -0.351204
v 0.268042 0.000368 -0.346532
v 0.271461 0.000368 -0.349952
v 0.229887 0.691968 -0.300948
v 0.220546 0.691968 -0.291603
v 0.225216 0.691968 -0.299696
v 0.221797 0.691968 -0.296275
v 0.346790 0.000368 -0.280549
v 0.337450 0.000368 -0.271204
v 0.345539 0.000368 -0.275876
v 0.342120 0.000368 -0.272456
v 0.291205 0.691968 -0.220948
v 0.300546 0.691968 -0.230292
v 0.295875 0.691968 -0.222199
v 0.299294 0.691968 -0.225620
v 0.337450 0.000368 -0.351204
v 0.346790 0.000368 -0.341859
v 0.342120 0.000368 -0.349952
v 0.345539 0.000368 -0.346532
v 0.300546 0.691968 -0.291603
v 0.291205 0.691968 -0.300948
v 0.299294 0.691968 -0.296275
v 0.295875 0.691968 -0.299696
v -0.334712 0.001196 -0.271134
v -0.344055 0.001196 -0.280479
v -0.339384 0.001196 -0.272386
v -0.342804 0.001196 -0.275806
v -0.295175 0.692063 -0.230132
v -0.285831 0.692063 -0.220788
v -0.293923 0.692063 -0.225460
v -0.290503 0.692063 -0.222040
v -0.344055 0.001196 -0.341789
v -0.334712 0.001196 -0.351134
v -0.342804 0.001196 -0.346462
v -0.339384 0.001196 -0.349882
v -0.285831 0.692063 -0.300788
v -0.295175 0.692063 -0.291443
v -0.290503 0.692063 -0.299536
v -0.293923 0.692063 -0.296115
v -0.264055 0.001196 -0.280479
v -0.273398 0.001196 -0.271134
v -0.265307 0.001196 -0.275806
v -0.268727 0.001196 -0.272386
v -0.224518 0.692063 -0.220788
v -0.215175 0.692063 -0.230132
v -0.219846 0.692063 -0.222040
v -0.216426 0.692063 -0.225460
v -0.273398 0.001196 -0.351134
v -0.264055 0.001196 -0.341789
v -0.268727 0.001196 -0.349882
v -0.265307 0.001196 -0.346462
v -0.215175 0.692063 -0.291443
v -0.224518 0.692063 -0.300788
v -0.216426 0.692063 -0.296115
v -0.219846 0.692063 -0.299536
v -0.486025 0.731393 -0.000093
v -0.498787 0.745316 0.013775
v -0.498784 0.745316 -0.013964
v -0.495278 0.735471 0.007092
v -0.497125 0.737277 -0.000094
v -0.499288 0.745316 -0.000095
v -0.495277 0.735471 -0.007280
v -0.084318 0.731393 0.478640
v -0.072877 0.745316 0.493618
v -0.100194 0.745316 0.488799
v -0.078849 0.735471 0.489001
v -0.086247 0.737277 0.489573
v -0.086623 0.745316 0.491703
v -0.093002 0.735471 0.486505
v -0.166168 0.731393 0.456708
v -0.157500 0.745316 0.473444
v -0.183566 0.745316 0.463957
v -0.162580 0.735471 0.467861
v -0.169965 0.737277 0.467140
v -0.170705 0.745316 0.469173
v -0.176085 0.735471 0.462946
v -0.242965 0.731393 0.420897
v -0.237335 0.745316 0.438884
v -0.261357 0.745316 0.425015
v -0.241369 0.735471 0.432504
v -0.248516 0.737277 0.430511
v -0.249597 0.745316 0.432384
v -0.253815 0.735471 0.425318
v -0.312377 0.731393 0.372294
v -0.309956 0.745316 0.390985
v -0.331204 0.745316 0.373156
v -0.312820 0.735471 0.384002
v -0.319513 0.737277 0.380798
v -0.320903 0.745316 0.382456
v -0.323830 0.735471 0.374764
v -0.372294 0.731393 0.312377
v -0.373156 0.745316 0.331204
v -0.390985 0.745316 0.309956
v -0.374764 0.735471 0.323830
v -0.380798 0.737277 0.319513
v -0.382456 0.745316 0.320903
v -0.384002 0.735471 0.312820
v -0.420897 0.731393 0.242965
v -0.425015 0.745316 0.261357
v -0.438884 0.745316 0.237335
v -0.425318 0.735471 0.253815
v -0.430511 0.737277 0.248516
v -0.432384 0.745316 0.249597
v -0.432504 0.735471 0.241369
v -0.456708 0.731393 0.166168
v -0.463957 0.745316 0.183566
v -0.473444 0.745316 0.157500
v -0.462946 0.735471 0.176085
v -0.467140 0.737277 0.169965
v -0.469173 0.745316 0.170705
v -0.467861 0.735471 0.162580
v -0.478639 0.731393 0.084319
v -0.488799 0.745316 0.100194
v -0.493616 0.745316 0.072877
v -0.486504 0.735471 0.093003
v -0.489572 0.737277 0.086247
v -0.491702 0.745316 0.086622
v -0.489000 0.735471 0.078849
v -0.486025 0.802387 -0.000093
v -0.498784 0.788464 -0.013964
v -0.498787 0.788464 0.013775
v -0.495277 0.798309 -0.007280
v -0.497125 0.796503 -0.000094
v -0.499288 0.788464 -0.000095
v -0.495278 0.798309 0.007092
v -0.478639 0.802387 0.084319
v -0.493616 0.788464 0.072877
v -0.488799 0.788464 0.100194
v -0.489000 0.798309 0.078849
v -0.489572 0.796503 0.086247
v -0.491702 0.788464 0.086622
v -0.486504 0.798309 0.093003
v -0.456708 0.802387 0.166168
v -0.473444 0.788464 0.157500
v -0.463957 0.788464 0.183566
v -0.467861 0.798309 0.162580
v -0.467140 0.796503 0.169965
v -0.469173 0.788464 0.170705
v -0.462946 0.798309 0.176085
v -0.420897 0.802387 0.242965
v -0.438884 0.788464 0.237335
v -0.425015 0.788464 0.261357
v -0.432504 0.798309 0.241369
v -0.430511 0.796503 0.248516
v -0.432384 0.788464 0.249597
v -0.425318 0.798309 0.253815
v -0.372294 0.802387 0.312377
v -0.390985 0.788464 0.309956
v -0.373156 0.788464 0.331204
v -0.384002 0.798309 0.312820
v -0.380798 0.796503 0.319513
v -0.382456 0.788464 0.320903
v -0.374764 0.798309 0.323830
v -0.312377 0.802387 0.372294
v -0.331204 0.788464 0.373156
v -0.309956 0.788464 0.390985
v -0.323830 0.798309 0.374764
v -0.319513 0.796503 0.380798
v -0.320903 0.788464 0.382456
v -0.312820 0.798309 0.384002
v -0.242965 0.802387 0.420897
v -0.261357 0.788464 0.425015
v -0.237335 0.788464 0.438884
v -0.253815 0.798309 0.425318
v -0.248516 0.796503 0.430511
v -0.249597 0.788464 0.432384
v -0.241369 0.798309 0.432504
v -0.166168 0.802387 0.456708
v -0.183566 0.788464 0.463957
v -0.157500 0.788464 0.473444
v -0.176085 0.798309 0.462946
v -0.169965 0.796503 0.467140
v -0.170705 0.788464 0.469173
v -0.162580 0.798309 0.467861
v -0.072877 0.788464 0.493618
v -0.084318 0.802387 0.478640
v -0.100194 0.788464 0.488799
v -0.078849 0.798309 0.489001
v -0.086247 0.796503 0.489573
v -0.093002 0.798309 0.486505
v -0.086623 0.788464 0.491703
v -0.478640 0.731393 -0.084318
v -0.493618 0.745316 -0.072877
v -0.488799 0.745316 -0.100194
v -0.489001 0.735471 -0.078849
v -0.489573 0.737277 -0.086247
v -0.491703 0.745316 -0.086623
v -0.486505 0.735471 -0.093002
v -0.456708 0.731393 -0.166168
v -0.473444 0.745316 -0.157500
v -0.463957 0.745316 -0.183566
v -0.467861 0.735471 -0.162580
v -0.467140 0.737277 -0.169965
v -0.469173 0.745316 -0.170705
v -0.462946 0.735471 -0.176085
v -0.420897 0.731393 -0.242965
v -0.438884 0.745316 -0.237335
v -0.425015 0.745316 -0.261357
v -0.432504 0.735471 -0.241369
v -0.430511 0.737277 -0.248516
v -0.432384 0.745316 -0.249597
v -0.425318 0.735471 -0.253815
v -0.372294 0.731393 -0.312377
v -0.390985 0.745316 -0.309956
v -0.373156 0.745316 -0.331204
v -0.384002 0.735471 -0.312820
v -0.380798 0.737277 -0.319513
v -0.382456 0.745316 -0.320903
v -0.374764 0.735471 -0.323830
v -0.312377 0.731393 -0.372294
v -0.331204 0.745316 -0.373156
v -0.309956 0.745316 -0.390985
v -0.323830 0.735471 -0.374764
v -0.319513 0.737277 -0.380798
v -0.320903 0.745316 -0.382456
v -0.312820 0.735471 -0.384002
v -0.242965 0.731393 -0.420897
v -0.261357 0.745316 -0.425015
v -0.237335 0.745316 -0.438884
v -0.253815 0.735471 -0.425318
v -0.248516 0.737277 -0.430511
v -0.249597 0.745316 -0.432384
v -0.241369 0.735471 -0.432504
v -0.166168 0.731393 -0.456708
v -0.183566 0.745316 -0.463957
v -0.157500 0.745316 -0.473444
v -0.176085 0.735471 -0.462946
v -0.169965 0.737277 -0.467140
v -0.170705 0.745316 -0.469173
v -0.162580 0.735471 -0.467861
v -0.084318 0.731393 -0.478640
v -0.100194 0.745316 -0.488799
v -0.072877 0.745316 -0.493618
v -0.093002 0.735471 -0.486505
v -0.086247 0.737277 -0.489573
v -0.086623 0.745316 -0.491703
v -0.078849 0.735471 -0.489001
v -0.013812 0.788464 -0.498787
v 0.000093 0.802387 -0.486025
v 0.013927 0.788464 -0.498784
v -0.007111 0.798309 -0.495277
v 0.000075 0.796503 -0.497125
v 0.007262 0.798309 -0.495277
v 0.000057 0.788464 -0.499288
v -0.084319 0.802387 -0.478639
v -0.072877 0.788464 -0.493616
v -0.100194 0.788464 -0.488799
v -0.078849 0.798309 -0.489000
v -0.086247 0.796503 -0.489572
v -0.086622 0.788464 -0.491702
v -0.093003 0.798309 -0.486504
v -0.166168 0.802387 -0.456708
v -0.157500 0.788464 -0.473444
v -0.183566 0.788464 -0.463957
v -0.162580 0.798309 -0.467861
v -0.169965 0.796503 -0.467140
v -0.170705 0.788464 -0.469173
v -0.176085 0.798309 -0.462946
v -0.242965 0.802387 -0.420897
v -0.237335 0.788464 -0.438884
v -0.261357 0.788464 -0.425015
v -0.241369 0.798309 -0.432504
v -0.248516 0.796503 -0.430511
v -0.249597 0.788464 -0.432384
v -0.253815 0.798309 -0.425318
v -0.312377 0.802387 -0.372294
v -0.309956 0.788464 -0.390985
v -0.331204 0.788464 -0.373156
v -0.312820 0.798309 -0.384002
v -0.319513 0.796503 -0.380798
v -0.320903 0.788464 -0.382456
v -0.323830 0.798309 -0.374764
v -0.372294 0.802387 -0.312377
v -0.373156 0.788464 -0.331204
v -0.390985 0.788464 -0.309956
v -0.374764 0.798309 -0.323830
v -0.380798 0.796503 -0.319513
v -0.382456 0.788464 -0.320903
v -0.384002 0.798309 -0.312820
v -0.420897 0.802387 -0.242965
v -0.425015 0.788464 -0.261357
v -0.438884 0.788464 -0.237335
v -0.425318 0.798309 -0.253815
v -0.430511 0.796503 -0.248516
v -0.432384 0.788464 -0.249597
v -0.432504 0.798309 -0.241369
v -0.456708 0.802387 -0.166168
v -0.463957 0.788464 -0.183566
v -0.473444 0.788464 -0.157500
v -0.462946 0.798309 -0.176085
v -0.467140 0.796503 -0.169965
v -0.469173 0.788464 -0.170705
v -0.467861 0.798309 -0.162580
v -0.478640 0.802387 -0.084318
v -0.488799 0.788464 -0.100194
v -0.493618 0.788464 -0.072877
v -0.486505 0.798309 -0.093002
v -0.489573 0.796503 -0.086247
v -0.491703 0.788464 -0.086623
v -0.489001 0.798309 -0.078849
v 0.498784 0.745316 -0.013964
v 0.498787 0.745316 0.013775
v 0.486025 0.731393 -0.000093
v 0.499288 0.745316 -0.000095
v 0.497125 0.737277 -0.000094
v 0.495278 0.735471 0.007092
v 0.495277 0.735471 -0.007280
v -0.000093 0.731393 0.486025
v 0.013775 0.745316 0.498787
v -0.013964 0.745316 0.498784
v 0.007092 0.735471 0.495278
v -0.000094 0.737277 0.497125
v -0.000095 0.745316 0.499288
v -0.007280 0.735471 0.495277
v 0.478639 0.731393 0.084319
v 0.493616 0.745316 0.072877
v 0.488799 0.745316 0.100194
v 0.489000 0.735471 0.078849
v 0.489572 0.737277 0.086247
v 0.491702 0.745316 0.086622
v 0.486504 0.735471 0.093003
v 0.456708 0.731393 0.166168
v 0.473444 0.745316 0.157500
v 0.463957 0.745316 0.183566
v 0.467861 0.735471 0.162580
v 0.467140 0.737277 0.169965
v 0.469173 0.745316 0.170705
v 0.462946 0.735471 0.176085
v 0.420897 0.731393 0.242965
v 0.438884 0.745316 0.237335
v 0.425015 0.745316 0.261357
v 0.432504 0.735471 0.241369
v 0.430511 0.737277 0.248516
v 0.432384 0.745316 0.249597
v 0.425318 0.735471 0.253815
v 0.372294 0.731393 0.312377
v 0.390985 0.745316 0.309956
v 0.373156 0.745316 0.331204
v 0.384002 0.735471 0.312820
v 0.380798 0.737277 0.319513
v 0.382456 0.745316 0.320903
v 0.374764 0.735471 0.323830
v 0.312377 0.731393 0.372294
v 0.331204 0.745316 0.373156
v 0.309956 0.745316 0.390985
v 0.323830 0.735471 0.374764
v 0.319513 0.737277 0.380798
v 0.320903 0.745316 0.382456
v 0.312820 0.735471 0.384002
v 0.242965 0.731393 0.420897
v 0.261357 0.745316 0.425015
v 0.237335 0.745316 0.438884
v 0.253815 0.735471 0.425318
v 0.248516 0.737277 0.430511
v 0.249597 0.745316 0.432384
v 0.241369 0.735471 0.432504
v 0.166168 0.731393 0.456708
v 0.183566 0.745316 0.463957
v 0.157500 0.745316 0.473444
v 0.176085 0.735471 0.462946
v 0.169965 0.737277 0.467140
v 0.170705 0.745316 0.469173
v 0.162580 0.735471 0.467861
v 0.084319 0.731393 0.478639
v 0.100194 0.745316 0.488799
v 0.072877 0.745316 0.493616
v 0.093003 0.735471 0.486504
v 0.086247 0.737277 0.489572
v 0.086622 0.745316 0.491702
v 0.078849 0.735471 0.489000
v -0.000093 0.802387 0.486025
v -0.013964 0.788464 0.498784
v 0.013775 0.788464 0.498787
v -0.007280 0.798309 0.495277
v -0.000094 0.796503 0.497125
v -0.000095 0.788464 0.499288
v 0.007092 0.798309 0.495278
v 0.486025 0.802387 -0.000093
v 0.498787 0.788464 0.013775
v 0.498784 0.788464 -0.013964
v 0.495278 0.798309 0.007092
v 0.497125 0.796503 -0.000094
v 0.499288 0.788464 -0.000095
v 0.495277 0.798309 -0.007280
v 0.084319 0.802387 0.478639
v 0.072877 0.788464 0.493616
v 0.100194 0.788464 0.488799
v 0.078849 0.798309 0.489000
v 0.086247 0.796503 0.489572
v 0.086622 0.788464 0.491702
v 0.093003 0.798309 0.486504
v 0.166168 0.802387 0.456708
v 0.157500 0.788464 0.473444
v 0.183566 0.788464 0.463957
v 0.162580 0.798309 0.467861
v 0.169965 0.796503 0.467140
v 0.170705 0.788464 0.469173
v 0.176085 0.798309 0.462946
v 0.242965 0.802387 0.420897
v 0.237335 0.788464 0.438884
v 0.261357 0.788464 0.425015
v 0.241369 0.798309 0.432504
v 0.248516 0.796503 0.430511
v 0.249597 0.788464 0.432384
v 0.253815 0.798309 0.425318
v 0.312377 0.802387 0.372294
v 0.309956 0.788464 0.390985
v 0.331204 0.788464 0.373156
v 0.312820 0.798309 0.384002
v 0.319513 0.796503 0.380798
v 0.320903 0.788464 0.382456
v 0.323830 0.798309 0.374764
v 0.372294 0.802387 0.312377
v 0.373156 0.788464 0.331204
v 0.390985 0.788464 0.309956
v 0.374764 0.798309 0.323830
v 0.380798 0.796503 0.319513
v 0.382456 0.788464 0.320903
v 0.384002 0.798309 0.312820
v 0.420897 0.802387 0.242965
v 0.425015 0.788464 0.261357
v 0.438884 0.788464 0.237335
v 0.425318 0.798309 0.253815
v 0.430511 0.796503 0.248516
v 0.432384 0.788464 0.249597
v 0.432504 0.798309 0.241369
v 0.456708 0.802387 0.166168
v 0.463957 0.788464 0.183566
v 0.473444 0.788464 0.157500
v 0.462946 0.798309 0.176085
v 0.467140 0.796503 0.169965
v 0.469173 0.788464 0.170705
v 0.467861 0.798309 0.162580
v 0.478639 0.802387 0.084319
v 0.488799 0.788464 0.100194
v 0.493616 0.788464 0.072877
v 0.486504 0.798309 0.093003
v 0.489572 0.796503 0.086247
v 0.491702 0.788464 0.086622
v 0.489000 0.798309 0.078849
v -0.013927 0.745316 -0.498784
v 0.013812 0.745316 -0.498787
v -0.000093 0.731393 -0.486025
v -0.000057 0.745316 -0.499288
v -0.000075 0.737277 -0.497125
v 0.007111 0.735471 -0.495277
v -0.007262 0.735471 -0.495277
v 0.084319 0.731393 -0.478639
v 0.072877 0.745316 -0.493616
v 0.100194 0.745316 -0.488799
v 0.078849 0.735471 -0.489000
v 0.086247 0.737277 -0.489572
v 0.086622 0.745316 -0.491702
v 0.093003 0.735471 -0.486504
v 0.166168 0.731393 -0.456708
v 0.157500 0.745316 -0.473444
v 0.183566 0.745316 -0.463957
v 0.162580 0.735471 -0.467861
v 0.169965 0.737277 -0.467140
v 0.170705 0.745316 -0.469173
v 0.176085 0.735471 -0.462946
v 0.242965 0.731393 -0.420897
v 0.237335 0.745316 -0.438884
v 0.261357 0.745316 -0.425015
v 0.241369 0.735471 -0.432504
v 0.248516 0.737277 -0.430511
v 0.249597 0.745316 -0.432384
v 0.253815 0.735471 -0.425318
v 0.312377 0.731393 -0.372294
v 0.309956 0.745316 -0.390985
v 0.331204 0.745316 -0.373156
v 0.312820 0.735471 -0.384002
v 0.319513 0.737277 -0.380798
v 0.320903 0.745316 -0.382456
v 0.323830 0.735471 -0.374764
v 0.372294 0.731393 -0.312377
v 0.373156 0.745316 -0.331204
v 0.390985 0.745316 -0.309956
v 0.374764 0.735471 -0.323830
v 0.380798 0.737277 -0.319513
v 0.382456 0.745316 -0.320903
v 0.384002 0.735471 -0.312820
v 0.420897 0.731393 -0.242965
v 0.425015 0.745316 -0.261357
v 0.438884 0.745316 -0.237335
v 0.425318 0.735471 -0.253815
v 0.430511 0.737277 -0.248516
v 0.432384 0.745316 -0.249597
v 0.432504 0.735471 -0.241369
v 0.456708 0.731393 -0.166168
v 0.463957 0.745316 -0.183566
v 0.473444 0.745316 -0.157500
v 0.462946 0.735471 -0.176085
v 0.467140 0.737277 -0.169965
v 0.469173 0.745316 -0.170705
v 0.467861 0.735471 -0.162580
v 0.478640 0.731393 -0.084318
v 0.488799 0.745316 -0.100194
v 0.493618 0.745316 -0.072877
v 0.486505 0.735471 -0.093002
v 0.489573 0.737277 -0.086247
v 0.491703 0.745316 -0.086623
v 0.489001 0.735471 -0.078849
v 0.493618 0.788464 -0.072877
v 0.488799 0.788464 -0.100194
v 0.478640 0.802387 -0.084318
v 0.491703 0.788464 -0.086623
v 0.489573 0.796503 -0.086247
v 0.486505 0.798309 -0.093002
v 0.489001 0.798309 -0.078849
v 0.456708 0.802387 -0.166168
v 0.473444 0.788464 -0.157500
v 0.463957 0.788464 -0.183566
v 0.467861 0.798309 -0.162580
v 0.467140 0.796503 -0.169965
v 0.469173 0.788464 -0.170705
v 0.462946 0.798309 -0.176085
v 0.420897 0.802387 -0.242965
v 0.438884 0.788464 -0.237335
v 0.425015 0.788464 -0.261357
v 0.432504 0.798309 -0.241369
v 0.430511 0.796503 -0.248516
v 0.432384 0.788464 -0.249597
v 0.425318 0.798309 -0.253815
v 0.372294 0.802387 -0.312377
v 0.390985 0.788464 -0.309956
v 0.373156 0.788464 -0.331204
v 0.384002 0.798309 -0.312820
v 0.380798 0.796503 -0.319513
v 0.382456 0.788464 -0.320903
v 0.374764 0.798309 -0.323830
v 0.312377 0.802387 -0.372294
v 0.331204 0.788464 -0.373156
v 0.309956 0.788464 -0.390985
v 0.323830 0.798309 -0.374764
v 0.319513 0.796503 -0.380798
v 0.320903 0.788464 -0.382456
v 0.312820 0.798309 -0.384002
v 0.242965 0.802387 -0.420897
v 0.261357 0.788464 -0.425015
v 0.237335 0.788464 -0.438884
v 0.253815 0.798309 -0.425318
v 0.248516 0.796503 -0.430511
v 0.249597 0.788464 -0.432384
v 0.241369 0.798309 -0.432504
v 0.166168 0.802387 -0.456708
v 0.183566 0.788464 -0.463957
v 0.157500 0.788464 -0.473444
v 0.176085 0.798309 -0.462946
v 0.169965 0.796503 -0.467140
v 0.170705 0.788464 -0.469173
v 0.162580 0.798309 -0.467861
v 0.072877 0.788464 -0.493618
v 0.084318 0.802387 -0.478640
v 0.100194 0.788464 -0.488799
v 0.078849 0.798309 -0.489001
v 0.086247 0.796503 -0.489573
v 0.093002 0.798309 -0.486505
v 0.086623 0.788464 -0.491703
vn -0.0000 -0.0000 1.0000
vn -0.0000 -1.0000 -0.0000
vn -0.0000 1.0000 -0.0000
vn 0.9997 -0.0250 -0.0000
vn -1.0000 -0.0000 -0.0000
vn 1.0000 -0.0000 -0.0000
vn -0.0000 -0.0000 -1.0000
vn -0.0000 -0.0250 -0.9997
vn -0.9997 -0.0250 -0.0000
vn -0.0000 -0.0250 0.9997
vn -0.0000 0.0783 0.9969
vn 0.9975 -0.0702 -0.0000
vn -0.9975 0.0702 -0.0000
vn -0.0000 -0.0783 -0.9969
vn -0.0000 0.0809 0.9967
vn 0.9978 0.0668 -0.0000
vn -0.9978 -0.0668 -0.0000
vn -0.0000 -0.0809 -0.9967
vn -0.0000 -0.0725 0.9974
vn 0.9978 0.0667 -0.0000
vn -0.9978 -0.0667 -0.0000
vn -0.0000 0.0725 -0.9974
vn -0.0000 -0.0727 0.9974
vn 0.9975 -0.0706 -0.0000
vn -0.9975 0.0706 -0.0000
vn -0.0000 0.0727 -0.9974
vn -0.2588 -0.0000 0.9659
vn 0.0872 -0.0002 -0.9962
vn -0.4226 -0.0000 0.9063
vn -0.5736 -0.0000 0.8192
vn -0.7071 -0.0000 0.7071
vn -0.8192 -0.0000 0.5736
vn -0.9063 -0.0000 0.4226
vn -0.9659 -0.0000 0.2588
vn -0.9962 -0.0000 -0.0873
vn 0.9962 -0.0000 -0.0873
vn -0.0872 0.0002 -0.9962
vn -0.2588 -0.0000 -0.9659
vn -0.4226 -0.0000 -0.9063
vn -0.5736 -0.0000 -0.8192
vn -0.7071 -0.0000 -0.7071
vn -0.8192 -0.0000 -0.5736
vn -0.9063 -0.0000 -0.4226
vn 0.9962 -0.0000 0.0872
vn 0.9659 -0.0000 -0.2588
vn 0.9063 -0.0000 -0.4226
vn 0.8192 -0.0000 -0.5736
vn 0.7071 -0.0000 -0.7071
vn 0.5736 -0.0000 -0.8192
vn 0.4226 -0.0000 -0.9063
vn 0.9659 -0.0000 0.2588
vn 0.2588 -0.0000 -0.9659
vn 0.2588 -0.0000 0.9659
vn 0.4226 -0.0000 0.9063
vn 0.5736 -0.0000 0.8192
vn 0.7071 -0.0000 0.7071
vn 0.8192 -0.0000 0.5736
vn 0.9063 -0.0000 0.4226
vn -0.0873 -0.0000 0.9962
vn -0.9659 -0.0000 -0.2588
vn -0.2578 0.0936 0.9616
vn -0.7034 0.1047 0.7030
vn -0.9622 0.0879 0.2577
vn -0.2585 -0.0575 -0.9643
vn -0.7073 -0.0057 -0.7069
vn -0.9649 0.0476 -0.2584
vn 0.9622 -0.0879 -0.2577
vn 0.7034 -0.1047 -0.7030
vn 0.2578 -0.0936 -0.9616
vn 0.2585 0.0575 0.9643
vn 0.7073 0.0057 0.7069
vn 0.9649 -0.0476 0.2584
vn -0.2586 0.0609 0.9641
vn -0.7074 0.0100 0.7067
vn -0.9651 -0.0437 0.2583
vn -0.2579 -0.0953 -0.9615
vn -0.7036 -0.1042 -0.7029
vn -0.9625 -0.0854 -0.2576
vn 0.9651 0.0437 -0.2583
vn 0.7074 -0.0100 -0.7067
vn 0.2586 -0.0609 -0.9641
vn 0.2579 0.0953 0.9615
vn 0.7036 0.1042 0.7029
vn 0.9625 0.0854 0.2576
vn -0.2579 -0.0872 0.9622
vn -0.7038 -0.0982 0.7036
vn -0.9626 -0.0831 0.2578
vn -0.2586 0.0528 -0.9646
vn -0.7072 0.0041 -0.7070
vn -0.9649 -0.0457 -0.2584
vn 0.9626 0.0831 -0.2578
vn 0.7038 0.0982 -0.7035
vn 0.2579 0.0872 -0.9622
vn 0.2586 -0.0528 0.9646
vn 0.7072 -0.0041 0.7070
vn 0.9649 0.0457 0.2585
vn -0.2585 -0.0520 0.9646
vn -0.7072 -0.0015 0.7071
vn -0.9648 0.0494 0.2585
vn -0.2578 0.0884 -0.9621
vn -0.7035 0.1010 -0.7034
vn -0.9623 0.0869 -0.2578
vn 0.9648 -0.0494 -0.2585
vn 0.7072 0.0015 -0.7071
vn 0.2585 0.0520 -0.9646
vn 0.2578 -0.0884 0.9621
vn 0.7035 -0.1010 0.7034
vn 0.9623 -0.0869 0.2578
vn 0.0872 -0.0000 0.9962
vn -0.9962 -0.0000 0.0872
vn -0.4659 -0.8790 0.1011
vn -0.9339 -0.3558 0.0338
vn -0.9339 -0.3558 -0.0340
vn 0.0187 -0.8790 0.4764
vn -0.1290 -0.3559 0.9256
vn -0.1956 -0.3559 0.9138
vn -0.0643 -0.8790 0.4724
vn -0.2876 -0.3558 0.8892
vn -0.3512 -0.3558 0.8660
vn -0.1454 -0.8790 0.4541
vn -0.4377 -0.3558 0.8257
vn -0.4963 -0.3558 0.7919
vn -0.2220 -0.8790 0.4219
vn -0.5744 -0.3558 0.7372
vn -0.6263 -0.3558 0.6937
vn -0.2919 -0.8790 0.3770
vn -0.6937 -0.3558 0.6262
vn -0.7372 -0.3558 0.5744
vn -0.3529 -0.8790 0.3205
vn -0.7919 -0.3558 0.4963
vn -0.8257 -0.3558 0.4377
vn -0.4032 -0.8790 0.2544
vn -0.8660 -0.3558 0.3512
vn -0.8892 -0.3558 0.2876
vn -0.4413 -0.8790 0.1805
vn -0.9139 -0.3558 0.1955
vn -0.9256 -0.3558 0.1288
vn -0.4659 0.8790 -0.1012
vn -0.9339 0.3558 -0.0340
vn -0.9339 0.3558 0.0338
vn -0.4764 0.8790 -0.0187
vn -0.9256 0.3558 0.1288
vn -0.9139 0.3558 0.1955
vn -0.4724 0.8790 0.0643
vn -0.8892 0.3558 0.2876
vn -0.8660 0.3558 0.3512
vn -0.4540 0.8790 0.1454
vn -0.8257 0.3558 0.4377
vn -0.7919 0.3558 0.4963
vn -0.4219 0.8790 0.2220
vn -0.7372 0.3558 0.5744
vn -0.6937 0.3558 0.6262
vn -0.3770 0.8790 0.2919
vn -0.6263 0.3558 0.6937
vn -0.5744 0.3558 0.7372
vn -0.3205 0.8790 0.3529
vn -0.4963 0.3558 0.7919
vn -0.4377 0.3558 0.8257
vn -0.2544 0.8790 0.4032
vn -0.3512 0.3558 0.8660
vn -0.2876 0.3558 0.8892
vn -0.1290 0.3559 0.9256
vn -0.1805 0.8790 0.4412
vn -0.1956 0.3559 0.9138
vn -0.4764 -0.8790 0.0187
vn -0.9256 -0.3559 -0.1290
vn -0.9139 -0.3559 -0.1956
vn -0.4724 -0.8790 -0.0643
vn -0.8892 -0.3558 -0.2876
vn -0.8660 -0.3558 -0.3512
vn -0.4540 -0.8790 -0.1454
vn -0.8257 -0.3558 -0.4377
vn -0.7919 -0.3558 -0.4963
vn -0.4219 -0.8790 -0.2220
vn -0.7372 -0.3558 -0.5744
vn -0.6937 -0.3558 -0.6263
vn -0.3769 -0.8790 -0.2919
vn -0.6263 -0.3558 -0.6937
vn -0.5744 -0.3558 -0.7372
vn -0.3205 -0.8790 -0.3529
vn -0.4963 -0.3558 -0.7919
vn -0.4377 -0.3558 -0.8257
vn -0.2544 -0.8790 -0.4032
vn -0.3512 -0.3558 -0.8660
vn -0.2876 -0.3558 -0.8892
vn -0.1805 -0.8790 -0.4412
vn -0.1956 -0.3559 -0.9138
vn -0.1290 -0.3559 -0.9256
vn -0.0338 0.3559 -0.9339
vn 0.1011 0.8790 -0.4661
vn 0.0340 0.3557 -0.9340
vn 0.0187 0.8790 -0.4764
vn -0.1288 0.3558 -0.9256
vn -0.1955 0.3558 -0.9139
vn -0.0643 0.8790 -0.4724
vn -0.2876 0.3558 -0.8892
vn -0.3512 0.3558 -0.8660
vn -0.1454 0.8790 -0.4541
vn -0.4377 0.3558 -0.8257
vn -0.4963 0.3558 -0.7919
vn -0.2220 0.8790 -0.4219
vn -0.5744 0.3558 -0.7372
vn -0.6263 0.3558 -0.6937
vn -0.2919 0.8790 -0.3770
vn -0.6937 0.3558 -0.6262
vn -0.7372 0.3558 -0.5744
vn -0.3529 0.8790 -0.3205
vn -0.7919 0.3558 -0.4963
vn -0.8257 0.3558 -0.4377
vn -0.4032 0.8790 -0.2544
vn -0.8660 0.3558 -0.3512
vn -0.8892 0.3558 -0.2876
vn -0.4412 0.8790 -0.1806
vn -0.9139 0.3559 -0.1956
vn -0.9256 0.3559 -0.1290
vn 0.9339 -0.3558 -0.0340
vn 0.9339 -0.3558 0.0338
vn 0.4659 -0.8790 -0.1012
vn 0.1011 -0.8790 0.4659
vn 0.0338 -0.3558 0.9340
vn -0.0340 -0.3558 0.9339
vn 0.4764 -0.8790 -0.0187
vn 0.9256 -0.3558 0.1288
vn 0.9139 -0.3558 0.1955
vn 0.4724 -0.8790 0.0643
vn 0.8892 -0.3558 0.2876
vn 0.8660 -0.3558 0.3512
vn 0.4540 -0.8790 0.1454
vn 0.8257 -0.3558 0.4377
vn 0.7919 -0.3558 0.4963
vn 0.4219 -0.8790 0.2220
vn 0.7372 -0.3558 0.5744
vn 0.6937 -0.3558 0.6263
vn 0.3769 -0.8790 0.2919
vn 0.6263 -0.3558 0.6937
vn 0.5744 -0.3558 0.7372
vn 0.3205 -0.8790 0.3529
vn 0.4963 -0.3558 0.7919
vn 0.4377 -0.3558 0.8257
vn 0.2544 -0.8790 0.4032
vn 0.3512 -0.3558 0.8660
vn 0.2876 -0.3558 0.8892
vn 0.1805 -0.8790 0.4413
vn 0.1955 -0.3558 0.9139
vn 0.1288 -0.3558 0.9256
vn -0.1012 0.8790 0.4659
vn -0.0340 0.3558 0.9339
vn 0.0338 0.3558 0.9339
vn 0.4659 0.8790 0.1011
vn 0.9339 0.3558 0.0338
vn 0.9339 0.3558 -0.0340
vn -0.0187 0.8790 0.4764
vn 0.1288 0.3558 0.9256
vn 0.1955 0.3558 0.9139
vn 0.0643 0.8790 0.4724
vn 0.2876 0.3558 0.8892
vn 0.3512 0.3558 0.8660
vn 0.1454 0.8790 0.4541
vn 0.4377 0.3558 0.8257
vn 0.4963 0.3558 0.7919
vn 0.2220 0.8790 0.4219
vn 0.5744 0.3558 0.7372
vn 0.6263 0.3558 0.6937
vn 0.2919 0.8790 0.3770
vn 0.6937 0.3558 0.6262
vn 0.7372 0.3558 0.5744
vn 0.3529 0.8790 0.3205
vn 0.7919 0.3558 0.4963
vn 0.8257 0.3558 0.4377
vn 0.4032 0.8790 0.2544
vn 0.8660 0.3558 0.3512
vn 0.8892 0.3558 0.2876
vn 0.4413 0.8790 0.1805
vn 0.9139 0.3558 0.1955
vn 0.9256 0.3558 0.1288
vn -0.0340 -0.3557 -0.9340
vn 0.0338 -0.3559 -0.9339
vn -0.1011 -0.8790 -0.4661
vn -0.0187 -0.8790 -0.4764
vn 0.1288 -0.3558 -0.9256
vn 0.1955 -0.3558 -0.9139
vn 0.0643 -0.8790 -0.4724
vn 0.2876 -0.3558 -0.8892
vn 0.3512 -0.3558 -0.8660
vn 0.1454 -0.8790 -0.4541
vn 0.4377 -0.3558 -0.8257
vn 0.4963 -0.3558 -0.7919
vn 0.2220 -0.8790 -0.4219
vn 0.5744 -0.3558 -0.7372
vn 0.6263 -0.3558 -0.6937
vn 0.2919 -0.8790 -0.3770
vn 0.6937 -0.3558 -0.6262
vn 0.7372 -0.3558 -0.5744
vn 0.3529 -0.8790 -0.3205
vn 0.7919 -0.3558 -0.4963
vn 0.8257 -0.3558 -0.4377
vn 0.4032 -0.8790 -0.2544
vn 0.8660 -0.3558 -0.3512
vn 0.8892 -0.3558 -0.2876
vn 0.4412 -0.8790 -0.1806
vn 0.9139 -0.3559 -0.1956
vn 0.9256 -0.3559 -0.1290
vn 0.9256 0.3559 -0.1290
vn 0.9139 0.3559 -0.1956
vn 0.4764 0.8790 0.0187
vn 0.4724 0.8790 -0.0643
vn 0.8892 0.3558 -0.2876
vn 0.8660 0.3558 -0.3512
vn 0.4540 0.8790 -0.1454
vn 0.8257 0.3558 -0.4377
vn 0.7919 0.3558 -0.4963
vn 0.4219 0.8790 -0.2220
vn 0.7372 0.3558 -0.5744
vn 0.6937 0.3558 -0.6262
vn 0.3770 0.8790 -0.2919
vn 0.6263 0.3558 -0.6937
vn 0.5744 0.3558 -0.7372
vn 0.3205 0.8790 -0.3529
vn 0.4963 0.3558 -0.7919
vn 0.4377 0.3558 -0.8257
vn 0.2544 0.8790 -0.4032
vn 0.3512 0.3558 -0.8660
vn 0.2876 0.3558 -0.8892
vn 0.1290 0.3559 -0.9256
vn 0.1805 0.8790 -0.4412
vn 0.1956 0.3559 -0.9138
vn -0.0334 -0.9239 0.3812
vn -0.0807 -0.3827 0.9203
vn -0.2093 -0.0000 0.9779
vn -0.1380 -0.0000 0.9904
vn -0.0990 -0.9239 0.3697
vn -0.2391 -0.3827 0.8924
vn -0.0990 0.9239 0.3697
vn -0.2391 0.3827 0.8924
vn -0.3758 -0.0000 0.9267
vn -0.3078 -0.0000 0.9515
vn -0.1617 -0.9239 0.3468
vn -0.3904 -0.3827 0.8373
vn -0.1617 0.9239 0.3468
vn -0.3904 0.3827 0.8373
vn -0.5310 -0.0000 0.8474
vn -0.4683 -0.0000 0.8836
vn -0.2195 -0.9239 0.3135
vn -0.5299 -0.3827 0.7568
vn -0.2195 0.9239 0.3135
vn -0.5299 0.3827 0.7568
vn -0.6701 -0.0000 0.7423
vn -0.6146 -0.0000 0.7888
vn -0.2706 -0.9239 0.2706
vn -0.6533 -0.3827 0.6533
vn -0.2706 0.9239 0.2706
vn -0.6533 0.3827 0.6533
vn -0.7888 -0.0000 0.6146
vn -0.7423 -0.0000 0.6701
vn -0.3135 -0.9239 0.2195
vn -0.7568 -0.3827 0.5299
vn -0.3135 0.9239 0.2195
vn -0.7568 0.3827 0.5299
vn -0.8836 -0.0000 0.4683
vn -0.8474 -0.0000 0.5310
vn -0.3468 -0.9239 0.1617
vn -0.8373 -0.3827 0.3904
vn -0.3468 0.9239 0.1617
vn -0.8373 0.3827 0.3904
vn -0.9515 -0.0000 0.3078
vn -0.9267 -0.0000 0.3758
vn -0.3696 -0.9239 0.0990
vn -0.8924 -0.3827 0.2391
vn -0.3697 0.9239 0.0990
vn -0.8924 0.3827 0.2391
vn -0.9905 -0.0000 0.1379
vn -0.9779 -0.0000 0.2092
vn -0.3812 -0.9239 0.0334
vn -0.9204 -0.3827 0.0805
vn -0.3812 0.9239 0.0334
vn -0.9204 0.3827 0.0805
vn -0.9993 -0.0000 -0.0363
vn -0.9993 -0.0000 0.0362
vn -0.0334 0.9239 -0.3812
vn -0.0806 0.3827 -0.9204
vn -0.0807 -0.3827 -0.9203
vn -0.0334 -0.9239 -0.3812
vn 0.0807 0.3827 -0.9203
vn 0.0334 0.9239 -0.3812
vn -0.2093 -0.0000 -0.9779
vn -0.1380 0.0001 -0.9904
vn -0.0990 0.9239 -0.3696
vn -0.2391 0.3827 -0.8924
vn -0.0990 -0.9239 -0.3697
vn -0.2391 -0.3827 -0.8924
vn -0.3758 -0.0000 -0.9267
vn -0.3078 -0.0000 -0.9515
vn -0.1617 0.9239 -0.3468
vn -0.3904 0.3827 -0.8373
vn -0.1617 -0.9239 -0.3468
vn -0.3904 -0.3827 -0.8373
vn -0.5310 -0.0000 -0.8474
vn -0.4683 -0.0000 -0.8836
vn -0.2195 0.9239 -0.3135
vn -0.5299 0.3827 -0.7568
vn -0.2195 -0.9239 -0.3135
vn -0.5299 -0.3827 -0.7568
vn -0.6701 -0.0000 -0.7423
vn -0.6146 -0.0000 -0.7888
vn -0.2706 0.9239 -0.2706
vn -0.6533 0.3827 -0.6533
vn -0.2706 -0.9239 -0.2706
vn -0.6533 -0.3827 -0.6533
vn -0.7888 -0.0000 -0.6146
vn -0.7423 -0.0000 -0.6701
vn -0.3135 0.9239 -0.2195
vn -0.7568 0.3827 -0.5299
vn -0.3135 -0.9239 -0.2195
vn -0.7568 -0.3827 -0.5299
vn -0.8836 -0.0000 -0.4683
vn -0.8474 -0.0000 -0.5310
vn -0.3468 0.9239 -0.1617
vn -0.8373 0.3827 -0.3905
vn -0.3468 -0.9239 -0.1617
vn -0.8373 -0.3827 -0.3905
vn -0.9515 -0.0000 -0.3078
vn -0.9267 -0.0000 -0.3758
vn -0.3697 0.9239 -0.0990
vn -0.8924 0.3827 -0.2391
vn -0.3697 -0.9239 -0.0990
vn -0.8924 -0.3827 -0.2391
vn -0.9904 -0.0000 -0.1380
vn -0.9779 -0.0000 -0.2092
vn -0.9204 -0.3827 -0.0807
vn -0.3812 -0.9239 -0.0334
vn 0.9203 -0.3827 -0.0807
vn 0.3812 -0.9239 -0.0334
vn 0.9779 -0.0000 -0.2093
vn 0.9904 -0.0000 -0.1380
vn 0.3697 0.9239 -0.0990
vn 0.8924 0.3827 -0.2391
vn 0.3696 -0.9239 -0.0990
vn 0.8924 -0.3827 -0.2391
vn 0.9267 -0.0000 -0.3758
vn 0.9515 -0.0000 -0.3078
vn 0.3468 0.9239 -0.1617
vn 0.8373 0.3827 -0.3904
vn 0.3468 -0.9239 -0.1617
vn 0.8373 -0.3827 -0.3904
vn 0.8473 -0.0000 -0.5310
vn 0.8836 -0.0000 -0.4683
vn 0.3135 0.9239 -0.2195
vn 0.7568 0.3827 -0.5299
vn 0.3135 -0.9239 -0.2195
vn 0.7568 -0.3827 -0.5299
vn 0.7423 -0.0000 -0.6701
vn 0.7888 -0.0000 -0.6146
vn 0.2706 0.9239 -0.2706
vn 0.6533 0.3827 -0.6533
vn 0.2706 -0.9239 -0.2706
vn 0.6533 -0.3827 -0.6533
vn 0.6146 -0.0000 -0.7888
vn 0.6701 -0.0000 -0.7423
vn 0.2195 0.9239 -0.3135
vn 0.5299 0.3827 -0.7568
vn 0.2195 -0.9239 -0.3135
vn 0.5299 -0.3827 -0.7568
vn 0.4683 -0.0000 -0.8836
vn 0.5310 -0.0000 -0.8473
vn 0.1617 0.9239 -0.3468
vn 0.3904 0.3827 -0.8373
vn 0.1617 -0.9239 -0.3468
vn 0.3904 -0.3827 -0.8373
vn 0.3078 -0.0000 -0.9515
vn 0.3758 -0.0000 -0.9267
vn 0.0990 0.9239 -0.3697
vn 0.2391 0.3827 -0.8924
vn 0.0991 -0.9239 -0.3697
vn 0.2391 -0.3827 -0.8924
vn 0.1379 -0.0000 -0.9905
vn 0.2092 -0.0000 -0.9779
vn 0.0334 -0.9239 -0.3812
vn 0.0806 -0.3827 -0.9204
vn 0.0334 0.9239 0.3812
vn 0.0805 0.3827 0.9204
vn -0.0363 -0.0000 0.9993
vn 0.0362 -0.0000 0.9993
vn 0.0334 -0.9239 0.3812
vn 0.0805 -0.3827 0.9204
vn 0.2092 -0.0000 0.9779
vn 0.1379 -0.0000 0.9905
vn 0.0990 0.9239 0.3696
vn 0.2391 0.3827 0.8924
vn 0.0990 -0.9239 0.3697
vn 0.2391 -0.3827 0.8924
vn 0.3758 -0.0000 0.9267
vn 0.3078 -0.0000 0.9515
vn 0.1617 0.9239 0.3468
vn 0.3904 0.3827 0.8373
vn 0.1617 -0.9239 0.3468
vn 0.3904 -0.3827 0.8373
vn 0.5310 -0.0000 0.8474
vn 0.4683 -0.0000 0.8836
vn 0.2195 0.9239 0.3135
vn 0.5299 0.3827 0.7568
vn 0.2195 -0.9239 0.3135
vn 0.5299 -0.3827 0.7568
vn 0.6701 -0.0000 0.7423
vn 0.6146 -0.0000 0.7888
vn 0.2706 0.9239 0.2706
vn 0.6533 0.3827 0.6533
vn 0.2706 -0.9239 0.2706
vn 0.6533 -0.3827 0.6533
vn 0.7888 -0.0000 0.6146
vn 0.7423 -0.0000 0.6701
vn 0.3135 0.9239 0.2195
vn 0.7568 0.3827 0.5299
vn 0.3135 -0.9239 0.2195
vn 0.7568 -0.3827 0.5299
vn 0.8836 -0.0000 0.4683
vn 0.8474 -0.0000 0.5310
vn 0.3468 0.9239 0.1617
vn 0.8373 0.3827 0.3905
vn 0.3468 -0.9239 0.1617
vn 0.8373 -0.3827 0.3905
vn 0.9515 -0.0000 0.3078
vn 0.9267 -0.0000 0.3758
vn 0.3697 0.9239 0.0990
vn 0.8924 0.3827 0.2391
vn 0.3696 -0.9239 0.0990
vn 0.8924 -0.3827 0.2391
vn 0.9905 -0.0000 0.1379
vn 0.9779 -0.0000 0.2092
vn 0.3812 0.9239 0.0334
vn 0.9204 0.3827 0.0805
vn 0.3812 -0.9239 0.0334
vn 0.9204 -0.3827 0.0805
vn -0.3812 0.9239 -0.0334
vn -0.9203 0.3827 -0.0807
vn 0.0363 -0.0000 -0.9993
vn -0.0362 0.0001 -0.9993
vn 0.9993 -0.0000 0.0362
vn 0.9993 -0.0000 -0.0363
vn -0.0807 0.3827 0.9203
vn -0.0334 0.9239 0.3812
vn 0.3812 0.9239 -0.0334
vn 0.9203 0.3827 -0.0807
vn -0.0001 1.0000 -0.0000
vn 0.0001 1.0000 -0.0000
vn 0.0873 -0.0001 -0.9962
vn -0.0873 0.0001 -0.9962
vn -0.7038 -0.0982 0.7035
vn -0.9649 -0.0457 -0.2585
vn -0.2579 0.0884 -0.9621
vn 0.2579 -0.0884 0.9621
vn -0.4659 -0.8790 -0.1012
vn -0.9499 -0.2556 0.1799
vn -0.9499 -0.2556 -0.1801
vn -0.1805 -0.8790 0.4412
vn 0.0122 -0.2556 0.9667
vn -0.3423 -0.2556 0.9042
vn -0.2544 -0.8790 0.4032
vn -0.1557 -0.2556 0.9542
vn -0.4940 -0.2556 0.8310
vn -0.3205 -0.8790 0.3529
vn -0.3190 -0.2556 0.9126
vn -0.6308 -0.2556 0.7326
vn -0.3769 -0.8790 0.2919
vn -0.4726 -0.2556 0.8434
vn -0.7485 -0.2556 0.6119
vn -0.4219 -0.8790 0.2220
vn -0.6119 -0.2556 0.7485
vn -0.8434 -0.2556 0.4727
vn -0.4540 -0.8790 0.1454
vn -0.7326 -0.2556 0.6308
vn -0.9126 -0.2556 0.3190
vn -0.4724 -0.8790 0.0643
vn -0.8310 -0.2556 0.4941
vn -0.9542 -0.2556 0.1557
vn -0.4764 -0.8790 -0.0187
vn -0.9042 -0.2556 0.3422
vn -0.9667 -0.2556 -0.0123
vn -0.4659 0.8790 0.1011
vn -0.9499 0.2556 -0.1801
vn -0.9499 0.2556 0.1799
vn -0.4413 0.8790 0.1805
vn -0.9667 0.2556 -0.0123
vn -0.9042 0.2556 0.3422
vn -0.4032 0.8790 0.2544
vn -0.9542 0.2556 0.1557
vn -0.8310 0.2556 0.4940
vn -0.3529 0.8790 0.3205
vn -0.9126 0.2556 0.3190
vn -0.7326 0.2556 0.6308
vn -0.2919 0.8790 0.3770
vn -0.8434 0.2556 0.4727
vn -0.6119 0.2556 0.7485
vn -0.2220 0.8790 0.4219
vn -0.7485 0.2556 0.6119
vn -0.4727 0.2556 0.8434
vn -0.1454 0.8790 0.4541
vn -0.6308 0.2556 0.7326
vn -0.3190 0.2556 0.9126
vn -0.0643 0.8790 0.4724
vn -0.4940 0.2556 0.8310
vn -0.1557 0.2556 0.9542
vn 0.0122 0.2557 0.9667
vn 0.0186 0.8790 0.4764
vn -0.3423 0.2556 0.9041
vn -0.4412 -0.8790 -0.1806
vn -0.9667 -0.2556 0.0122
vn -0.9041 -0.2556 -0.3423
vn -0.4032 -0.8790 -0.2544
vn -0.9542 -0.2556 -0.1557
vn -0.8310 -0.2556 -0.4940
vn -0.3529 -0.8790 -0.3205
vn -0.9126 -0.2556 -0.3190
vn -0.7326 -0.2556 -0.6308
vn -0.2919 -0.8790 -0.3770
vn -0.8434 -0.2556 -0.4727
vn -0.6119 -0.2556 -0.7485
vn -0.2220 -0.8790 -0.4219
vn -0.7485 -0.2556 -0.6119
vn -0.4727 -0.2556 -0.8434
vn -0.1454 -0.8790 -0.4541
vn -0.6308 -0.2556 -0.7326
vn -0.3190 -0.2556 -0.9126
vn -0.0643 -0.8790 -0.4724
vn -0.4940 -0.2556 -0.8310
vn -0.1557 -0.2556 -0.9542
vn 0.0187 -0.8790 -0.4764
vn -0.3423 -0.2556 -0.9042
vn 0.0122 -0.2557 -0.9667
vn -0.1799 0.2560 -0.9498
vn -0.1012 0.8791 -0.4658
vn 0.1801 0.2552 -0.9500
vn -0.1805 0.8790 -0.4413
vn 0.0123 0.2556 -0.9667
vn -0.3422 0.2556 -0.9042
vn -0.2544 0.8790 -0.4032
vn -0.1557 0.2556 -0.9542
vn -0.4940 0.2556 -0.8310
vn -0.3205 0.8790 -0.3529
vn -0.3190 0.2556 -0.9126
vn -0.6308 0.2556 -0.7326
vn -0.3769 0.8790 -0.2919
vn -0.4727 0.2556 -0.8434
vn -0.7485 0.2556 -0.6119
vn -0.4219 0.8790 -0.2220
vn -0.6119 0.2556 -0.7485
vn -0.8434 0.2556 -0.4727
vn -0.4540 0.8790 -0.1454
vn -0.7326 0.2556 -0.6308
vn -0.9126 0.2556 -0.3190
vn -0.4724 0.8790 -0.0643
vn -0.8310 0.2556 -0.4940
vn -0.9542 0.2556 -0.1557
vn -0.4764 0.8790 0.0187
vn -0.9041 0.2556 -0.3423
vn -0.9667 0.2557 0.0122
vn 0.9499 -0.2556 -0.1801
vn 0.9499 -0.2556 0.1799
vn 0.4659 -0.8790 0.1011
vn -0.1012 -0.8790 0.4659
vn 0.1799 -0.2556 0.9499
vn -0.1801 -0.2556 0.9499
vn 0.4413 -0.8790 0.1805
vn 0.9667 -0.2556 -0.0123
vn 0.9042 -0.2556 0.3422
vn 0.4032 -0.8790 0.2544
vn 0.9542 -0.2556 0.1557
vn 0.8310 -0.2556 0.4940
vn 0.3529 -0.8790 0.3205
vn 0.9126 -0.2556 0.3190
vn 0.7326 -0.2556 0.6308
vn 0.2919 -0.8790 0.3770
vn 0.8434 -0.2556 0.4727
vn 0.6119 -0.2556 0.7485
vn 0.2220 -0.8790 0.4219
vn 0.7485 -0.2556 0.6119
vn 0.4727 -0.2556 0.8434
vn 0.1454 -0.8790 0.4541
vn 0.6308 -0.2556 0.7326
vn 0.3190 -0.2556 0.9126
vn 0.0643 -0.8790 0.4724
vn 0.4940 -0.2556 0.8310
vn 0.1557 -0.2556 0.9542
vn -0.0187 -0.8790 0.4764
vn 0.3422 -0.2556 0.9042
vn -0.0123 -0.2556 0.9667
vn 0.1011 0.8790 0.4659
vn -0.1801 0.2556 0.9499
vn 0.1799 0.2556 0.9499
vn 0.4659 0.8790 -0.1012
vn 0.9499 0.2556 0.1799
vn 0.9499 0.2556 -0.1801
vn 0.1805 0.8790 0.4413
vn -0.0123 0.2556 0.9667
vn 0.3422 0.2556 0.9042
vn 0.2544 0.8790 0.4032
vn 0.1557 0.2556 0.9542
vn 0.4940 0.2556 0.8310
vn 0.3205 0.8790 0.3529
vn 0.3190 0.2556 0.9126
vn 0.6308 0.2556 0.7326
vn 0.3769 0.8790 0.2919
vn 0.4727 0.2556 0.8434
vn 0.7485 0.2556 0.6119
vn 0.4219 0.8790 0.2220
vn 0.6119 0.2556 0.7485
vn 0.8434 0.2556 0.4727
vn 0.4540 0.8790 0.1454
vn 0.7326 0.2556 0.6308
vn 0.9126 0.2556 0.3190
vn 0.4724 0.8790 0.0643
vn 0.8310 0.2556 0.4940
vn 0.9542 0.2556 0.1557
vn 0.4764 0.8790 -0.0187
vn 0.9042 0.2556 0.3422
vn 0.9667 0.2556 -0.0123
vn -0.1801 -0.2552 -0.9500
vn 0.1799 -0.2560 -0.9498
vn 0.1011 -0.8791 -0.4658
vn 0.1805 -0.8790 -0.4413
vn -0.0123 -0.2556 -0.9667
vn 0.3422 -0.2556 -0.9042
vn 0.2544 -0.8790 -0.4032
vn 0.1557 -0.2556 -0.9542
vn 0.4940 -0.2556 -0.8310
vn 0.3205 -0.8790 -0.3529
vn 0.3190 -0.2556 -0.9126
vn 0.6308 -0.2556 -0.7326
vn 0.3769 -0.8790 -0.2919
vn 0.4726 -0.2556 -0.8434
vn 0.7485 -0.2556 -0.6119
vn 0.4219 -0.8790 -0.2220
vn 0.6119 -0.2556 -0.7485
vn 0.8434 -0.2556 -0.4727
vn 0.4540 -0.8790 -0.1454
vn 0.7326 -0.2556 -0.6308
vn 0.9126 -0.2556 -0.3190
vn 0.4724 -0.8790 -0.0643
vn 0.8310 -0.2556 -0.4941
vn 0.9542 -0.2556 -0.1557
vn 0.4764 -0.8790 0.0187
vn 0.9041 -0.2556 -0.3423
vn 0.9667 -0.2556 0.0122
vn 0.9667 0.2556 0.0122
vn 0.9041 0.2556 -0.3423
vn 0.4412 0.8790 -0.1806
vn 0.4032 0.8790 -0.2544
vn 0.9542 0.2556 -0.1557
vn 0.8310 0.2556 -0.4940
vn 0.3529 0.8790 -0.3205
vn 0.9126 0.2556 -0.3190
vn 0.7326 0.2556 -0.6308
vn 0.2919 0.8790 -0.3770
vn 0.8434 0.2556 -0.4727
vn 0.6119 0.2556 -0.7485
vn 0.2220 0.8790 -0.4219
vn 0.7485 0.2556 -0.6119
vn 0.4727 0.2556 -0.8434
vn 0.1454 0.8790 -0.4541
vn 0.6308 0.2556 -0.7326
vn 0.3190 0.2556 -0.9126
vn 0.0643 0.8790 -0.4724
vn 0.4940 0.2556 -0.8310
vn 0.1557 0.2556 -0.9542
vn -0.0122 0.2557 -0.9667
vn -0.0186 0.8790 -0.4764
vn 0.3423 0.2556 -0.9041
vn -0.0990 0.9239 0.3696
vn -0.5310 -0.0000 0.8473
vn -0.8473 -0.0000 0.5310
vn -0.8373 -0.3827 0.3905
vn -0.8373 0.3827 0.3905
vn -0.9904 -0.0000 0.1379
vn -0.0805 0.3829 -0.9203
vn -0.0807 -0.3825 -0.9204
vn -0.0334 -0.9239 -0.3813
vn 0.0807 0.3825 -0.9204
vn 0.0334 0.9239 -0.3813
vn -0.2092 -0.0000 -0.9779
vn -0.1379 -0.0000 -0.9905
vn -0.0990 0.9239 -0.3697
vn -0.0990 -0.9239 -0.3696
vn -0.8473 -0.0000 -0.5310
vn -0.8373 0.3827 -0.3904
vn -0.8373 -0.3827 -0.3904
vn -0.3696 0.9239 -0.0990
vn -0.9779 -0.0000 -0.2093
vn -0.9203 -0.3827 -0.0807
vn 0.9779 -0.0000 -0.2092
vn 0.3697 -0.9239 -0.0990
vn 0.8373 0.3827 -0.3905
vn 0.8373 -0.3827 -0.3905
vn 0.8474 -0.0000 -0.5310
vn 0.5310 -0.0000 -0.8474
vn 0.0990 0.9239 -0.3696
vn 0.0990 -0.9239 -0.3696
vn 0.1380 -0.0001 -0.9904
vn 0.2093 -0.0000 -0.9779
vn 0.0805 -0.3829 -0.9203
vn 0.0990 0.9239 0.3697
vn 0.0990 -0.9239 0.3696
vn 0.8473 -0.0000 0.5310
vn 0.8373 0.3827 0.3904
vn 0.8373 -0.3827 0.3904
vn 0.3696 0.9239 0.0990
vn 0.3697 -0.9239 0.0990
vn 0.9904 -0.0000 0.1379
vn 0.0362 -0.0001 -0.9993
vn -0.0363 -0.0000 -0.9993
vt 0.375000 0.250000
vt 0.375000 1.000000
vt 0.375000 0.000000
vt 0.375000 0.500000
vt 0.375000 0.750000
vt 0.625000 1.000000
vt 0.625000 0.000000
vt 0.625000 0.250000
vt 0.625000 0.500000
vt 0.625000 0.750000
vt 0.375000 0.000000
vt 0.375000 0.988649
vt 0.375000 0.011307
vt 0.375000 0.007995
vt 0.375000 1.000000
vt 0.375000 0.000000
vt 0.375000 0.001515
vt 0.375000 0.000000
vt 0.375000 1.000000
vt 0.375000 0.005654
vt 0.625000 1.000000
vt 0.625000 0.011307
vt 0.625000 0.988649
vt 0.625000 0.991973
vt 0.625000 0.000000
vt 0.625000 1.000000
vt 0.625000 0.998479
vt 0.625000 0.005653
vt 0.625000 0.994324
vt 0.625000 1.000000
vt 0.625000 0.000000
vt 0.375000 0.238693
vt 0.375000 0.250000
vt 0.375000 0.261351
vt 0.375000 0.250000
vt 0.375000 0.244346
vt 0.375000 0.248485
vt 0.375000 0.255676
vt 0.625000 0.261351
vt 0.625000 0.250000
vt 0.625000 0.238693
vt 0.625000 0.250000
vt 0.625000 0.255676
vt 0.625000 0.251521
vt 0.625000 0.244346
vt 0.375000 0.738693
vt 0.375000 0.750000
vt 0.375000 0.761351
vt 0.375000 0.750000
vt 0.375000 0.744346
vt 0.375000 0.748485
vt 0.375000 0.755676
vt 0.625000 0.761351
vt 0.625000 0.750000
vt 0.625000 0.738693
vt 0.625000 0.750000
vt 0.625000 0.755676
vt 0.625000 0.751521
vt 0.625000 0.744346
vt 0.375000 0.488649
vt 0.375000 0.500000
vt 0.375000 0.511307
vt 0.375000 0.500000
vt 0.375000 0.494324
vt 0.375000 0.498479
vt 0.375000 0.505654
vt 0.625000 0.511307
vt 0.625000 0.500000
vt 0.625000 0.488649
vt 0.625000 0.500000
vt 0.625000 0.505654
vt 0.625000 0.501515
vt 0.625000 0.494324
vt 0.375000 0.970793
vt 0.154207 0.750000
vt 0.375000 0.029224
vt 0.125000 0.720776
vt 0.375153 1.000000
vt 0.375153 0.000000
vt 0.139603 0.746085
vt 0.375032 0.014591
vt 0.128913 0.735388
vt 0.875000 0.720776
vt 0.625000 0.029224
vt 0.845793 0.750000
vt 0.625000 0.970793
vt 0.871087 0.735388
vt 0.625032 0.014591
vt 0.860397 0.746085
vt 0.625000 1.000000
vt 0.625000 0.000000
vt 0.375000 0.220776
vt 0.125000 0.529224
vt 0.375000 0.279207
vt 0.154207 0.500000
vt 0.375032 0.235366
vt 0.128913 0.514612
vt 0.374965 0.264625
vt 0.139603 0.503915
vt 0.845793 0.500000
vt 0.625000 0.279207
vt 0.875000 0.529224
vt 0.625000 0.220776
vt 0.860397 0.503915
vt 0.624965 0.264625
vt 0.871087 0.514612
vt 0.625032 0.235366
vt 0.375000 0.720776
vt 0.375000 0.779207
vt 0.345793 0.750000
vt 0.374968 0.735366
vt 0.371087 0.735388
vt 0.375035 0.764625
vt 0.360397 0.746085
vt 0.654207 0.750000
vt 0.625000 0.779207
vt 0.625000 0.720776
vt 0.639603 0.746085
vt 0.625035 0.764625
vt 0.628913 0.735388
vt 0.624968 0.735366
vt 0.375000 0.470793
vt 0.345793 0.500000
vt 0.375000 0.529224
vt 0.374965 0.485418
vt 0.360397 0.503915
vt 0.374968 0.514591
vt 0.371087 0.514612
vt 0.625000 0.529224
vt 0.654207 0.500000
vt 0.625000 0.470793
vt 0.628913 0.514612
vt 0.624968 0.514591
vt 0.624965 0.485418
vt 0.639603 0.503915
vt 0.154190 0.750000
vt 0.375000 0.970810
vt 0.125000 0.720780
vt 0.375000 0.029221
vt 0.375000 0.000000
vt 0.139595 0.746085
vt 0.375000 1.000000
vt 0.128911 0.735390
vt 0.374970 0.014631
vt 0.875000 0.720780
vt 0.625000 0.029221
vt 0.845810 0.750000
vt 0.625000 0.970810
vt 0.871089 0.735390
vt 0.624970 0.014631
vt 0.860405 0.746085
vt 0.624925 1.000000
vt 0.624925 0.000000
vt 0.125000 0.529221
vt 0.375000 0.220779
vt 0.154190 0.500000
vt 0.375000 0.279190
vt 0.128911 0.514610
vt 0.374970 0.235411
vt 0.139595 0.503915
vt 0.374964 0.264574
vt 0.845810 0.500000
vt 0.625000 0.279190
vt 0.875000 0.529221
vt 0.625000 0.220779
vt 0.624964 0.264574
vt 0.860405 0.503915
vt 0.871089 0.514610
vt 0.624970 0.235411
vt 0.375000 0.720780
vt 0.345810 0.750000
vt 0.375000 0.779190
vt 0.371089 0.735390
vt 0.375030 0.735411
vt 0.360405 0.746085
vt 0.375036 0.764574
vt 0.625000 0.779190
vt 0.654190 0.750000
vt 0.625000 0.720780
vt 0.639595 0.746085
vt 0.625036 0.764574
vt 0.628911 0.735390
vt 0.625030 0.735411
vt 0.345810 0.500000
vt 0.375000 0.470810
vt 0.375000 0.529221
vt 0.360405 0.503915
vt 0.374964 0.485384
vt 0.371089 0.514610
vt 0.375030 0.514631
vt 0.625000 0.529221
vt 0.654190 0.500000
vt 0.625000 0.470810
vt 0.628911 0.514610
vt 0.625030 0.514632
vt 0.639595 0.503915
vt 0.624963 0.485384
vt 0.154190 0.750000
vt 0.375000 0.970810
vt 0.125000 0.720798
vt 0.375000 0.029202
vt 0.139595 0.746088
vt 0.375000 1.000000
vt 0.375000 0.000000
vt 0.128911 0.735399
vt 0.374970 0.014582
vt 0.875000 0.720798
vt 0.625000 0.029202
vt 0.845810 0.750000
vt 0.625000 0.970810
vt 0.871089 0.735399
vt 0.624970 0.014582
vt 0.860405 0.746088
vt 0.624856 1.000000
vt 0.624856 0.000000
vt 0.125000 0.529202
vt 0.375000 0.220798
vt 0.154190 0.500000
vt 0.375000 0.279190
vt 0.128911 0.514601
vt 0.374970 0.235380
vt 0.139595 0.503912
vt 0.375033 0.264614
vt 0.845810 0.500000
vt 0.625000 0.279190
vt 0.875000 0.529202
vt 0.625000 0.220798
vt 0.860405 0.503912
vt 0.625033 0.264614
vt 0.871089 0.514601
vt 0.624970 0.235380
vt 0.375000 0.720798
vt 0.345810 0.750000
vt 0.375000 0.779190
vt 0.371089 0.735399
vt 0.375030 0.735380
vt 0.360405 0.746088
vt 0.374967 0.764614
vt 0.625000 0.779190
vt 0.654190 0.750000
vt 0.625000 0.720798
vt 0.639595 0.746088
vt 0.624967 0.764614
vt 0.628911 0.735399
vt 0.625030 0.735380
vt 0.345810 0.500000
vt 0.375000 0.470810
vt 0.375000 0.529202
vt 0.360405 0.503912
vt 0.375033 0.485424
vt 0.371089 0.514601
vt 0.375030 0.514582
vt 0.625000 0.529202
vt 0.654190 0.500000
vt 0.625000 0.470810
vt 0.628911 0.514601
vt 0.625030 0.514582
vt 0.639595 0.503912
vt 0.625033 0.485424
vt 0.154198 0.750000
vt 0.375000 0.970802
vt 0.125000 0.720798
vt 0.375000 0.029202
vt 0.375086 1.000000
vt 0.139599 0.746088
vt 0.375086 0.000000
vt 0.128912 0.735399
vt 0.375032 0.014621
vt 0.875000 0.720798
vt 0.625000 0.029202
vt 0.845802 0.750000
vt 0.625000 0.970802
vt 0.871088 0.735399
vt 0.625032 0.014621
vt 0.860401 0.746088
vt 0.625000 1.000000
vt 0.625000 0.000000
vt 0.125000 0.529202
vt 0.375000 0.220798
vt 0.154198 0.500000
vt 0.375000 0.279198
vt 0.128912 0.514601
vt 0.375032 0.235419
vt 0.139599 0.503913
vt 0.375033 0.264579
vt 0.845802 0.500000
vt 0.625000 0.279198
vt 0.875000 0.529202
vt 0.625000 0.220798
vt 0.860401 0.503912
vt 0.625033 0.264579
vt 0.871088 0.514601
vt 0.625032 0.235419
vt 0.375000 0.720798
vt 0.345802 0.750000
vt 0.375000 0.779198
vt 0.371088 0.735399
vt 0.374968 0.735419
vt 0.360401 0.746088
vt 0.374967 0.764579
vt 0.654198 0.750000
vt 0.625000 0.779198
vt 0.625000 0.720798
vt 0.624967 0.764579
vt 0.639599 0.746088
vt 0.628912 0.735399
vt 0.624968 0.735419
vt 0.345802 0.500000
vt 0.375000 0.470802
vt 0.375000 0.529202
vt 0.360401 0.503912
vt 0.375033 0.485381
vt 0.371088 0.514601
vt 0.374968 0.514621
vt 0.625000 0.529202
vt 0.654198 0.500000
vt 0.625000 0.470802
vt 0.628912 0.514601
vt 0.624968 0.514621
vt 0.639599 0.503912
vt 0.625033 0.485381
vt 0.374497 0.134853
vt 0.424026 0.121556
vt 0.424026 0.128491
vt 0.375000 0.123138
vt 0.381907 0.125024
vt 0.424026 0.125024
vt 0.375000 0.126909
vt 0.374520 0.884118
vt 0.424027 0.893219
vt 0.424026 0.900048
vt 0.375000 0.894801
vt 0.381907 0.896686
vt 0.424026 0.896686
vt 0.375000 0.898514
vt 0.374536 0.902963
vt 0.424026 0.914375
vt 0.424026 0.920891
vt 0.375000 0.915909
vt 0.381907 0.917736
vt 0.424026 0.917737
vt 0.375000 0.919452
vt 0.374546 0.921127
vt 0.424026 0.934334
vt 0.424026 0.947472
vt 0.375000 0.935773
vt 0.381907 0.937529
vt 0.424026 0.937488
vt 0.375000 0.942917
vt 0.374551 0.906270
vt 0.424026 0.990016
vt 0.424026 0.007133
vt 0.375000 0.994571
vt 0.375000 0.999820
vt 0.395720 1.000000
vt 0.375000 0.000128
vt 0.424026 0.000000
vt 0.424026 1.000000
vt 0.375000 0.917037
vt 0.375000 0.003878
vt 0.374551 0.132225
vt 0.424026 0.037527
vt 0.424026 0.047511
vt 0.375000 0.040782
vt 0.375000 0.127623
vt 0.381907 0.045592
vt 0.424026 0.044660
vt 0.375000 0.046210
vt 0.374546 0.081081
vt 0.424026 0.059661
vt 0.424026 0.065666
vt 0.375000 0.060962
vt 0.381907 0.062514
vt 0.424026 0.062512
vt 0.375000 0.064227
vt 0.374536 0.096140
vt 0.424026 0.079109
vt 0.424026 0.085625
vt 0.375000 0.080548
vt 0.381907 0.082264
vt 0.424026 0.082263
vt 0.375000 0.084091
vt 0.374520 0.114797
vt 0.424026 0.099952
vt 0.424026 0.106781
vt 0.375000 0.101485
vt 0.381907 0.103314
vt 0.424026 0.103314
vt 0.375000 0.105199
vt 0.624161 0.133460
vt 0.575974 0.128491
vt 0.575974 0.121556
vt 0.625000 0.126909
vt 0.618093 0.125024
vt 0.575974 0.125024
vt 0.625000 0.123138
vt 0.624200 0.113002
vt 0.575974 0.106781
vt 0.575974 0.099952
vt 0.625000 0.105199
vt 0.618093 0.103314
vt 0.575974 0.103314
vt 0.625000 0.101485
vt 0.624226 0.093544
vt 0.575974 0.085625
vt 0.575974 0.079109
vt 0.625000 0.084091
vt 0.618093 0.082264
vt 0.575974 0.082263
vt 0.625000 0.080548
vt 0.624243 0.076024
vt 0.575974 0.065666
vt 0.575973 0.059661
vt 0.625000 0.064227
vt 0.618093 0.062514
vt 0.575974 0.062512
vt 0.625000 0.060962
vt 0.624251 0.060711
vt 0.575974 0.047511
vt 0.575974 0.037527
vt 0.625000 0.046210
vt 0.618093 0.044634
vt 0.575974 0.044660
vt 0.625000 0.040782
vt 0.624251 0.089019
vt 0.575974 0.007133
vt 0.575974 0.990016
vt 0.625000 0.003878
vt 0.625000 0.000128
vt 0.604280 0.000000
vt 0.625000 0.999820
vt 0.575974 1.000000
vt 0.575974 0.000000
vt 0.625000 0.081413
vt 0.625000 0.994571
vt 0.624243 0.849613
vt 0.575974 0.947472
vt 0.575973 0.934334
vt 0.625000 0.856075
vt 0.625000 0.942917
vt 0.618093 0.936571
vt 0.575974 0.937488
vt 0.625000 0.935773
vt 0.624226 0.897905
vt 0.575974 0.920891
vt 0.575974 0.914375
vt 0.625000 0.919452
vt 0.618093 0.917736
vt 0.575974 0.917737
vt 0.625000 0.915909
vt 0.575974 0.893219
vt 0.624200 0.881521
vt 0.575974 0.900048
vt 0.625000 0.894801
vt 0.618093 0.896686
vt 0.625000 0.898514
vt 0.575974 0.896686
vt 0.374464 0.155266
vt 0.424027 0.143219
vt 0.424026 0.150048
vt 0.375000 0.144801
vt 0.381907 0.146686
vt 0.424026 0.146686
vt 0.375000 0.148514
vt 0.374419 0.175364
vt 0.424026 0.164375
vt 0.424026 0.170891
vt 0.375000 0.165909
vt 0.381907 0.167736
vt 0.424026 0.167737
vt 0.375000 0.169452
vt 0.374354 0.194535
vt 0.424026 0.184334
vt 0.424026 0.190339
vt 0.375000 0.185773
vt 0.381907 0.187486
vt 0.424026 0.187488
vt 0.375000 0.189038
vt 0.374257 0.216894
vt 0.424026 0.202489
vt 0.424026 0.219605
vt 0.375000 0.203790
vt 0.381907 0.205408
vt 0.424026 0.205340
vt 0.375000 0.213097
vt 0.374098 0.292440
vt 0.424026 0.280395
vt 0.424026 0.297511
vt 0.375000 0.286903
vt 0.381907 0.294592
vt 0.424026 0.294660
vt 0.375000 0.296210
vt 0.373786 0.314730
vt 0.424026 0.309661
vt 0.424026 0.315666
vt 0.375000 0.310962
vt 0.381907 0.312514
vt 0.424026 0.312512
vt 0.375000 0.314227
vt 0.372848 0.333337
vt 0.424026 0.329109
vt 0.424026 0.335625
vt 0.375000 0.330548
vt 0.381907 0.332264
vt 0.424026 0.332263
vt 0.375000 0.334091
vt 0.347856 0.328997
vt 0.424026 0.349952
vt 0.353113 0.296797
vt 0.375000 0.351486
vt 0.381547 0.352955
vt 0.424026 0.353314
vt 0.342367 0.322568
vt 0.088969 0.056461
vt 0.113818 0.070086
vt 0.089013 0.063454
vt 0.054414 0.030760
vt 0.001200 0.000717
vt 0.054265 0.034442
vt 0.000000 0.000000
vt 0.579852 0.328437
vt 0.487038 0.296853
vt 0.575974 0.349952
vt 0.570724 0.322631
vt 0.617495 0.352955
vt 0.575974 0.353314
vt 0.625000 0.351485
vt 0.621416 0.332698
vt 0.575974 0.335625
vt 0.575974 0.329109
vt 0.625000 0.334091
vt 0.618093 0.332264
vt 0.575974 0.332263
vt 0.625000 0.330548
vt 0.622978 0.314052
vt 0.575974 0.315666
vt 0.575974 0.309661
vt 0.625000 0.314227
vt 0.618093 0.312514
vt 0.575974 0.312512
vt 0.625000 0.310962
vt 0.623497 0.291712
vt 0.575974 0.297511
vt 0.575974 0.280395
vt 0.625000 0.296210
vt 0.618093 0.294592
vt 0.575974 0.294660
vt 0.625000 0.286903
vt 0.623763 0.216102
vt 0.575974 0.219605
vt 0.575974 0.202489
vt 0.625000 0.213097
vt 0.618093 0.205408
vt 0.575974 0.205340
vt 0.625000 0.203790
vt 0.623924 0.193659
vt 0.575974 0.190339
vt 0.575974 0.184334
vt 0.625000 0.189038
vt 0.618093 0.187486
vt 0.575974 0.187488
vt 0.625000 0.185773
vt 0.624032 0.174373
vt 0.575974 0.170891
vt 0.575974 0.164375
vt 0.625000 0.169452
vt 0.618093 0.167736
vt 0.575974 0.167737
vt 0.625000 0.165909
vt 0.624107 0.154114
vt 0.575974 0.150048
vt 0.575974 0.143219
vt 0.625000 0.148514
vt 0.618093 0.146686
vt 0.575974 0.146686
vt 0.625000 0.144801
vt 0.070965 0.096563
vt 0.070817 0.103281
vt 0.068291 0.111488
vt 0.000000 0.000000
vt 0.000720 0.001200
vt 0.032568 0.056164
vt 0.032639 0.052510
vt 0.374497 0.863992
vt 0.424026 0.871556
vt 0.424027 0.878491
vt 0.375000 0.873138
vt 0.381907 0.875024
vt 0.424026 0.875024
vt 0.375000 0.876909
vt 0.347911 0.598771
vt 0.353210 0.543405
vt 0.424026 0.650048
vt 0.342435 0.590528
vt 0.381548 0.646087
vt 0.424026 0.646686
vt 0.375000 0.648515
vt 0.372850 0.660987
vt 0.424026 0.664375
vt 0.424026 0.670891
vt 0.375000 0.665909
vt 0.381907 0.667736
vt 0.424026 0.667737
vt 0.375000 0.669452
vt 0.373787 0.682097
vt 0.424026 0.684334
vt 0.424026 0.690339
vt 0.375000 0.685773
vt 0.381907 0.687486
vt 0.424026 0.687488
vt 0.375000 0.689038
vt 0.374099 0.705224
vt 0.424026 0.702489
vt 0.424026 0.719605
vt 0.375000 0.703790
vt 0.381907 0.705408
vt 0.424026 0.705340
vt 0.375000 0.713097
vt 0.374257 0.781200
vt 0.424026 0.780395
vt 0.424026 0.797511
vt 0.375000 0.786903
vt 0.381907 0.794592
vt 0.424026 0.794660
vt 0.375000 0.796210
vt 0.374354 0.803826
vt 0.424026 0.809661
vt 0.424026 0.815666
vt 0.375000 0.810961
vt 0.381907 0.812514
vt 0.424026 0.812512
vt 0.375000 0.814227
vt 0.374419 0.823182
vt 0.424026 0.829109
vt 0.424026 0.835625
vt 0.375000 0.830548
vt 0.381907 0.832264
vt 0.424026 0.832263
vt 0.375000 0.834091
vt 0.374464 0.843420
vt 0.424026 0.849952
vt 0.424026 0.856781
vt 0.375000 0.851485
vt 0.381907 0.853314
vt 0.424026 0.853314
vt 0.375000 0.855199
vt 0.624161 0.862196
vt 0.575974 0.878491
vt 0.575974 0.871556
vt 0.625000 0.876909
vt 0.618093 0.875024
vt 0.575974 0.875024
vt 0.625000 0.873138
vt 0.113818 0.110877
vt 0.088892 0.103281
vt 0.089090 0.096563
vt 0.054281 0.056164
vt 0.001200 0.001200
vt 0.000000 0.000000
vt 0.054398 0.052510
vt 0.624107 0.842025
vt 0.575974 0.856781
vt 0.575974 0.849952
vt 0.625000 0.855199
vt 0.618093 0.853314
vt 0.575974 0.853314
vt 0.625000 0.851485
vt 0.624031 0.822030
vt 0.575974 0.835625
vt 0.575974 0.829109
vt 0.625000 0.834091
vt 0.618093 0.832264
vt 0.575974 0.832263
vt 0.625000 0.830548
vt 0.623924 0.802835
vt 0.575974 0.815666
vt 0.575974 0.809661
vt 0.625000 0.814227
vt 0.618093 0.812514
vt 0.575974 0.812512
vt 0.625000 0.810961
vt 0.623763 0.780324
vt 0.575974 0.797511
vt 0.575974 0.780395
vt 0.625000 0.796210
vt 0.618093 0.794592
vt 0.575974 0.794660
vt 0.625000 0.786903
vt 0.623498 0.704432
vt 0.575974 0.719605
vt 0.575974 0.702489
vt 0.625000 0.713097
vt 0.618093 0.705408
vt 0.575974 0.705340
vt 0.625000 0.703790
vt 0.622978 0.681369
vt 0.575974 0.690339
vt 0.575974 0.684334
vt 0.625000 0.689038
vt 0.618093 0.687486
vt 0.575974 0.687488
vt 0.625000 0.685773
vt 0.621416 0.660308
vt 0.575974 0.670891
vt 0.575974 0.664375
vt 0.625000 0.669452
vt 0.618093 0.667736
vt 0.575974 0.667737
vt 0.625000 0.665909
vt 0.579852 0.598130
vt 0.575974 0.650048
vt 0.487082 0.543405
vt 0.625000 0.648515
vt 0.617495 0.646087
vt 0.575974 0.646686
vt 0.570724 0.590528
vt 0.070947 0.056516
vt 0.070835 0.063392
vt 0.068291 0.070666
vt 0.000000 0.000000
vt 0.000720 0.000723
vt 0.032648 0.034536
vt 0.032559 0.030676
vt 0.347856 0.371496
vt 0.353158 0.333295
vt 0.424026 0.400048
vt 0.342435 0.362238
vt 0.381548 0.396327
vt 0.424026 0.396686
vt 0.375000 0.398515
vt 0.372733 0.417075
vt 0.424026 0.414375
vt 0.424026 0.420891
vt 0.375000 0.415909
vt 0.381907 0.417736
vt 0.424026 0.417737
vt 0.375000 0.419452
vt 0.373595 0.437570
vt 0.424026 0.434334
vt 0.424026 0.440339
vt 0.375000 0.435773
vt 0.381907 0.437486
vt 0.424026 0.437488
vt 0.375000 0.439038
vt 0.373805 0.460505
vt 0.424026 0.452489
vt 0.424026 0.469605
vt 0.375000 0.453790
vt 0.381907 0.455408
vt 0.424026 0.455340
vt 0.375000 0.463097
vt 0.373805 0.536358
vt 0.424026 0.530395
vt 0.424026 0.547511
vt 0.375000 0.536903
vt 0.381907 0.544592
vt 0.424026 0.544660
vt 0.375000 0.546210
vt 0.373595 0.558733
vt 0.424026 0.559661
vt 0.424026 0.565666
vt 0.375000 0.560961
vt 0.381907 0.562514
vt 0.424026 0.562512
vt 0.375000 0.564227
vt 0.372731 0.576927
vt 0.424026 0.579109
vt 0.424026 0.585625
vt 0.375000 0.580548
vt 0.381907 0.582264
vt 0.424026 0.582263
vt 0.375000 0.584091
vt 0.347801 0.556082
vt 0.424026 0.599952
vt 0.353062 0.506750
vt 0.375000 0.601486
vt 0.381547 0.602715
vt 0.424026 0.603314
vt 0.342367 0.550813
vt 0.486883 0.506750
vt 0.575974 0.599952
vt 0.579668 0.555493
vt 0.575974 0.603314
vt 0.617494 0.602715
vt 0.625000 0.601486
vt 0.570612 0.550813
vt 0.621218 0.576355
vt 0.575974 0.585625
vt 0.575974 0.579109
vt 0.625000 0.584091
vt 0.618093 0.582264
vt 0.575974 0.582263
vt 0.625000 0.580548
vt 0.622657 0.558172
vt 0.575974 0.565666
vt 0.575974 0.559661
vt 0.625000 0.564227
vt 0.618093 0.562514
vt 0.575974 0.562512
vt 0.625000 0.560962
vt 0.623008 0.535803
vt 0.575974 0.547511
vt 0.575974 0.530395
vt 0.625000 0.546210
vt 0.618093 0.544592
vt 0.575974 0.544660
vt 0.625000 0.536903
vt 0.623008 0.459953
vt 0.575974 0.469605
vt 0.575974 0.452489
vt 0.625000 0.463097
vt 0.618093 0.455409
vt 0.575974 0.455340
vt 0.625000 0.453790
vt 0.622658 0.437015
vt 0.575974 0.440339
vt 0.575974 0.434334
vt 0.625000 0.439038
vt 0.618093 0.437486
vt 0.575974 0.437488
vt 0.625000 0.435773
vt 0.621218 0.416512
vt 0.575974 0.420891
vt 0.575974 0.414375
vt 0.625000 0.419452
vt 0.618093 0.417736
vt 0.575974 0.417737
vt 0.625000 0.415909
vt 0.486927 0.333232
vt 0.579668 0.370866
vt 0.575974 0.400048
vt 0.570612 0.362166
vt 0.617494 0.396326
vt 0.625000 0.398514
vt 0.575974 0.396686
s 0
g off
g Сфера_Материал
usemtl Материал
f 34/53/1 9/12/1 30/48/1
f 20/34/2 41/63/2 1/1/2
f 35/55/3 46/70/3 8/10/3
f 30/48/2 11/15/2 4/5/2
f 25/41/3 16/25/3 6/8/3
f 40/62/2 31/49/2 3/4/2
f 6/8/4 2/3/4 1/1/4
f 45/69/3 26/42/3 7/9/3
f 14/22/5 19/32/5 10/13/5
f 44/67/6 29/46/6 40/62/6
f 15/23/3 36/56/3 5/6/3
f 24/39/7 39/60/7 20/34/7
f 5/7/8 4/5/8 2/3/8
f 8/10/9 3/4/9 4/5/9
f 7/9/10 1/1/10 3/4/10
f 66/109/11 54/86/11 49/74/11
f 74/124/12 70/117/12 65/108/12
f 106/186/2 98/171/2 82/138/2
f 62/102/3 54/85/3 70/117/3
f 53/84/13 57/92/13 50/76/13
f 61/101/14 73/122/14 58/94/14
f 101/177/15 81/137/15 98/172/15
f 106/186/16 102/179/16 97/170/16
f 138/248/2 130/233/2 114/200/2
f 94/164/3 86/147/3 102/179/3
f 85/146/17 89/155/17 82/139/17
f 90/157/18 110/193/18 105/185/18
f 133/239/19 113/199/19 130/234/19
f 141/253/20 129/232/20 138/248/20
f 170/310/2 162/295/2 146/262/2
f 126/226/3 118/209/3 134/241/3
f 114/201/21 126/227/21 121/217/21
f 122/219/22 142/255/22 137/247/22
f 162/296/23 150/272/23 145/261/23
f 173/315/24 161/294/24 170/310/24
f 158/288/3 150/271/3 166/303/3
f 146/263/25 158/289/25 153/279/25
f 157/287/26 169/309/26 154/281/26
f 298/453/27 192/337/27 186/331/27
f 361/516/28 570/725/28 563/718/28
f 290/445/29 199/344/29 193/338/29
f 283/437/30 206/351/30 200/345/30
f 276/426/31 213/362/31 207/352/31
f 269/419/32 220/370/32 214/363/32
f 262/412/33 227/377/33 221/371/33
f 255/405/34 234/384/34 228/378/34
f 541/696/3 387/542/3 261/411/3
f 417/572/35 179/324/35 241/391/35
f 620/775/36 501/656/36 422/577/36
f 562/717/37 367/522/37 359/514/37
f 353/508/38 374/529/38 368/523/38
f 346/501/39 381/536/39 375/530/39
f 339/494/40 388/543/40 382/537/40
f 332/487/41 395/550/41 389/544/41
f 325/480/42 402/557/42 396/551/42
f 318/473/43 409/564/43 403/558/43
f 500/655/44 437/592/44 423/578/44
f 619/774/45 633/788/45 626/781/45
f 612/767/46 640/795/46 634/789/46
f 605/760/47 647/802/47 641/796/47
f 598/753/48 654/809/48 648/803/48
f 591/746/49 661/816/49 655/810/49
f 584/739/50 668/823/50 662/817/50
f 444/599/51 556/711/51 550/705/51
f 577/732/52 676/831/52 669/824/52
f 486/641/53 514/669/53 508/663/53
f 479/634/54 521/676/54 515/670/54
f 472/627/55 528/683/55 522/677/55
f 465/620/56 535/690/56 529/684/56
f 458/613/57 542/697/57 536/691/57
f 451/606/58 549/704/58 543/698/58
f 493/648/59 185/330/59 431/586/59
f 9/11/2 12/17/2 11/14/2
f 12/17/2 13/20/2 11/14/2
f 13/20/2 10/13/2 11/14/2
f 14/21/3 17/27/3 16/24/3
f 17/27/3 18/29/3 16/24/3
f 18/29/3 15/23/3 16/24/3
f 19/32/2 22/36/2 21/35/2
f 22/36/2 23/37/2 21/35/2
f 23/37/2 20/33/2 21/35/2
f 24/39/3 27/43/3 26/42/3
f 27/43/3 28/44/3 26/42/3
f 28/44/3 25/40/3 26/42/3
f 29/46/2 32/50/2 31/49/2
f 32/50/2 33/51/2 31/49/2
f 33/51/2 30/47/2 31/49/2
f 34/53/3 37/57/3 36/56/3
f 37/57/3 38/58/3 36/56/3
f 38/58/3 35/54/3 36/56/3
f 39/60/2 42/64/2 41/63/2
f 42/64/2 43/65/2 41/63/2
f 43/65/2 40/61/2 41/63/2
f 44/67/3 47/71/3 46/70/3
f 47/71/3 48/72/3 46/70/3
f 48/72/3 45/68/3 46/70/3
f 15/23/27 12/19/27 9/12/27
f 18/31/31 13/20/31 12/18/31
f 17/28/34 10/13/34 13/20/34
f 20/34/38 27/43/38 24/39/38
f 23/38/41 28/45/41 27/43/41
f 22/36/60 25/41/60 28/45/60
f 40/62/45 47/71/45 44/67/45
f 43/66/48 48/73/48 47/71/48
f 42/64/52 45/69/52 48/73/52
f 30/48/53 37/57/53 34/53/53
f 33/52/56 38/59/56 37/57/56
f 32/50/51 35/55/51 38/59/51
f 10/13/2 21/35/2 2/3/2
f 49/74/61 56/90/61 51/78/61
f 56/91/62 52/81/62 51/79/62
f 55/88/63 50/76/63 52/81/63
f 58/94/64 63/105/64 61/101/64
f 60/98/65 64/107/65 63/105/65
f 59/96/66 62/103/66 64/107/66
f 77/129/67 76/127/67 79/133/67
f 79/133/68 75/125/68 80/134/68
f 75/125/69 78/131/69 80/134/69
f 69/116/70 68/113/70 71/119/70
f 71/119/71 67/111/71 72/121/71
f 72/121/72 65/108/72 70/117/72
f 86/148/73 83/142/73 81/137/73
f 88/153/74 84/144/74 83/140/74
f 87/150/75 82/139/75 84/144/75
f 93/163/76 92/161/76 95/166/76
f 92/161/77 96/169/77 95/166/77
f 91/159/78 94/165/78 96/169/78
f 109/191/79 108/190/79 111/195/79
f 111/195/80 107/188/80 112/197/80
f 112/197/81 105/185/81 110/193/81
f 98/172/82 103/181/82 101/177/82
f 103/181/83 99/174/83 104/183/83
f 104/183/84 97/170/84 102/179/84
f 118/210/85 115/203/85 113/199/85
f 115/204/86 119/212/86 116/206/86
f 116/206/87 117/208/87 114/201/87
f 125/225/88 124/223/88 127/229/88
f 127/229/89 123/221/89 128/231/89
f 128/231/90 121/217/90 126/227/90
f 138/248/91 143/257/91 141/253/91
f 140/252/92 144/259/92 143/257/92
f 144/259/93 137/247/93 142/255/93
f 130/234/94 135/243/94 133/239/94
f 132/238/95 136/245/95 135/243/95
f 131/236/96 134/241/96 136/245/96
f 145/261/97 152/276/97 147/264/97
f 147/266/98 151/274/98 148/268/98
f 148/268/99 149/270/99 146/263/99
f 154/281/100 159/291/100 157/287/100
f 159/291/101 155/283/101 160/293/101
f 160/293/102 153/279/102 158/289/102
f 170/310/103 175/319/103 173/315/103
f 172/314/104 176/321/104 175/319/104
f 171/312/105 174/317/105 176/321/105
f 165/302/106 164/300/106 167/304/106
f 164/300/107 168/307/107 167/304/107
f 163/298/108 166/303/108 168/307/108
f 74/124/2 66/110/2 50/77/2
f 430/585/109 507/662/109 494/649/109
f 248/398/110 178/323/110 235/385/110
f 311/466/60 416/571/60 410/565/60
f 177/322/111 181/326/111 183/328/111
f 182/327/112 180/325/112 178/323/112
f 183/328/113 182/327/113 179/324/113
f 184/329/114 188/333/114 190/335/114
f 189/334/115 187/332/115 185/330/115
f 190/335/116 189/334/116 186/331/116
f 191/336/117 195/340/117 197/342/117
f 196/341/118 194/339/118 192/337/118
f 197/342/119 196/341/119 193/338/119
f 198/343/120 202/347/120 204/349/120
f 203/348/121 201/346/121 199/344/121
f 204/349/122 203/348/122 200/345/122
f 205/350/123 209/354/123 211/359/123
f 210/358/124 208/353/124 206/351/124
f 211/360/125 210/357/125 207/352/125
f 212/361/126 216/366/126 218/368/126
f 217/367/127 215/364/127 213/362/127
f 218/368/128 217/367/128 214/363/128
f 219/369/129 223/373/129 225/375/129
f 224/374/130 222/372/130 220/370/130
f 225/375/131 224/374/131 221/371/131
f 226/376/132 230/380/132 232/382/132
f 231/381/133 229/379/133 227/377/133
f 232/382/134 231/381/134 228/378/134
f 233/383/135 237/387/135 239/389/135
f 238/388/136 236/386/136 234/384/136
f 239/389/137 238/388/137 235/385/137
f 240/390/138 244/394/138 246/396/138
f 245/395/139 243/393/139 241/391/139
f 246/396/140 245/395/140 242/392/140
f 247/397/141 251/401/141 253/403/141
f 252/402/142 250/400/142 248/398/142
f 253/403/143 252/402/143 249/399/143
f 254/404/144 258/408/144 260/410/144
f 259/409/145 257/407/145 255/405/145
f 260/410/146 259/409/146 256/406/146
f 261/411/147 265/415/147 267/417/147
f 266/416/148 264/414/148 262/412/148
f 267/417/149 266/416/149 263/413/149
f 268/418/150 272/422/150 274/424/150
f 273/423/151 271/421/151 269/419/151
f 274/424/152 273/423/152 270/420/152
f 275/425/153 279/429/153 281/434/153
f 280/433/154 278/428/154 276/426/154
f 281/435/155 280/432/155 277/427/155
f 282/436/156 286/441/156 288/443/156
f 287/442/157 285/440/157 283/437/157
f 288/443/158 287/442/158 284/438/158
f 289/444/159 293/448/159 295/450/159
f 294/449/160 292/447/160 290/445/160
f 295/450/161 294/449/161 291/446/161
f 299/454/162 302/457/162 296/451/162
f 297/452/163 300/455/163 299/454/163
f 302/457/164 301/456/164 298/453/164
f 303/458/165 307/462/165 309/464/165
f 308/463/166 306/461/166 304/459/166
f 309/464/167 308/463/167 305/460/167
f 310/465/168 314/469/168 316/471/168
f 315/470/169 313/468/169 311/466/169
f 316/471/170 315/470/170 312/467/170
f 317/472/171 321/476/171 323/478/171
f 322/477/172 320/475/172 318/473/172
f 323/478/173 322/477/173 319/474/173
f 324/479/174 328/483/174 330/485/174
f 329/484/175 327/482/175 325/480/175
f 330/485/176 329/484/176 326/481/176
f 331/486/177 335/490/177 337/492/177
f 336/491/178 334/489/178 332/487/178
f 337/492/179 336/491/179 333/488/179
f 338/493/180 342/497/180 344/499/180
f 343/498/181 341/496/181 339/494/181
f 344/499/182 343/498/182 340/495/182
f 345/500/183 349/504/183 351/506/183
f 350/505/184 348/503/184 346/501/184
f 351/506/185 350/505/185 347/502/185
f 352/507/186 356/511/186 358/513/186
f 357/512/187 355/510/187 353/508/187
f 358/513/188 357/512/188 354/509/188
f 362/517/189 365/520/189 359/514/189
f 360/515/190 363/518/190 362/517/190
f 365/520/191 364/519/191 361/516/191
f 366/521/192 370/525/192 372/527/192
f 371/526/193 369/524/193 367/522/193
f 372/527/194 371/526/194 368/523/194
f 373/528/195 377/532/195 379/534/195
f 378/533/196 376/531/196 374/529/196
f 379/534/197 378/533/197 375/530/197
f 380/535/198 384/539/198 386/541/198
f 385/540/199 383/538/199 381/536/199
f 386/541/200 385/540/200 382/537/200
f 387/542/201 391/546/201 393/548/201
f 392/547/202 390/545/202 388/543/202
f 393/548/203 392/547/203 389/544/203
f 394/549/204 398/553/204 400/555/204
f 399/554/205 397/552/205 395/550/205
f 400/555/206 399/554/206 396/551/206
f 401/556/207 405/560/207 407/562/207
f 406/561/208 404/559/208 402/557/208
f 407/562/209 406/561/209 403/558/209
f 408/563/210 412/567/210 414/569/210
f 413/568/211 411/566/211 409/564/211
f 414/569/212 413/568/212 410/565/212
f 415/570/213 419/574/213 421/576/213
f 420/575/214 418/573/214 416/571/214
f 421/576/215 420/575/215 417/572/215
f 425/580/216 428/583/216 422/577/216
f 427/582/217 425/580/217 423/578/217
f 424/579/218 426/581/218 427/582/218
f 429/584/219 433/588/219 435/590/219
f 434/589/220 432/587/220 430/585/220
f 435/590/221 434/589/221 431/586/221
f 436/591/222 440/595/222 442/597/222
f 441/596/223 439/594/223 437/592/223
f 442/597/224 441/596/224 438/593/224
f 443/598/225 447/602/225 449/604/225
f 448/603/226 446/601/226 444/599/226
f 449/604/227 448/603/227 445/600/227
f 450/605/228 454/609/228 456/611/228
f 455/610/229 453/608/229 451/606/229
f 456/611/230 455/610/230 452/607/230
f 457/612/231 461/616/231 463/618/231
f 462/617/232 460/615/232 458/613/232
f 463/618/233 462/617/233 459/614/233
f 464/619/234 468/623/234 470/625/234
f 469/624/235 467/622/235 465/620/235
f 470/625/236 469/624/236 466/621/236
f 471/626/237 475/630/237 477/632/237
f 476/631/238 474/629/238 472/627/238
f 477/632/239 476/631/239 473/628/239
f 478/633/240 482/637/240 484/639/240
f 483/638/241 481/636/241 479/634/241
f 484/639/242 483/638/242 480/635/242
f 485/640/243 489/644/243 491/646/243
f 490/645/244 488/643/244 486/641/244
f 491/646/245 490/645/245 487/642/245
f 492/647/246 496/651/246 498/653/246
f 497/652/247 495/650/247 493/648/247
f 498/653/248 497/652/248 494/649/248
f 499/654/249 503/658/249 505/660/249
f 504/659/250 502/657/250 500/655/250
f 505/660/251 504/659/251 501/656/251
f 506/661/252 510/665/252 512/667/252
f 511/666/253 509/664/253 507/662/253
f 512/667/254 511/666/254 508/663/254
f 513/668/255 517/672/255 519/674/255
f 518/673/256 516/671/256 514/669/256
f 519/674/257 518/673/257 515/670/257
f 520/675/258 524/679/258 526/681/258
f 525/680/259 523/678/259 521/676/259
f 526/681/260 525/680/260 522/677/260
f 527/682/261 531/686/261 533/688/261
f 532/687/262 530/685/262 528/683/262
f 533/688/263 532/687/263 529/684/263
f 534/689/264 538/693/264 540/695/264
f 539/694/265 537/692/265 535/690/265
f 540/695/266 539/694/266 536/691/266
f 541/696/267 545/700/267 547/702/267
f 546/701/268 544/699/268 542/697/268
f 547/702/269 546/701/269 543/698/269
f 548/703/270 552/707/270 554/709/270
f 553/708/271 551/706/271 549/704/271
f 554/709/272 553/708/272 550/705/272
f 555/710/273 559/714/273 561/716/273
f 560/715/274 558/713/274 556/711/274
f 561/716/275 560/715/275 557/712/275
f 565/720/276 568/723/276 562/717/276
f 567/722/277 565/720/277 563/718/277
f 564/719/278 566/721/278 567/722/278
f 569/724/279 573/728/279 575/730/279
f 574/729/280 572/727/280 570/725/280
f 575/730/281 574/729/281 571/726/281
f 576/731/282 580/735/282 582/737/282
f 581/736/283 579/734/283 577/732/283
f 582/737/284 581/736/284 578/733/284
f 583/738/285 587/742/285 589/744/285
f 588/743/286 586/741/286 584/739/286
f 589/744/287 588/743/287 585/740/287
f 590/745/288 594/749/288 596/751/288
f 595/750/289 593/748/289 591/746/289
f 596/751/290 595/750/290 592/747/290
f 597/752/291 601/756/291 603/758/291
f 602/757/292 600/755/292 598/753/292
f 603/758/293 602/757/293 599/754/293
f 604/759/294 608/763/294 610/765/294
f 609/764/295 607/762/295 605/760/295
f 610/765/296 609/764/296 606/761/296
f 611/766/297 615/770/297 617/772/297
f 616/771/298 614/769/298 612/767/298
f 617/772/299 616/771/299 613/768/299
f 618/773/300 622/777/300 624/779/300
f 623/778/301 621/776/301 619/774/301
f 624/779/302 623/778/302 620/775/302
f 628/783/303 631/786/303 625/780/303
f 630/785/304 628/783/304 626/781/304
f 627/782/305 629/784/305 630/785/305
f 632/787/306 636/791/306 638/793/306
f 637/792/307 635/790/307 633/788/307
f 638/793/308 637/792/308 634/789/308
f 639/794/309 643/798/309 645/800/309
f 644/799/310 642/797/310 640/795/310
f 645/800/311 644/799/311 641/796/311
f 646/801/312 650/805/312 652/807/312
f 651/806/313 649/804/313 647/802/313
f 652/807/314 651/806/314 648/803/314
f 653/808/315 657/812/315 659/814/315
f 658/813/316 656/811/316 654/809/316
f 659/814/317 658/813/317 655/810/317
f 660/815/318 664/819/318 666/821/318
f 665/820/319 663/818/319 661/816/319
f 666/821/320 665/820/320 662/817/320
f 667/822/321 671/826/321 673/828/321
f 672/827/322 670/825/322 668/823/322
f 673/828/323 672/827/323 669/824/323
f 677/832/324 680/835/324 674/829/324
f 675/830/325 678/833/325 677/832/325
f 680/835/326 679/834/326 676/831/326
f 429/584/327 187/332/327 184/329/327
f 435/590/328 185/330/328 187/332/328
f 186/331/329 302/457/329 298/453/329
f 189/334/330 296/451/330 302/457/330
f 191/336/331 190/335/331 194/339/331
f 194/339/332 186/331/332 192/337/332
f 289/444/333 301/456/333 297/452/333
f 295/450/334 298/453/334 301/456/334
f 193/338/335 294/449/335 290/445/335
f 196/341/336 291/446/336 294/449/336
f 191/336/337 201/346/337 198/343/337
f 201/346/338 193/338/338 199/344/338
f 289/444/339 288/443/339 292/447/339
f 288/443/340 290/445/340 292/447/340
f 200/345/341 287/442/341 283/437/341
f 203/348/342 284/438/342 287/442/342
f 205/350/343 204/349/343 208/353/343
f 204/349/344 206/351/344 208/353/344
f 282/436/345 281/434/345 285/439/345
f 281/435/346 283/437/346 285/440/346
f 207/352/347 280/433/347 276/426/347
f 210/358/348 277/427/348 280/432/348
f 205/350/349 215/365/349 212/361/349
f 211/360/350 213/362/350 215/364/350
f 268/418/351 278/428/351 275/425/351
f 274/424/352 276/426/352 278/428/352
f 214/363/353 273/423/353 269/419/353
f 217/367/354 270/420/354 273/423/354
f 219/369/355 218/368/355 222/372/355
f 218/368/356 220/370/356 222/372/356
f 268/418/357 267/417/357 271/421/357
f 267/417/358 269/419/358 271/421/358
f 221/371/359 266/416/359 262/412/359
f 224/374/360 263/413/360 266/416/360
f 226/376/361 225/375/361 229/379/361
f 225/375/362 227/377/362 229/379/362
f 254/404/363 264/414/363 261/411/363
f 264/414/364 256/406/364 262/412/364
f 228/378/365 259/409/365 255/405/365
f 231/381/366 256/406/366 259/409/366
f 226/376/367 236/386/367 233/383/367
f 232/382/368 234/384/368 236/386/368
f 254/404/369 253/403/369 257/407/369
f 257/407/370 249/399/370 255/405/370
f 235/385/371 252/402/371 248/398/371
f 238/388/372 249/399/372 252/402/372
f 177/322/373 239/389/373 180/325/373
f 180/325/374 235/385/374 178/323/374
f 240/390/375 250/400/375 247/397/375
f 246/396/376 248/398/376 250/400/376
f 179/324/377 245/395/377 241/391/377
f 182/327/378 242/392/378 245/395/378
f 366/521/379 362/517/379 369/524/379
f 369/524/380 359/514/380 367/522/380
f 354/509/381 568/723/381 358/513/381
f 358/513/382 564/719/382 352/507/382
f 674/829/383 364/519/383 677/832/383
f 677/832/384 360/515/384 675/830/384
f 353/508/385 371/526/385 357/512/385
f 357/512/386 367/522/386 354/509/386
f 373/528/387 372/527/387 376/531/387
f 376/531/388 368/523/388 374/529/388
f 345/500/389 355/510/389 352/507/389
f 351/506/390 353/508/390 355/510/390
f 375/530/391 350/505/391 346/501/391
f 378/533/392 347/502/392 350/505/392
f 373/528/393 383/538/393 380/535/393
f 383/538/394 375/530/394 381/536/394
f 345/500/395 344/499/395 348/503/395
f 344/499/396 346/501/396 348/503/396
f 382/537/397 343/498/397 339/494/397
f 385/540/398 340/495/398 343/498/398
f 387/542/399 386/541/399 390/545/399
f 386/541/400 388/543/400 390/545/400
f 338/493/401 337/492/401 341/496/401
f 337/492/402 339/494/402 341/496/402
f 389/544/403 336/491/403 332/487/403
f 392/547/404 333/488/404 336/491/404
f 387/542/405 397/552/405 394/549/405
f 393/548/406 395/550/406 397/552/406
f 324/479/407 334/489/407 331/486/407
f 330/485/408 332/487/408 334/489/408
f 396/551/409 329/484/409 325/480/409
f 399/554/410 326/481/410 329/484/410
f 401/556/411 400/555/411 404/559/411
f 400/555/412 402/557/412 404/559/412
f 324/479/413 323/478/413 327/482/413
f 323/478/414 325/480/414 327/482/414
f 403/558/415 322/477/415 318/473/415
f 406/561/416 319/474/416 322/477/416
f 408/563/417 407/562/417 411/566/417
f 407/562/418 409/564/418 411/566/418
f 310/465/419 320/475/419 317/472/419
f 320/475/420 312/467/420 318/473/420
f 410/565/421 315/470/421 311/466/421
f 413/568/422 312/467/422 315/470/422
f 408/563/423 418/573/423 415/570/423
f 414/569/424 416/571/424 418/573/424
f 310/465/425 309/464/425 313/468/425
f 313/468/426 305/460/426 311/466/426
f 417/572/427 308/463/427 304/459/427
f 420/575/428 305/460/428 308/463/428
f 304/459/429 183/328/429 179/324/429
f 306/461/430 177/322/430 183/328/430
f 620/775/431 428/583/431 624/779/431
f 624/779/432 424/579/432 618/773/432
f 626/781/433 623/778/433 619/774/433
f 628/783/434 620/775/434 623/778/434
f 632/787/435 630/785/435 635/790/435
f 635/790/436 626/781/436 633/788/436
f 611/766/437 621/776/437 618/773/437
f 617/772/438 619/774/438 621/776/438
f 634/789/439 616/771/439 612/767/439
f 637/792/440 613/768/440 616/771/440
f 632/787/441 642/797/441 639/794/441
f 642/797/442 634/789/442 640/795/442
f 611/766/443 610/765/443 614/769/443
f 610/765/444 612/767/444 614/769/444
f 641/796/445 609/764/445 605/760/445
f 644/799/446 606/761/446 609/764/446
f 646/801/447 645/800/447 649/804/447
f 645/800/448 647/802/448 649/804/448
f 604/759/449 603/758/449 607/762/449
f 603/758/450 605/760/450 607/762/450
f 648/803/451 602/757/451 598/753/451
f 651/806/452 599/754/452 602/757/452
f 646/801/453 656/811/453 653/808/453
f 652/807/454 654/809/454 656/811/454
f 590/745/455 600/755/455 597/752/455
f 596/751/456 598/753/456 600/755/456
f 655/810/457 595/750/457 591/746/457
f 658/813/458 592/747/458 595/750/458
f 660/815/459 659/814/459 663/818/459
f 659/814/460 661/816/460 663/818/460
f 590/745/461 589/744/461 593/748/461
f 589/744/462 591/746/462 593/748/462
f 662/817/463 588/743/463 584/739/463
f 665/820/464 585/740/464 588/743/464
f 667/822/465 666/821/465 670/825/465
f 666/821/466 668/823/466 670/825/466
f 576/731/467 586/741/467 583/738/467
f 586/741/468 578/733/468 584/739/468
f 669/824/469 581/736/469 577/732/469
f 672/827/470 578/733/470 581/736/470
f 667/822/471 679/834/471 675/830/471
f 673/828/472 676/831/472 679/834/472
f 569/724/473 579/734/473 576/731/473
f 579/734/474 571/726/474 577/732/474
f 570/725/475 680/835/475 574/729/475
f 574/729/476 676/831/476 571/726/476
f 569/724/477 567/722/477 572/727/477
f 572/727/478 563/718/478 570/725/478
f 492/647/479 509/664/479 506/661/479
f 498/653/480 507/662/480 509/664/480
f 431/586/481 497/652/481 493/648/481
f 434/589/482 494/649/482 497/652/482
f 429/584/483 491/646/483 432/587/483
f 432/587/484 487/642/484 430/585/484
f 508/663/485 490/645/485 486/641/485
f 511/666/486 487/642/486 490/645/486
f 513/668/487 512/667/487 516/671/487
f 516/671/488 508/663/488 514/669/488
f 478/633/489 488/643/489 485/640/489
f 484/639/490 486/641/490 488/643/490
f 515/670/491 483/638/491 479/634/491
f 518/673/492 480/635/492 483/638/492
f 513/668/493 523/678/493 520/675/493
f 523/678/494 515/670/494 521/676/494
f 478/633/495 477/632/495 481/636/495
f 477/632/496 479/634/496 481/636/496
f 522/677/497 476/631/497 472/627/497
f 525/680/498 473/628/498 476/631/498
f 527/682/499 526/681/499 530/685/499
f 526/681/500 528/683/500 530/685/500
f 471/626/501 470/625/501 474/629/501
f 470/625/502 472/627/502 474/629/502
f 529/684/503 469/624/503 465/620/503
f 532/687/504 466/621/504 469/624/504
f 527/682/505 537/692/505 534/689/505
f 533/688/506 535/690/506 537/692/506
f 457/612/507 467/622/507 464/619/507
f 463/618/508 465/620/508 467/622/508
f 536/691/509 462/617/509 458/613/509
f 539/694/510 459/614/510 462/617/510
f 541/696/511 540/695/511 544/699/511
f 540/695/512 542/697/512 544/699/512
f 457/612/513 456/611/513 460/615/513
f 456/611/514 458/613/514 460/615/514
f 543/698/515 455/610/515 451/606/515
f 546/701/516 452/607/516 455/610/516
f 548/703/517 547/702/517 551/706/517
f 547/702/518 549/704/518 551/706/518
f 443/598/519 453/608/519 450/605/519
f 453/608/520 445/600/520 451/606/520
f 550/705/521 448/603/521 444/599/521
f 553/708/522 445/600/522 448/603/522
f 548/703/523 558/713/523 555/710/523
f 554/709/524 556/711/524 558/713/524
f 436/591/525 446/601/525 443/598/525
f 446/601/526 438/593/526 444/599/526
f 557/712/527 441/596/527 437/592/527
f 560/715/528 438/593/528 441/596/528
f 499/654/529 561/716/529 502/657/529
f 502/657/530 557/712/530 500/655/530
f 424/579/531 439/594/531 436/591/531
f 427/582/532 437/592/532 439/594/532
f 240/390/533 421/576/533 243/393/533
f 243/393/534 417/572/534 241/391/534
f 563/718/535 365/520/535 361/516/535
f 565/720/536 359/514/536 365/520/536
f 423/578/537 504/659/537 500/655/537
f 425/580/538 501/656/538 504/659/538
f 296/451/539 495/650/539 299/454/539
f 299/454/540 492/647/540 297/452/540
f 499/654/541 631/786/541 627/782/541
f 505/660/542 625/780/542 631/786/542
f 233/383/2 604/759/2 464/619/2
f 34/53/1 15/23/1 9/12/1
f 1/1/2 21/35/2 20/34/2
f 20/34/2 39/60/2 41/63/2
f 41/63/2 3/4/2 1/1/2
f 8/10/3 36/56/3 35/55/3
f 35/55/3 44/67/3 46/70/3
f 46/70/3 7/9/3 8/10/3
f 4/5/2 31/49/2 30/48/2
f 30/48/2 9/12/2 11/15/2
f 11/15/2 2/2/2 4/5/2
f 6/8/3 26/42/3 25/41/3
f 25/41/3 14/22/3 16/25/3
f 16/25/3 5/7/3 6/8/3
f 3/4/2 41/63/2 40/62/2
f 40/62/2 29/46/2 31/49/2
f 31/49/2 4/5/2 3/4/2
f 6/8/4 5/7/4 2/3/4
f 7/9/3 46/70/3 45/69/3
f 45/69/3 24/39/3 26/42/3
f 26/42/3 6/8/3 7/9/3
f 14/22/5 25/41/5 19/32/5
f 44/67/6 35/55/6 29/46/6
f 5/6/3 16/26/3 15/23/3
f 15/23/3 34/53/3 36/56/3
f 36/56/3 8/10/3 5/6/3
f 24/39/7 45/69/7 39/60/7
f 5/7/8 8/10/8 4/5/8
f 8/10/9 7/9/9 3/4/9
f 7/9/10 6/8/10 1/1/10
f 66/109/11 69/116/11 54/86/11
f 74/124/12 77/129/12 70/117/12
f 82/138/2 89/154/2 91/158/2
f 91/158/2 92/160/2 90/156/2
f 90/156/2 105/184/2 107/187/2
f 107/187/2 108/189/2 106/186/2
f 106/186/2 97/170/2 99/173/2
f 99/173/2 100/175/2 98/171/2
f 98/171/2 81/136/2 83/141/2
f 83/141/2 84/143/2 82/138/2
f 82/138/2 91/158/2 90/156/2
f 90/156/2 107/187/2 106/186/2
f 106/186/2 99/173/2 98/171/2
f 98/171/2 83/141/2 82/138/2
f 82/138/2 90/156/2 106/186/2
f 70/117/3 77/129/3 79/132/3
f 79/132/3 80/135/3 78/130/3
f 78/130/3 61/100/3 63/104/3
f 63/104/3 64/106/3 62/102/3
f 62/102/543 53/83/543 55/87/543
f 55/87/3 56/89/3 54/85/3
f 54/85/3 69/115/3 71/118/3
f 71/118/3 72/120/3 70/117/3
f 70/117/3 79/132/3 78/130/3
f 78/130/3 63/104/3 62/102/3
f 62/102/3 55/87/3 54/85/3
f 54/85/3 71/118/3 70/117/3
f 70/117/3 78/130/3 62/102/3
f 53/84/13 62/103/13 57/92/13
f 61/101/14 78/131/14 73/122/14
f 101/177/15 86/148/15 81/137/15
f 106/186/16 109/191/16 102/179/16
f 114/200/2 121/216/2 123/220/2
f 123/220/2 124/222/2 122/218/2
f 122/218/2 137/246/2 139/249/2
f 139/249/2 140/251/2 138/248/2
f 138/248/2 129/232/2 131/235/2
f 131/235/2 132/237/2 130/233/2
f 130/233/2 113/198/2 115/202/2
f 115/202/2 116/205/2 114/200/2
f 114/200/2 123/220/2 122/218/2
f 122/218/2 139/249/2 138/248/2
f 138/248/2 131/235/2 130/233/2
f 130/233/2 115/202/2 114/200/2
f 114/200/2 122/218/2 138/248/2
f 102/179/544 109/191/544 111/194/544
f 111/194/3 112/196/3 110/192/3
f 110/192/3 93/162/3 95/167/3
f 95/167/3 96/168/3 94/164/3
f 94/164/543 85/145/543 87/149/543
f 87/149/3 88/151/3 86/147/3
f 86/147/3 101/178/3 103/180/3
f 103/180/3 104/182/3 102/179/3
f 102/179/3 111/194/3 110/192/3
f 110/192/3 95/167/3 94/164/3
f 94/164/3 87/149/3 86/147/3
f 86/147/3 103/180/3 102/179/3
f 102/179/3 110/192/3 94/164/3
f 85/146/17 94/165/17 89/155/17
f 90/157/18 93/163/18 110/193/18
f 133/239/19 118/210/19 113/199/19
f 141/253/20 134/241/20 129/232/20
f 146/262/2 153/278/2 155/282/2
f 155/282/2 156/284/2 154/280/2
f 154/280/2 169/308/2 171/311/2
f 171/311/2 172/313/2 170/310/2
f 170/310/2 161/294/2 163/297/2
f 163/297/2 164/299/2 162/295/2
f 162/295/2 145/260/2 147/265/2
f 147/265/2 148/267/2 146/262/2
f 146/262/2 155/282/2 154/280/2
f 154/280/2 171/311/2 170/310/2
f 170/310/2 163/297/2 162/295/2
f 162/295/2 147/265/2 146/262/2
f 146/262/2 154/280/2 170/310/2
f 134/241/3 141/253/3 143/256/3
f 143/256/3 144/258/3 142/254/3
f 142/254/3 125/224/3 127/228/3
f 127/228/3 128/230/3 126/226/3
f 126/226/3 117/207/3 119/211/3
f 119/211/3 120/213/3 118/209/3
f 118/209/3 133/240/3 135/242/3
f 135/242/3 136/244/3 134/241/3
f 134/241/3 143/256/3 142/254/3
f 142/254/3 127/228/3 126/226/3
f 126/226/3 119/211/3 118/209/3
f 118/209/3 135/242/3 134/241/3
f 134/241/3 142/254/3 126/226/3
f 114/201/21 117/208/21 126/227/21
f 122/219/22 125/225/22 142/255/22
f 162/296/23 165/302/23 150/272/23
f 173/315/24 166/303/24 161/294/24
f 166/303/3 173/315/3 175/318/3
f 175/318/3 176/320/3 174/316/3
f 174/316/3 157/286/3 159/290/3
f 159/290/3 160/292/3 158/288/3
f 158/288/3 149/269/3 151/273/3
f 151/273/3 152/275/3 150/271/3
f 150/271/3 165/301/3 167/305/3
f 167/305/3 168/306/3 166/303/3
f 166/303/3 175/318/3 174/316/3
f 174/316/3 159/290/3 158/288/3
f 158/288/3 151/273/3 150/271/3
f 150/271/3 167/305/3 166/303/3
f 166/303/3 174/316/3 158/288/3
f 146/263/25 149/270/25 158/289/25
f 157/287/26 174/317/26 169/309/26
f 298/453/27 291/446/27 192/337/27
f 361/516/545 674/829/545 570/725/545
f 290/445/29 284/438/29 199/344/29
f 283/437/30 277/427/30 206/351/30
f 276/426/31 270/420/31 213/362/31
f 269/419/32 263/413/32 220/370/32
f 262/412/33 256/406/33 227/377/33
f 255/405/34 249/399/34 234/384/34
f 289/444/3 297/452/3 492/647/3
f 492/647/3 506/661/3 513/668/3
f 513/668/3 520/675/3 527/682/3
f 527/682/3 534/689/3 541/696/3
f 541/696/3 548/703/3 555/710/3
f 555/710/3 499/654/3 627/782/3
f 627/782/3 632/787/3 639/794/3
f 639/794/3 646/801/3 653/808/3
f 653/808/3 660/815/3 667/822/3
f 667/822/3 675/830/3 360/515/3
f 360/515/3 366/521/3 373/528/3
f 373/528/3 380/535/3 387/542/3
f 387/542/3 394/549/3 401/556/3
f 401/556/3 408/563/3 415/570/3
f 415/570/3 240/390/3 247/397/3
f 247/397/3 254/404/3 261/411/3
f 261/411/3 268/418/3 275/425/3
f 275/425/3 282/436/3 289/444/3
f 289/444/3 492/647/3 513/668/3
f 513/668/3 527/682/3 541/696/3
f 541/696/3 555/710/3 627/782/3
f 627/782/3 639/794/3 653/808/3
f 653/808/3 667/822/3 360/515/3
f 360/515/3 373/528/3 387/542/3
f 387/542/3 401/556/3 415/570/3
f 415/570/3 247/397/3 261/411/3
f 261/411/3 275/425/3 289/444/3
f 289/444/3 513/668/3 541/696/3
f 541/696/3 627/782/3 653/808/3
f 653/808/3 360/515/3 387/542/3
f 387/542/3 415/570/3 261/411/3
f 261/411/3 289/444/3 541/696/3
f 541/696/3 653/808/3 387/542/3
f 417/572/35 304/459/35 179/324/35
f 620/775/36 625/780/36 501/656/36
f 562/717/546 354/509/546 367/522/546
f 353/508/38 347/502/38 374/529/38
f 346/501/39 340/495/39 381/536/39
f 339/494/40 333/488/40 388/543/40
f 332/487/41 326/481/41 395/550/41
f 325/480/42 319/474/42 402/557/42
f 318/473/43 312/467/43 409/564/43
f 500/655/44 557/712/44 437/592/44
f 619/774/45 613/768/45 633/788/45
f 612/767/46 606/761/46 640/795/46
f 605/760/47 599/754/47 647/802/47
f 598/753/48 592/747/48 654/809/48
f 591/746/49 585/740/49 661/816/49
f 584/739/50 578/733/50 668/823/50
f 444/599/51 438/593/51 556/711/51
f 577/732/52 571/726/52 676/831/52
f 486/641/53 480/635/53 514/669/53
f 479/634/54 473/628/54 521/676/54
f 472/627/55 466/621/55 528/683/55
f 465/620/56 459/614/56 535/690/56
f 458/613/57 452/607/57 542/697/57
f 451/606/58 445/600/58 549/704/58
f 493/648/59 296/451/59 185/330/59
f 15/23/27 18/30/27 12/19/27
f 18/31/31 17/28/31 13/20/31
f 17/28/34 14/22/34 10/13/34
f 20/34/38 23/38/38 27/43/38
f 23/38/41 22/36/41 28/45/41
f 22/36/60 19/32/60 25/41/60
f 40/62/45 43/66/45 47/71/45
f 43/66/48 42/64/48 48/73/48
f 42/64/52 39/60/52 45/69/52
f 30/48/53 33/52/53 37/57/53
f 33/52/56 32/50/56 38/59/56
f 32/50/51 29/46/51 35/55/51
f 2/3/2 11/16/2 10/13/2
f 10/13/2 19/32/2 21/35/2
f 21/35/2 1/1/2 2/3/2
f 49/74/61 54/86/61 56/90/61
f 56/91/62 55/88/62 52/81/62
f 55/88/63 53/84/63 50/76/63
f 58/94/64 60/98/64 63/105/64
f 60/98/65 59/96/65 64/107/65
f 59/96/66 57/92/66 62/103/66
f 77/129/67 74/124/67 76/127/67
f 79/133/68 76/127/68 75/125/68
f 75/125/69 73/122/69 78/131/69
f 69/116/70 66/109/70 68/113/70
f 71/119/71 68/113/71 67/111/71
f 72/121/72 67/111/72 65/108/72
f 86/148/73 88/152/73 83/142/73
f 88/153/74 87/150/74 84/144/74
f 87/150/75 85/146/75 82/139/75
f 93/163/76 90/157/76 92/161/76
f 92/161/77 91/159/77 96/169/77
f 91/159/78 89/155/78 94/165/78
f 109/191/79 106/186/79 108/190/79
f 111/195/80 108/190/80 107/188/80
f 112/197/81 107/188/81 105/185/81
f 98/172/82 100/176/82 103/181/82
f 103/181/83 100/176/83 99/174/83
f 104/183/84 99/174/84 97/170/84
f 118/210/85 120/214/85 115/203/85
f 115/204/547 120/215/547 119/212/547
f 116/206/87 119/212/87 117/208/87
f 125/225/88 122/219/88 124/223/88
f 127/229/89 124/223/89 123/221/89
f 128/231/548 123/221/548 121/217/548
f 138/248/91 140/252/91 143/257/91
f 140/252/92 139/250/92 144/259/92
f 144/259/93 139/250/93 137/247/93
f 130/234/94 132/238/94 135/243/94
f 132/238/95 131/236/95 136/245/95
f 131/236/96 129/232/96 134/241/96
f 145/261/97 150/272/97 152/276/97
f 147/266/98 152/277/98 151/274/98
f 148/268/99 151/274/99 149/270/99
f 154/281/549 156/285/549 159/291/549
f 159/291/101 156/285/101 155/283/101
f 160/293/102 155/283/102 153/279/102
f 170/310/103 172/314/103 175/319/103
f 172/314/104 171/312/104 176/321/104
f 171/312/105 169/309/105 174/317/105
f 165/302/550 162/296/550 164/300/550
f 164/300/107 163/298/107 168/307/107
f 163/298/108 161/294/108 166/303/108
f 50/77/2 57/93/2 59/97/2
f 59/97/2 60/99/2 58/95/2
f 58/95/2 73/123/2 75/126/2
f 75/126/2 76/128/2 74/124/2
f 74/124/2 65/108/2 67/112/2
f 67/112/2 68/114/2 66/110/2
f 66/110/2 49/75/2 51/80/2
f 51/80/2 52/82/2 50/77/2
f 50/77/2 59/97/2 58/95/2
f 58/95/2 75/126/2 74/124/2
f 74/124/2 67/112/2 66/110/2
f 66/110/2 51/80/2 50/77/2
f 50/77/2 58/95/2 74/124/2
f 430/585/109 487/642/109 507/662/109
f 248/398/110 242/392/110 178/323/110
f 311/466/60 305/460/60 416/571/60
f 177/322/551 180/325/551 181/326/551
f 182/327/552 181/326/552 180/325/552
f 183/328/553 181/326/553 182/327/553
f 184/329/554 187/332/554 188/333/554
f 189/334/555 188/333/555 187/332/555
f 190/335/556 188/333/556 189/334/556
f 191/336/557 194/339/557 195/340/557
f 196/341/558 195/340/558 194/339/558
f 197/342/559 195/340/559 196/341/559
f 198/343/560 201/346/560 202/347/560
f 203/348/561 202/347/561 201/346/561
f 204/349/562 202/347/562 203/348/562
f 205/350/563 208/353/563 209/354/563
f 210/358/564 209/355/564 208/353/564
f 211/360/565 209/356/565 210/357/565
f 212/361/566 215/365/566 216/366/566
f 217/367/567 216/366/567 215/364/567
f 218/368/568 216/366/568 217/367/568
f 219/369/569 222/372/569 223/373/569
f 224/374/570 223/373/570 222/372/570
f 225/375/571 223/373/571 224/374/571
f 226/376/572 229/379/572 230/380/572
f 231/381/573 230/380/573 229/379/573
f 232/382/574 230/380/574 231/381/574
f 233/383/575 236/386/575 237/387/575
f 238/388/576 237/387/576 236/386/576
f 239/389/577 237/387/577 238/388/577
f 240/390/578 243/393/578 244/394/578
f 245/395/579 244/394/579 243/393/579
f 246/396/580 244/394/580 245/395/580
f 247/397/581 250/400/581 251/401/581
f 252/402/582 251/401/582 250/400/582
f 253/403/583 251/401/583 252/402/583
f 254/404/584 257/407/584 258/408/584
f 259/409/585 258/408/585 257/407/585
f 260/410/586 258/408/586 259/409/586
f 261/411/587 264/414/587 265/415/587
f 266/416/588 265/415/588 264/414/588
f 267/417/589 265/415/589 266/416/589
f 268/418/590 271/421/590 272/422/590
f 273/423/591 272/422/591 271/421/591
f 274/424/592 272/422/592 273/423/592
f 275/425/593 278/428/593 279/429/593
f 280/433/594 279/430/594 278/428/594
f 281/435/595 279/431/595 280/432/595
f 282/436/596 285/439/596 286/441/596
f 287/442/597 286/441/597 285/440/597
f 288/443/598 286/441/598 287/442/598
f 289/444/599 292/447/599 293/448/599
f 294/449/600 293/448/600 292/447/600
f 295/450/601 293/448/601 294/449/601
f 299/454/602 300/455/602 302/457/602
f 297/452/603 301/456/603 300/455/603
f 302/457/604 300/455/604 301/456/604
f 303/458/605 306/461/605 307/462/605
f 308/463/606 307/462/606 306/461/606
f 309/464/607 307/462/607 308/463/607
f 310/465/608 313/468/608 314/469/608
f 315/470/609 314/469/609 313/468/609
f 316/471/610 314/469/610 315/470/610
f 317/472/611 320/475/611 321/476/611
f 322/477/612 321/476/612 320/475/612
f 323/478/613 321/476/613 322/477/613
f 324/479/614 327/482/614 328/483/614
f 329/484/615 328/483/615 327/482/615
f 330/485/616 328/483/616 329/484/616
f 331/486/617 334/489/617 335/490/617
f 336/491/618 335/490/618 334/489/618
f 337/492/619 335/490/619 336/491/619
f 338/493/620 341/496/620 342/497/620
f 343/498/621 342/497/621 341/496/621
f 344/499/622 342/497/622 343/498/622
f 345/500/623 348/503/623 349/504/623
f 350/505/624 349/504/624 348/503/624
f 351/506/625 349/504/625 350/505/625
f 352/507/626 355/510/626 356/511/626
f 357/512/627 356/511/627 355/510/627
f 358/513/628 356/511/628 357/512/628
f 362/517/629 363/518/629 365/520/629
f 360/515/630 364/519/630 363/518/630
f 365/520/631 363/518/631 364/519/631
f 366/521/632 369/524/632 370/525/632
f 371/526/633 370/525/633 369/524/633
f 372/527/634 370/525/634 371/526/634
f 373/528/635 376/531/635 377/532/635
f 378/533/636 377/532/636 376/531/636
f 379/534/637 377/532/637 378/533/637
f 380/535/638 383/538/638 384/539/638
f 385/540/639 384/539/639 383/538/639
f 386/541/640 384/539/640 385/540/640
f 387/542/641 390/545/641 391/546/641
f 392/547/642 391/546/642 390/545/642
f 393/548/643 391/546/643 392/547/643
f 394/549/644 397/552/644 398/553/644
f 399/554/645 398/553/645 397/552/645
f 400/555/646 398/553/646 399/554/646
f 401/556/647 404/559/647 405/560/647
f 406/561/648 405/560/648 404/559/648
f 407/562/649 405/560/649 406/561/649
f 408/563/650 411/566/650 412/567/650
f 413/568/651 412/567/651 411/566/651
f 414/569/652 412/567/652 413/568/652
f 415/570/653 418/573/653 419/574/653
f 420/575/654 419/574/654 418/573/654
f 421/576/655 419/574/655 420/575/655
f 425/580/656 426/581/656 428/583/656
f 427/582/657 426/581/657 425/580/657
f 424/579/658 428/583/658 426/581/658
f 429/584/659 432/587/659 433/588/659
f 434/589/660 433/588/660 432/587/660
f 435/590/661 433/588/661 434/589/661
f 436/591/662 439/594/662 440/595/662
f 441/596/663 440/595/663 439/594/663
f 442/597/664 440/595/664 441/596/664
f 443/598/665 446/601/665 447/602/665
f 448/603/666 447/602/666 446/601/666
f 449/604/667 447/602/667 448/603/667
f 450/605/668 453/608/668 454/609/668
f 455/610/669 454/609/669 453/608/669
f 456/611/670 454/609/670 455/610/670
f 457/612/671 460/615/671 461/616/671
f 462/617/672 461/616/672 460/615/672
f 463/618/673 461/616/673 462/617/673
f 464/619/674 467/622/674 468/623/674
f 469/624/675 468/623/675 467/622/675
f 470/625/676 468/623/676 469/624/676
f 471/626/677 474/629/677 475/630/677
f 476/631/678 475/630/678 474/629/678
f 477/632/679 475/630/679 476/631/679
f 478/633/680 481/636/680 482/637/680
f 483/638/681 482/637/681 481/636/681
f 484/639/682 482/637/682 483/638/682
f 485/640/683 488/643/683 489/644/683
f 490/645/684 489/644/684 488/643/684
f 491/646/685 489/644/685 490/645/685
f 492/647/686 495/650/686 496/651/686
f 497/652/687 496/651/687 495/650/687
f 498/653/688 496/651/688 497/652/688
f 499/654/689 502/657/689 503/658/689
f 504/659/690 503/658/690 502/657/690
f 505/660/691 503/658/691 504/659/691
f 506/661/692 509/664/692 510/665/692
f 511/666/693 510/665/693 509/664/693
f 512/667/694 510/665/694 511/666/694
f 513/668/695 516/671/695 517/672/695
f 518/673/696 517/672/696 516/671/696
f 519/674/697 517/672/697 518/673/697
f 520/675/698 523/678/698 524/679/698
f 525/680/699 524/679/699 523/678/699
f 526/681/700 524/679/700 525/680/700
f 527/682/701 530/685/701 531/686/701
f 532/687/702 531/686/702 530/685/702
f 533/688/703 531/686/703 532/687/703
f 534/689/704 537/692/704 538/693/704
f 539/694/705 538/693/705 537/692/705
f 540/695/706 538/693/706 539/694/706
f 541/696/707 544/699/707 545/700/707
f 546/701/708 545/700/708 544/699/708
f 547/702/709 545/700/709 546/701/709
f 548/703/710 551/706/710 552/707/710
f 553/708/711 552/707/711 551/706/711
f 554/709/712 552/707/712 553/708/712
f 555/710/713 558/713/713 559/714/713
f 560/715/714 559/714/714 558/713/714
f 561/716/715 559/714/715 560/715/715
f 565/720/716 566/721/716 568/723/716
f 567/722/717 566/721/717 565/720/717
f 564/719/718 568/723/718 566/721/718
f 569/724/719 572/727/719 573/728/719
f 574/729/720 573/728/720 572/727/720
f 575/730/721 573/728/721 574/729/721
f 576/731/722 579/734/722 580/735/722
f 581/736/723 580/735/723 579/734/723
f 582/737/724 580/735/724 581/736/724
f 583/738/725 586/741/725 587/742/725
f 588/743/726 587/742/726 586/741/726
f 589/744/727 587/742/727 588/743/727
f 590/745/728 593/748/728 594/749/728
f 595/750/729 594/749/729 593/748/729
f 596/751/730 594/749/730 595/750/730
f 597/752/731 600/755/731 601/756/731
f 602/757/732 601/756/732 600/755/732
f 603/758/733 601/756/733 602/757/733
f 604/759/734 607/762/734 608/763/734
f 609/764/735 608/763/735 607/762/735
f 610/765/736 608/763/736 609/764/736
f 611/766/737 614/769/737 615/770/737
f 616/771/738 615/770/738 614/769/738
f 617/772/739 615/770/739 616/771/739
f 618/773/740 621/776/740 622/777/740
f 623/778/741 622/777/741 621/776/741
f 624/779/742 622/777/742 623/778/742
f 628/783/743 629/784/743 631/786/743
f 630/785/744 629/784/744 628/783/744
f 627/782/745 631/786/745 629/784/745
f 632/787/746 635/790/746 636/791/746
f 637/792/747 636/791/747 635/790/747
f 638/793/748 636/791/748 637/792/748
f 639/794/749 642/797/749 643/798/749
f 644/799/750 643/798/750 642/797/750
f 645/800/751 643/798/751 644/799/751
f 646/801/752 649/804/752 650/805/752
f 651/806/753 650/805/753 649/804/753
f 652/807/754 650/805/754 651/806/754
f 653/808/755 656/811/755 657/812/755
f 658/813/756 657/812/756 656/811/756
f 659/814/757 657/812/757 658/813/757
f 660/815/758 663/818/758 664/819/758
f 665/820/759 664/819/759 663/818/759
f 666/821/760 664/819/760 665/820/760
f 667/822/761 670/825/761 671/826/761
f 672/827/762 671/826/762 670/825/762
f 673/828/763 671/826/763 672/827/763
f 677/832/764 678/833/764 680/835/764
f 675/830/765 679/834/765 678/833/765
f 680/835/766 678/833/766 679/834/766
f 429/584/327 435/590/327 187/332/327
f 435/590/328 431/586/328 185/330/328
f 186/331/329 189/334/329 302/457/329
f 189/334/330 185/330/330 296/451/330
f 191/336/331 184/329/331 190/335/331
f 194/339/332 190/335/332 186/331/332
f 289/444/767 295/450/767 301/456/767
f 295/450/334 291/446/334 298/453/334
f 193/338/335 196/341/335 294/449/335
f 196/341/336 192/337/336 291/446/336
f 191/336/337 197/342/337 201/346/337
f 201/346/338 197/342/338 193/338/338
f 289/444/339 282/436/339 288/443/339
f 288/443/340 284/438/340 290/445/340
f 200/345/768 203/348/768 287/442/768
f 203/348/342 199/344/342 284/438/342
f 205/350/343 198/343/343 204/349/343
f 204/349/344 200/345/344 206/351/344
f 282/436/345 275/425/345 281/434/345
f 281/435/346 277/427/346 283/437/346
f 207/352/347 210/357/347 280/433/347
f 210/358/348 206/351/348 277/427/348
f 205/350/349 211/359/349 215/365/349
f 211/360/350 207/352/350 213/362/350
f 268/418/351 274/424/351 278/428/351
f 274/424/352 270/420/352 276/426/352
f 214/363/353 217/367/353 273/423/353
f 217/367/354 213/362/354 270/420/354
f 219/369/355 212/361/355 218/368/355
f 218/368/356 214/363/356 220/370/356
f 268/418/357 261/411/357 267/417/357
f 267/417/358 263/413/358 269/419/358
f 221/371/359 224/374/359 266/416/359
f 224/374/769 220/370/769 263/413/769
f 226/376/361 219/369/361 225/375/361
f 225/375/770 221/371/770 227/377/770
f 254/404/363 260/410/363 264/414/363
f 264/414/771 260/410/771 256/406/771
f 228/378/365 231/381/365 259/409/365
f 231/381/366 227/377/366 256/406/366
f 226/376/367 232/382/367 236/386/367
f 232/382/368 228/378/368 234/384/368
f 254/404/369 247/397/369 253/403/369
f 257/407/370 253/403/370 249/399/370
f 235/385/772 238/388/772 252/402/772
f 238/388/372 234/384/372 249/399/372
f 177/322/373 233/383/373 239/389/373
f 180/325/374 239/389/374 235/385/374
f 240/390/375 246/396/375 250/400/375
f 246/396/376 242/392/376 248/398/376
f 179/324/377 182/327/377 245/395/377
f 182/327/378 178/323/378 242/392/378
f 366/521/379 360/515/379 362/517/379
f 369/524/773 362/517/773 359/514/773
f 354/509/774 562/717/774 568/723/774
f 358/513/775 568/723/775 564/719/775
f 674/829/776 361/516/776 364/519/776
f 677/832/777 364/519/777 360/515/777
f 353/508/778 368/523/778 371/526/778
f 357/512/779 371/526/779 367/522/779
f 373/528/780 366/521/780 372/527/780
f 376/531/388 372/527/388 368/523/388
f 345/500/781 351/506/781 355/510/781
f 351/506/390 347/502/390 353/508/390
f 375/530/391 378/533/391 350/505/391
f 378/533/392 374/529/392 347/502/392
f 373/528/393 379/534/393 383/538/393
f 383/538/394 379/534/394 375/530/394
f 345/500/395 338/493/395 344/499/395
f 344/499/396 340/495/396 346/501/396
f 382/537/397 385/540/397 343/498/397
f 385/540/398 381/536/398 340/495/398
f 387/542/399 380/535/399 386/541/399
f 386/541/400 382/537/400 388/543/400
f 338/493/401 331/486/401 337/492/401
f 337/492/402 333/488/402 339/494/402
f 389/544/403 392/547/403 336/491/403
f 392/547/404 388/543/404 333/488/404
f 387/542/405 393/548/405 397/552/405
f 393/548/406 389/544/406 395/550/406
f 324/479/407 330/485/407 334/489/407
f 330/485/408 326/481/408 332/487/408
f 396/551/409 399/554/409 329/484/409
f 399/554/410 395/550/410 326/481/410
f 401/556/411 394/549/411 400/555/411
f 400/555/412 396/551/412 402/557/412
f 324/479/413 317/472/413 323/478/413
f 323/478/414 319/474/414 325/480/414
f 403/558/415 406/561/415 322/477/415
f 406/561/782 402/557/782 319/474/782
f 408/563/417 401/556/417 407/562/417
f 407/562/783 403/558/783 409/564/783
f 310/465/419 316/471/419 320/475/419
f 320/475/784 316/471/784 312/467/784
f 410/565/421 413/568/421 315/470/421
f 413/568/422 409/564/422 312/467/422
f 408/563/785 414/569/785 418/573/785
f 414/569/424 410/565/424 416/571/424
f 310/465/425 303/458/425 309/464/425
f 313/468/426 309/464/426 305/460/426
f 417/572/427 420/575/427 308/463/427
f 420/575/786 416/571/786 305/460/786
f 304/459/787 306/461/787 183/328/787
f 306/461/430 303/458/430 177/322/430
f 620/775/431 422/577/431 428/583/431
f 624/779/432 428/583/432 424/579/432
f 626/781/788 628/783/788 623/778/788
f 628/783/434 625/780/434 620/775/434
f 632/787/435 627/782/435 630/785/435
f 635/790/436 630/785/436 626/781/436
f 611/766/789 617/772/789 621/776/789
f 617/772/438 613/768/438 619/774/438
f 634/789/439 637/792/439 616/771/439
f 637/792/440 633/788/440 613/768/440
f 632/787/441 638/793/441 642/797/441
f 642/797/790 638/793/790 634/789/790
f 611/766/443 604/759/443 610/765/443
f 610/765/791 606/761/791 612/767/791
f 641/796/792 644/799/792 609/764/792
f 644/799/446 640/795/446 606/761/446
f 646/801/447 639/794/447 645/800/447
f 645/800/448 641/796/448 647/802/448
f 604/759/449 597/752/449 603/758/449
f 603/758/450 599/754/450 605/760/450
f 648/803/451 651/806/451 602/757/451
f 651/806/452 647/802/452 599/754/452
f 646/801/453 652/807/453 656/811/453
f 652/807/454 648/803/454 654/809/454
f 590/745/455 596/751/455 600/755/455
f 596/751/456 592/747/456 598/753/456
f 655/810/457 658/813/457 595/750/457
f 658/813/458 654/809/458 592/747/458
f 660/815/459 653/808/459 659/814/459
f 659/814/460 655/810/460 661/816/460
f 590/745/461 583/738/461 589/744/461
f 589/744/462 585/740/462 591/746/462
f 662/817/463 665/820/463 588/743/463
f 665/820/793 661/816/793 585/740/793
f 667/822/465 660/815/465 666/821/465
f 666/821/466 662/817/466 668/823/466
f 576/731/467 582/737/467 586/741/467
f 586/741/468 582/737/468 578/733/468
f 669/824/469 672/827/469 581/736/469
f 672/827/470 668/823/470 578/733/470
f 667/822/794 673/828/794 679/834/794
f 673/828/472 669/824/472 676/831/472
f 569/724/795 575/730/795 579/734/795
f 579/734/474 575/730/474 571/726/474
f 570/725/796 674/829/796 680/835/796
f 574/729/797 680/835/797 676/831/797
f 569/724/477 564/719/477 567/722/477
f 572/727/798 567/722/798 563/718/798
f 492/647/479 498/653/479 509/664/479
f 498/653/480 494/649/480 507/662/480
f 431/586/481 434/589/481 497/652/481
f 434/589/482 430/585/482 494/649/482
f 429/584/483 485/640/483 491/646/483
f 432/587/484 491/646/484 487/642/484
f 508/663/485 511/666/485 490/645/485
f 511/666/486 507/662/486 487/642/486
f 513/668/799 506/661/799 512/667/799
f 516/671/488 512/667/488 508/663/488
f 478/633/800 484/639/800 488/643/800
f 484/639/490 480/635/490 486/641/490
f 515/670/491 518/673/491 483/638/491
f 518/673/492 514/669/492 480/635/492
f 513/668/493 519/674/493 523/678/493
f 523/678/494 519/674/494 515/670/494
f 478/633/495 471/626/495 477/632/495
f 477/632/496 473/628/496 479/634/496
f 522/677/497 525/680/497 476/631/497
f 525/680/498 521/676/498 473/628/498
f 527/682/499 520/675/499 526/681/499
f 526/681/500 522/677/500 528/683/500
f 471/626/501 464/619/501 470/625/501
f 470/625/502 466/621/502 472/627/502
f 529/684/503 532/687/503 469/624/503
f 532/687/504 528/683/504 466/621/504
f 527/682/505 533/688/505 537/692/505
f 533/688/506 529/684/506 535/690/506
f 457/612/507 463/618/507 467/622/507
f 463/618/508 459/614/508 465/620/508
f 536/691/509 539/694/509 462/617/509
f 539/694/510 535/690/510 459/614/510
f 541/696/511 534/689/511 540/695/511
f 540/695/512 536/691/512 542/697/512
f 457/612/513 450/605/513 456/611/513
f 456/611/514 452/607/514 458/613/514
f 543/698/515 546/701/515 455/610/515
f 546/701/801 542/697/801 452/607/801
f 548/703/517 541/696/517 547/702/517
f 547/702/802 543/698/802 549/704/802
f 443/598/519 449/604/519 453/608/519
f 453/608/803 449/604/803 445/600/803
f 550/705/521 553/708/521 448/603/521
f 553/708/522 549/704/522 445/600/522
f 548/703/804 554/709/804 558/713/804
f 554/709/524 550/705/524 556/711/524
f 436/591/805 442/597/805 446/601/805
f 446/601/526 442/597/526 438/593/526
f 557/712/806 560/715/806 441/596/806
f 560/715/528 556/711/528 438/593/528
f 499/654/529 555/710/529 561/716/529
f 502/657/530 561/716/530 557/712/530
f 424/579/531 427/582/531 439/594/531
f 427/582/532 423/578/532 437/592/532
f 240/390/533 415/570/533 421/576/533
f 243/393/534 421/576/534 417/572/534
f 563/718/807 565/720/807 365/520/807
f 565/720/808 562/717/808 359/514/808
f 423/578/537 425/580/537 504/659/537
f 425/580/538 422/577/538 501/656/538
f 296/451/539 493/648/539 495/650/539
f 299/454/540 495/650/540 492/647/540
f 499/654/541 505/660/541 631/786/541
f 505/660/542 501/656/542 625/780/542
f 429/584/2 184/329/2 191/336/2
f 191/336/2 198/343/2 205/350/2
f 205/350/2 212/361/2 219/369/2
f 219/369/2 226/376/2 233/383/2
f 233/383/2 177/322/2 303/458/2
f 303/458/2 310/465/2 317/472/2
f 317/472/2 324/479/2 331/486/2
f 331/486/2 338/493/2 345/500/2
f 345/500/2 352/507/2 564/719/2
f 564/719/2 569/724/2 576/731/2
f 576/731/2 583/738/2 590/745/2
f 590/745/2 597/752/2 604/759/2
f 604/759/2 611/766/2 618/773/2
f 618/773/2 424/579/2 436/591/2
f 436/591/2 443/598/2 450/605/2
f 450/605/2 457/612/2 464/619/2
f 464/619/2 471/626/2 478/633/2
f 478/633/2 485/640/2 429/584/2
f 429/584/2 191/336/2 205/350/2
f 205/350/2 219/369/2 233/383/2
f 233/383/2 303/458/2 317/472/2
f 317/472/2 331/486/2 345/500/2
f 345/500/2 564/719/2 576/731/2
f 576/731/2 590/745/2 604/759/2
f 604/759/2 618/773/2 436/591/2
f 436/591/2 450/605/2 464/619/2
f 464/619/2 478/633/2 429/584/2
f 429/584/2 205/350/2 233/383/2
f 233/383/2 317/472/2 345/500/2
f 345/500/2 576/731/2 604/759/2
f 604/759/2 436/591/2 464/619/2
f 464/619/2 429/584/2 233/383/2
f 233/383/2 345/500/2 604/759/2
