# Blender 3.4.1
# www.blender.org
mtllib table_circle_120.mtl
g Сфера_Меш
v -0.214012 0.691661 -0.219737
v -0.214012 0.691661 0.216557
v 0.219836 0.691661 -0.219737
v 0.219836 0.691661 0.216557
v -0.212765 0.741611 0.215309
v -0.212765 0.741611 -0.218490
v 0.218588 0.741611 -0.218490
v 0.218588 0.741611 0.215309
v -0.281117 0.691661 0.312030
v -0.309486 0.691661 0.283661
v -0.289426 0.691661 0.291971
v -0.295301 0.691661 0.308230
v -0.305685 0.691661 0.297846
v -0.309486 0.741611 0.283661
v -0.281117 0.741611 0.312030
v -0.289426 0.741611 0.291971
v -0.305685 0.741611 0.297846
v -0.295301 0.741611 0.308230
v -0.309486 0.691661 -0.286842
v -0.281117 0.691661 -0.315211
v -0.289426 0.691661 -0.295151
v -0.305685 0.691661 -0.301026
v -0.295301 0.691661 -0.311410
v -0.281117 0.741611 -0.315211
v -0.309486 0.741611 -0.286842
v -0.289426 0.741611 -0.295151
v -0.295301 0.741611 -0.311410
v -0.305685 0.741611 -0.301026
v 0.315309 0.691661 0.283661
v 0.286940 0.691661 0.312030
v 0.295250 0.691661 0.291971
v 0.311509 0.691661 0.297846
v 0.301125 0.691661 0.308230
v 0.286940 0.741611 0.312030
v 0.315309 0.741611 0.283661
v 0.295250 0.741611 0.291971
v 0.301125 0.741611 0.308230
v 0.311509 0.741611 0.297846
v 0.286940 0.691661 -0.315211
v 0.315309 0.691661 -0.286842
v 0.295250 0.691661 -0.295151
v 0.301125 0.691661 -0.311410
v 0.311509 0.691661 -0.301026
v 0.315309 0.741611 -0.286842
v 0.286940 0.741611 -0.315211
v 0.295250 0.741611 -0.295151
v 0.311509 0.741611 -0.301026
v 0.301125 0.741611 -0.311410
v -0.334600 0.000731 0.351184
v -0.343943 0.000731 0.341836
v -0.339272 0.000731 0.349932
v -0.342692 0.000731 0.346510
v -0.295296 0.692242 0.287538
v -0.285953 0.692242 0.296887
v -0.294044 0.692242 0.292213
v -0.290624 0.692242 0.295635
v -0.343943 0.000731 0.280560
v -0.334600 0.000731 0.271211
v -0.342692 0.000731 0.275886
v -0.339272 0.000731 0.272464
v -0.285953 0.692242 0.216914
v -0.295296 0.692242 0.226263
v -0.290624 0.692242 0.218167
v -0.294044 0.692242 0.221589
v -0.263970 0.000731 0.341836
v -0.273313 0.000731 0.351184
v -0.265222 0.000731 0.346510
v -0.268642 0.000731 0.349932
v -0.224666 0.692242 0.296887
v -0.215323 0.692242 0.287538
v -0.219994 0.692242 0.295635
v -0.216575 0.692242 0.292213
v -0.273313 0.000731 0.271211
v -0.263970 0.000731 0.280560
v -0.268642 0.000731 0.272464
v -0.265222 0.000731 0.275886
v -0.215323 0.692242 0.226263
v -0.224666 0.692242 0.216914
v -0.216575 0.692242 0.221588
v -0.219994 0.692242 0.218167
v 0.276015 0.000433 0.353094
v 0.266674 0.000433 0.343744
v 0.271345 0.000433 0.351842
v 0.267926 0.000433 0.348419
v 0.220276 0.693011 0.287532
v 0.229616 0.693011 0.296883
v 0.221527 0.693011 0.292208
v 0.224946 0.693011 0.295630
v 0.266674 0.000433 0.282445
v 0.276015 0.000433 0.273094
v 0.267926 0.000433 0.277770
v 0.271345 0.000433 0.274347
v 0.229616 0.693011 0.216883
v 0.220276 0.693011 0.226234
v 0.224946 0.693011 0.218136
v 0.221527 0.693011 0.221558
v 0.346675 0.000433 0.343744
v 0.337334 0.000433 0.353094
v 0.345423 0.000433 0.348419
v 0.342004 0.000433 0.351842
v 0.290935 0.693011 0.296883
v 0.300276 0.693011 0.287532
v 0.295605 0.693011 0.295630
v 0.299024 0.693011 0.292208
v 0.337334 0.000433 0.273094
v 0.346675 0.000433 0.282445
v 0.342004 0.000433 0.274347
v 0.345423 0.000433 0.277770
v 0.300276 0.693011 0.226234
v 0.290935 0.693011 0.216883
v 0.299024 0.693011 0.221558
v 0.295605 0.693011 0.218136
v 0.276131 0.000368 -0.271204
v 0.266790 0.000368 -0.280549
v 0.271461 0.000368 -0.272456
v 0.268042 0.000368 -0.275876
v 0.220546 0.691968 -0.230292
v 0.229887 0.691968 -0.220948
v 0.221797 0.691968 -0.225620
v 0.225216 0.691968 -0.222199
v 0.266790 0.000368 -0.341859
v 0.276131 0.000368 -0.351204
v 0.268042 0.000368 -0.346532
v 0.271461 0.000368 -0.349952
v 0.229887 0.691968 -0.300948
v 0.220546 0.691968 -0.291603
v 0.225216 0.691968 -0.299696
v 0.221797 0.691968 -0.296275
v 0.346790 0.000368 -0.280549
v 0.337450 0.000368 -0.271204
v 0.345539 0.000368 -0.275876
v 0.342120 0.000368 -0.272456
v 0.291205 0.691968 -0.220948
v 0.300546 0.691968 -0.230292
v 0.295875 0.691968 -0.222199
v 0.299294 0.691968 -0.225620
v 0.337450 0.000368 -0.351204
v 0.346790 0.000368 -0.341859
v 0.342120 0.000368 -0.349952
v 0.345539 0.000368 -0.346532
v 0.300546 0.691968 -0.291603
v 0.291205 0.691968 -0.300948
v 0.299294 0.691968 -0.296275
v 0.295875 0.691968 -0.299696
v -0.334712 0.001196 -0.271134
v -0.344055 0.001196 -0.280479
v -0.339384 0.001196 -0.272386
v -0.342804 0.001196 -0.275806
v -0.295175 0.692063 -0.230132
v -0.285831 0.692063 -0.220788
v -0.293923 0.692063 -0.225460
v -0.290503 0.692063 -0.222040
v -0.344055 0.001196 -0.341789
v -0.334712 0.001196 -0.351134
v -0.342804 0.001196 -0.346462
v -0.339384 0.001196 -0.349882
v -0.285831 0.692063 -0.300788
v -0.295175 0.692063 -0.291443
v -0.290503 0.692063 -0.299536
v -0.293923 0.692063 -0.296115
v -0.264055 0.001196 -0.280479
v -0.273398 0.001196 -0.271134
v -0.265307 0.001196 -0.275806
v -0.268727 0.001196 -0.272386
v -0.224518 0.692063 -0.220788
v -0.215175 0.692063 -0.230132
v -0.219846 0.692063 -0.222040
v -0.216426 0.692063 -0.225460
v -0.273398 0.001196 -0.351134
v -0.264055 0.001196 -0.341789
v -0.268727 0.001196 -0.349882
v -0.265307 0.001196 -0.346462
v -0.215175 0.692063 -0.291443
v -0.224518 0.692063 -0.300788
v -0.216426 0.692063 -0.296115
v -0.219846 0.692063 -0.299536
v -0.581339 0.731393 -0.000110
v -0.596604 0.745316 0.016480
v -0.596601 0.745316 -0.016705
v -0.592408 0.735471 0.008486
v -0.594617 0.737277 -0.000112
v -0.597204 0.745316 -0.000112
v -0.592406 0.735471 -0.008709
v -0.100853 0.731393 0.572628
v -0.087168 0.745316 0.590548
v -0.119842 0.745316 0.584782
v -0.094312 0.735471 0.585024
v -0.103160 0.737277 0.585708
v -0.103610 0.745316 0.588257
v -0.111240 0.735471 0.582037
v -0.198755 0.731393 0.546390
v -0.188387 0.745316 0.566412
v -0.219564 0.745316 0.555062
v -0.194464 0.735471 0.559733
v -0.203296 0.737277 0.558870
v -0.204181 0.745316 0.561302
v -0.210617 0.735471 0.553852
v -0.290613 0.731393 0.503547
v -0.283879 0.745316 0.525065
v -0.312612 0.745316 0.508473
v -0.288703 0.735471 0.517432
v -0.297252 0.737277 0.515049
v -0.298546 0.745316 0.517290
v -0.303591 0.735471 0.508835
v -0.373637 0.731393 0.445400
v -0.370741 0.745316 0.467762
v -0.396157 0.745316 0.446431
v -0.374167 0.735471 0.459407
v -0.382172 0.737277 0.455574
v -0.383836 0.745316 0.457557
v -0.387336 0.735471 0.448355
v -0.445305 0.731393 0.373717
v -0.446335 0.745316 0.396242
v -0.467662 0.745316 0.370821
v -0.448259 0.735471 0.387419
v -0.455477 0.737277 0.382254
v -0.457459 0.745316 0.383918
v -0.459309 0.735471 0.374247
v -0.503439 0.731393 0.290675
v -0.508365 0.745316 0.312679
v -0.524954 0.745316 0.283940
v -0.508727 0.735471 0.303656
v -0.514939 0.737277 0.297316
v -0.517180 0.745316 0.298610
v -0.517322 0.735471 0.288765
v -0.546274 0.731393 0.198798
v -0.554944 0.745316 0.219612
v -0.566291 0.745316 0.188428
v -0.553734 0.735471 0.210663
v -0.558751 0.737277 0.203341
v -0.561183 0.745316 0.204226
v -0.559614 0.735471 0.194506
v -0.572506 0.731393 0.100877
v -0.584658 0.745316 0.119869
v -0.590419 0.745316 0.087188
v -0.581913 0.735471 0.111266
v -0.585583 0.737277 0.103184
v -0.588131 0.745316 0.103633
v -0.584898 0.735471 0.094333
v -0.581339 0.802387 -0.000110
v -0.596601 0.788464 -0.016705
v -0.596604 0.788464 0.016480
v -0.592406 0.798309 -0.008709
v -0.594617 0.796503 -0.000112
v -0.597204 0.788464 -0.000112
v -0.592408 0.798309 0.008486
v -0.572506 0.802387 0.100877
v -0.590419 0.788464 0.087188
v -0.584658 0.788464 0.119869
v -0.584898 0.798309 0.094333
v -0.585583 0.796503 0.103184
v -0.588131 0.788464 0.103633
v -0.581913 0.798309 0.111266
v -0.546274 0.802387 0.198798
v -0.566291 0.788464 0.188428
v -0.554944 0.788464 0.219612
v -0.559614 0.798309 0.194506
v -0.558751 0.796503 0.203341
v -0.561183 0.788464 0.204226
v -0.553734 0.798309 0.210663
v -0.503439 0.802387 0.290675
v -0.524954 0.788464 0.283940
v -0.508365 0.788464 0.312679
v -0.517322 0.798309 0.288765
v -0.514939 0.796503 0.297316
v -0.517180 0.788464 0.298610
v -0.508727 0.798309 0.303656
v -0.445305 0.802387 0.373717
v -0.467662 0.788464 0.370821
v -0.446335 0.788464 0.396242
v -0.459309 0.798309 0.374247
v -0.455477 0.796503 0.382254
v -0.457459 0.788464 0.383918
v -0.448259 0.798309 0.387419
v -0.373637 0.802387 0.445400
v -0.396157 0.788464 0.446431
v -0.370741 0.788464 0.467762
v -0.387336 0.798309 0.448355
v -0.382172 0.796503 0.455574
v -0.383836 0.788464 0.457557
v -0.374167 0.798309 0.459407
v -0.290613 0.802387 0.503547
v -0.312612 0.788464 0.508473
v -0.283879 0.788464 0.525065
v -0.303591 0.798309 0.508835
v -0.297252 0.796503 0.515049
v -0.298546 0.788464 0.517290
v -0.288703 0.798309 0.517432
v -0.198755 0.802387 0.546390
v -0.219564 0.788464 0.555062
v -0.188387 0.788464 0.566412
v -0.210617 0.798309 0.553852
v -0.203296 0.796503 0.558870
v -0.204181 0.788464 0.561302
v -0.194464 0.798309 0.559733
v -0.087168 0.788464 0.590548
v -0.100853 0.802387 0.572628
v -0.119842 0.788464 0.584782
v -0.094312 0.798309 0.585024
v -0.103160 0.796503 0.585708
v -0.111240 0.798309 0.582037
v -0.103610 0.788464 0.588257
v -0.572506 0.731393 -0.100874
v -0.590423 0.745316 -0.087186
v -0.584658 0.745316 -0.119867
v -0.584900 0.735471 -0.094331
v -0.585583 0.737277 -0.103181
v -0.588132 0.745316 -0.103631
v -0.581913 0.735471 -0.111263
v -0.546274 0.731393 -0.198796
v -0.566291 0.745316 -0.188426
v -0.554944 0.745316 -0.219610
v -0.559614 0.735471 -0.194504
v -0.558751 0.737277 -0.203339
v -0.561183 0.745316 -0.204224
v -0.553734 0.735471 -0.210661
v -0.503439 0.731393 -0.290673
v -0.524954 0.745316 -0.283938
v -0.508365 0.745316 -0.312677
v -0.517322 0.735471 -0.288763
v -0.514939 0.737277 -0.297314
v -0.517180 0.745316 -0.298608
v -0.508727 0.735471 -0.303654
v -0.445305 0.731393 -0.373715
v -0.467662 0.745316 -0.370818
v -0.446335 0.745316 -0.396240
v -0.459309 0.735471 -0.374245
v -0.455477 0.737277 -0.382252
v -0.457459 0.745316 -0.383916
v -0.448259 0.735471 -0.387417
v -0.373637 0.731393 -0.445398
v -0.396157 0.745316 -0.446429
v -0.370741 0.745316 -0.467760
v -0.387336 0.735471 -0.448353
v -0.382172 0.737277 -0.455572
v -0.383836 0.745316 -0.457555
v -0.374167 0.735471 -0.459405
v -0.290613 0.731393 -0.503545
v -0.312612 0.745316 -0.508471
v -0.283879 0.745316 -0.525063
v -0.303591 0.735471 -0.508833
v -0.297252 0.737277 -0.515046
v -0.298546 0.745316 -0.517288
v -0.288703 0.735471 -0.517430
v -0.198755 0.731393 -0.546388
v -0.219564 0.745316 -0.555060
v -0.188387 0.745316 -0.566410
v -0.210617 0.735471 -0.553850
v -0.203296 0.737277 -0.558868
v -0.204181 0.745316 -0.561300
v -0.194464 0.735471 -0.559731
v -0.100853 0.731393 -0.572626
v -0.119842 0.745316 -0.584780
v -0.087168 0.745316 -0.590546
v -0.111240 0.735471 -0.582035
v -0.103160 0.737277 -0.585706
v -0.103610 0.745316 -0.588255
v -0.094312 0.735471 -0.585022
v -0.016520 0.788464 -0.596729
v 0.000112 0.802387 -0.581461
v 0.016658 0.788464 -0.596726
v -0.008505 0.798309 -0.592531
v 0.000091 0.796503 -0.594742
v 0.008686 0.798309 -0.592530
v 0.000069 0.788464 -0.597329
v -0.100855 0.802387 -0.572626
v -0.087168 0.788464 -0.590543
v -0.119842 0.788464 -0.584780
v -0.094312 0.798309 -0.585021
v -0.103160 0.796503 -0.585705
v -0.103610 0.788464 -0.588254
v -0.111241 0.798309 -0.582035
v -0.198755 0.802387 -0.546388
v -0.188387 0.788464 -0.566410
v -0.219564 0.788464 -0.555060
v -0.194464 0.798309 -0.559731
v -0.203296 0.796503 -0.558868
v -0.204181 0.788464 -0.561300
v -0.210617 0.798309 -0.553850
v -0.290613 0.802387 -0.503545
v -0.283879 0.788464 -0.525063
v -0.312612 0.788464 -0.508471
v -0.288703 0.798309 -0.517430
v -0.297252 0.796503 -0.515046
v -0.298546 0.788464 -0.517288
v -0.303591 0.798309 -0.508833
v -0.373637 0.802387 -0.445398
v -0.370741 0.788464 -0.467760
v -0.396157 0.788464 -0.446429
v -0.374167 0.798309 -0.459405
v -0.382172 0.796503 -0.455572
v -0.383836 0.788464 -0.457555
v -0.387336 0.798309 -0.448353
v -0.445305 0.802387 -0.373715
v -0.446335 0.788464 -0.396240
v -0.467662 0.788464 -0.370818
v -0.448259 0.798309 -0.387417
v -0.455477 0.796503 -0.382252
v -0.457459 0.788464 -0.383916
v -0.459309 0.798309 -0.374245
v -0.503439 0.802387 -0.290673
v -0.508365 0.788464 -0.312677
v -0.524954 0.788464 -0.283938
v -0.508727 0.798309 -0.303654
v -0.514939 0.796503 -0.297314
v -0.517180 0.788464 -0.298608
v -0.517322 0.798309 -0.288763
v -0.546274 0.802387 -0.198796
v -0.554944 0.788464 -0.219610
v -0.566291 0.788464 -0.188426
v -0.553734 0.798309 -0.210661
v -0.558751 0.796503 -0.203339
v -0.561183 0.788464 -0.204224
v -0.559614 0.798309 -0.194504
v -0.572506 0.802387 -0.100874
v -0.584658 0.788464 -0.119867
v -0.590423 0.788464 -0.087186
v -0.581913 0.798309 -0.111263
v -0.585583 0.796503 -0.103181
v -0.588132 0.788464 -0.103631
v -0.584900 0.798309 -0.094331
v 0.596602 0.745316 -0.016705
v 0.596605 0.745316 0.016480
v 0.581340 0.731393 -0.000110
v 0.597205 0.745316 -0.000112
v 0.594618 0.737277 -0.000112
v 0.592409 0.735471 0.008486
v 0.592407 0.735471 -0.008709
v -0.000111 0.731393 0.581463
v 0.016476 0.745316 0.596731
v -0.016702 0.745316 0.596728
v 0.008483 0.735471 0.592533
v -0.000112 0.737277 0.594744
v -0.000113 0.745316 0.597331
v -0.008708 0.735471 0.592532
v 0.572507 0.731393 0.100877
v 0.590420 0.745316 0.087188
v 0.584659 0.745316 0.119869
v 0.584899 0.735471 0.094333
v 0.585584 0.737277 0.103184
v 0.588132 0.745316 0.103633
v 0.581914 0.735471 0.111266
v 0.546275 0.731393 0.198798
v 0.566292 0.745316 0.188428
v 0.554945 0.745316 0.219612
v 0.559615 0.735471 0.194506
v 0.558752 0.737277 0.203341
v 0.561184 0.745316 0.204226
v 0.553735 0.735471 0.210663
v 0.503440 0.731393 0.290675
v 0.524955 0.745316 0.283940
v 0.508366 0.745316 0.312679
v 0.517323 0.735471 0.288765
v 0.514940 0.737277 0.297316
v 0.517181 0.745316 0.298610
v 0.508728 0.735471 0.303656
v 0.445306 0.731393 0.373717
v 0.467663 0.745316 0.370821
v 0.446336 0.745316 0.396242
v 0.459310 0.735471 0.374247
v 0.455478 0.737277 0.382254
v 0.457460 0.745316 0.383918
v 0.448260 0.735471 0.387419
v 0.373638 0.731393 0.445400
v 0.396158 0.745316 0.446431
v 0.370742 0.745316 0.467762
v 0.387337 0.735471 0.448355
v 0.382173 0.737277 0.455574
v 0.383837 0.745316 0.457557
v 0.374168 0.735471 0.459407
v 0.290614 0.731393 0.503547
v 0.312613 0.745316 0.508473
v 0.283880 0.745316 0.525065
v 0.303592 0.735471 0.508835
v 0.297253 0.737277 0.515049
v 0.298547 0.745316 0.517290
v 0.288704 0.735471 0.517432
v 0.198756 0.731393 0.546390
v 0.219566 0.745316 0.555062
v 0.188388 0.745316 0.566412
v 0.210618 0.735471 0.553852
v 0.203297 0.737277 0.558870
v 0.204182 0.745316 0.561302
v 0.194465 0.735471 0.559733
v 0.100856 0.731393 0.572628
v 0.119843 0.745316 0.584782
v 0.087169 0.745316 0.590545
v 0.111242 0.735471 0.582037
v 0.103161 0.737277 0.585707
v 0.103611 0.745316 0.588256
v 0.094313 0.735471 0.585023
v -0.000111 0.802387 0.581463
v -0.016702 0.788464 0.596728
v 0.016476 0.788464 0.596731
v -0.008708 0.798309 0.592532
v -0.000112 0.796503 0.594744
v -0.000113 0.788464 0.597331
v 0.008483 0.798309 0.592533
v 0.581340 0.802387 -0.000110
v 0.596605 0.788464 0.016480
v 0.596602 0.788464 -0.016705
v 0.592409 0.798309 0.008486
v 0.594618 0.796503 -0.000112
v 0.597205 0.788464 -0.000112
v 0.592407 0.798309 -0.008709
v 0.100856 0.802387 0.572628
v 0.087169 0.788464 0.590545
v 0.119843 0.788464 0.584782
v 0.094313 0.798309 0.585023
v 0.103161 0.796503 0.585707
v 0.103611 0.788464 0.588256
v 0.111242 0.798309 0.582037
v 0.198756 0.802387 0.546390
v 0.188388 0.788464 0.566412
v 0.219566 0.788464 0.555062
v 0.194465 0.798309 0.559733
v 0.203297 0.796503 0.558870
v 0.204182 0.788464 0.561302
v 0.210618 0.798309 0.553852
v 0.290614 0.802387 0.503547
v 0.283880 0.788464 0.525065
v 0.312613 0.788464 0.508473
v 0.288704 0.798309 0.517432
v 0.297253 0.796503 0.515049
v 0.298547 0.788464 0.517290
v 0.303592 0.798309 0.508835
v 0.373638 0.802387 0.445400
v 0.370742 0.788464 0.467762
v 0.396158 0.788464 0.446431
v 0.374168 0.798309 0.459407
v 0.382173 0.796503 0.455574
v 0.383837 0.788464 0.457557
v 0.387337 0.798309 0.448355
v 0.445306 0.802387 0.373717
v 0.446336 0.788464 0.396242
v 0.467663 0.788464 0.370821
v 0.448260 0.798309 0.387419
v 0.455478 0.796503 0.382254
v 0.457460 0.788464 0.383918
v 0.459310 0.798309 0.374247
v 0.503440 0.802387 0.290675
v 0.508366 0.788464 0.312679
v 0.524955 0.788464 0.283940
v 0.508728 0.798309 0.303656
v 0.514940 0.796503 0.297316
v 0.517181 0.788464 0.298610
v 0.517323 0.798309 0.288765
v 0.546275 0.802387 0.198798
v 0.554945 0.788464 0.219612
v 0.566292 0.788464 0.188428
v 0.553735 0.798309 0.210663
v 0.558752 0.796503 0.203341
v 0.561184 0.788464 0.204226
v 0.559615 0.798309 0.194506
v 0.572507 0.802387 0.100877
v 0.584659 0.788464 0.119869
v 0.590420 0.788464 0.087188
v 0.581914 0.798309 0.111266
v 0.585584 0.796503 0.103184
v 0.588132 0.788464 0.103633
v 0.584899 0.798309 0.094333
v -0.016657 0.745316 -0.596726
v 0.016521 0.745316 -0.596729
v -0.000111 0.731393 -0.581461
v -0.000068 0.745316 -0.597329
v -0.000090 0.737277 -0.594742
v 0.008506 0.735471 -0.592531
v -0.008685 0.735471 -0.592530
v 0.100856 0.731393 -0.572626
v 0.087169 0.745316 -0.590543
v 0.119843 0.745316 -0.584780
v 0.094313 0.735471 -0.585021
v 0.103161 0.737277 -0.585705
v 0.103611 0.745316 -0.588254
v 0.111242 0.735471 -0.582035
v 0.198756 0.731393 -0.546388
v 0.188388 0.745316 -0.566410
v 0.219566 0.745316 -0.555060
v 0.194465 0.735471 -0.559731
v 0.203297 0.737277 -0.558868
v 0.204182 0.745316 -0.561300
v 0.210618 0.735471 -0.553850
v 0.290614 0.731393 -0.503545
v 0.283880 0.745316 -0.525063
v 0.312613 0.745316 -0.508471
v 0.288704 0.735471 -0.517430
v 0.297253 0.737277 -0.515046
v 0.298547 0.745316 -0.517288
v 0.303592 0.735471 -0.508833
v 0.373638 0.731393 -0.445398
v 0.370742 0.745316 -0.467760
v 0.396158 0.745316 -0.446429
v 0.374168 0.735471 -0.459405
v 0.382173 0.737277 -0.455572
v 0.383837 0.745316 -0.457555
v 0.387337 0.735471 -0.448353
v 0.445306 0.731393 -0.373715
v 0.446336 0.745316 -0.396240
v 0.467663 0.745316 -0.370818
v 0.448260 0.735471 -0.387417
v 0.455478 0.737277 -0.382252
v 0.457460 0.745316 -0.383916
v 0.459310 0.735471 -0.374245
v 0.503440 0.731393 -0.290673
v 0.508366 0.745316 -0.312677
v 0.524955 0.745316 -0.283938
v 0.508728 0.735471 -0.303654
v 0.514940 0.737277 -0.297314
v 0.517181 0.745316 -0.298608
v 0.517323 0.735471 -0.288763
v 0.546275 0.731393 -0.198796
v 0.554945 0.745316 -0.219610
v 0.566292 0.745316 -0.188426
v 0.553735 0.735471 -0.210661
v 0.558752 0.737277 -0.203339
v 0.561184 0.745316 -0.204224
v 0.559615 0.735471 -0.194504
v 0.572507 0.731393 -0.100874
v 0.584659 0.745316 -0.119867
v 0.590424 0.745316 -0.087186
v 0.581914 0.735471 -0.111263
v 0.585584 0.737277 -0.103181
v 0.588133 0.745316 -0.103631
v 0.584901 0.735471 -0.094331
v 0.590424 0.788464 -0.087186
v 0.584659 0.788464 -0.119867
v 0.572507 0.802387 -0.100874
v 0.588133 0.788464 -0.103631
v 0.585584 0.796503 -0.103181
v 0.581914 0.798309 -0.111263
v 0.584901 0.798309 -0.094331
v 0.546275 0.802387 -0.198796
v 0.566292 0.788464 -0.188426
v 0.554945 0.788464 -0.219610
v 0.559615 0.798309 -0.194504
v 0.558752 0.796503 -0.203339
v 0.561184 0.788464 -0.204224
v 0.553735 0.798309 -0.210661
v 0.503440 0.802387 -0.290673
v 0.524955 0.788464 -0.283938
v 0.508366 0.788464 -0.312677
v 0.517323 0.798309 -0.288763
v 0.514940 0.796503 -0.297314
v 0.517181 0.788464 -0.298608
v 0.508728 0.798309 -0.303654
v 0.445306 0.802387 -0.373715
v 0.467663 0.788464 -0.370818
v 0.446336 0.788464 -0.396240
v 0.459310 0.798309 -0.374245
v 0.455478 0.796503 -0.382252
v 0.457460 0.788464 -0.383916
v 0.448260 0.798309 -0.387417
v 0.373638 0.802387 -0.445398
v 0.396158 0.788464 -0.446429
v 0.370742 0.788464 -0.467760
v 0.387337 0.798309 -0.448353
v 0.382173 0.796503 -0.455572
v 0.383837 0.788464 -0.457555
v 0.374168 0.798309 -0.459405
v 0.290614 0.802387 -0.503545
v 0.312613 0.788464 -0.508471
v 0.283880 0.788464 -0.525063
v 0.303592 0.798309 -0.508833
v 0.297253 0.796503 -0.515046
v 0.298547 0.788464 -0.517288
v 0.288704 0.798309 -0.517430
v 0.198756 0.802387 -0.546388
v 0.219566 0.788464 -0.555060
v 0.188388 0.788464 -0.566410
v 0.210618 0.798309 -0.553850
v 0.203297 0.796503 -0.558868
v 0.204182 0.788464 -0.561300
v 0.194465 0.798309 -0.559731
v 0.087169 0.788464 -0.590546
v 0.100854 0.802387 -0.572626
v 0.119843 0.788464 -0.584780
v 0.094313 0.798309 -0.585022
v 0.103161 0.796503 -0.585706
v 0.111241 0.798309 -0.582035
v 0.103611 0.788464 -0.588255
vn -0.0000 -0.0000 1.0000
vn -0.0000 -1.0000 -0.0000
vn -0.0000 1.0000 -0.0000
vn 0.9997 -0.0250 -0.0000
vn -1.0000 -0.0000 -0.0000
vn 1.0000 -0.0000 -0.0000
vn -0.0000 -0.0000 -1.0000
vn -0.0000 -0.0250 -0.9997
vn -0.9997 -0.0250 -0.0000
vn -0.0000 -0.0250 0.9997
vn -0.0000 0.0783 0.9969
vn 0.9975 -0.0702 -0.0000
vn -0.9975 0.0702 -0.0000
vn -0.0000 -0.0783 -0.9969
vn -0.0000 0.0809 0.9967
vn 0.9978 0.0668 -0.0000
vn -0.9978 -0.0668 -0.0000
vn -0.0000 -0.0809 -0.9967
vn -0.0000 -0.0725 0.9974
vn 0.9978 0.0667 -0.0000
vn -0.9978 -0.0667 -0.0000
vn -0.0000 0.0725 -0.9974
vn -0.0000 -0.0727 0.9974
vn 0.9975 -0.0706 -0.0000
vn -0.9975 0.0706 -0.0000
vn -0.0000 0.0727 -0.9974
vn -0.2589 -0.0000 0.9659
vn 0.0872 -0.0002 -0.9962
vn -0.4227 -0.0000 0.9063
vn -0.5737 -0.0000 0.8191
vn -0.7072 -0.0000 0.7070
vn -0.8192 -0.0000 0.5735
vn -0.9063 -0.0000 0.4225
vn -0.9659 -0.0000 0.2588
vn -0.9962 -0.0000 -0.0873
vn 0.9962 -0.0000 -0.0873
vn -0.0872 0.0002 -0.9962
vn -0.2589 -0.0000 -0.9659
vn -0.4227 -0.0000 -0.9063
vn -0.5737 -0.0000 -0.8191
vn -0.7072 -0.0000 -0.7070
vn -0.8192 -0.0000 -0.5735
vn -0.9063 -0.0000 -0.4225
vn 0.9962 -0.0000 0.0871
vn 0.9659 -0.0000 -0.2588
vn 0.9063 -0.0000 -0.4225
vn 0.8192 -0.0000 -0.5735
vn 0.7072 -0.0000 -0.7070
vn 0.5737 -0.0000 -0.8191
vn 0.4227 -0.0000 -0.9063
vn 0.9659 -0.0000 0.2588
vn 0.2589 -0.0000 -0.9659
vn 0.2589 -0.0000 0.9659
vn 0.4227 -0.0000 0.9063
vn 0.5737 -0.0000 0.8191
vn 0.7072 -0.0000 0.7070
vn 0.8192 -0.0000 0.5735
vn 0.9063 -0.0000 0.4225
vn -0.0874 -0.0000 0.9962
vn -0.2588 -0.0000 0.9659
vn -0.7071 -0.0000 0.7071
vn -0.2588 -0.0000 -0.9659
vn -0.7071 -0.0000 -0.7071
vn -0.9659 -0.0000 -0.2588
vn 0.7071 -0.0000 -0.7071
vn 0.2588 -0.0000 -0.9659
vn 0.2588 -0.0000 0.9659
vn 0.7071 -0.0000 0.7071
vn -0.2578 0.0936 0.9616
vn -0.7034 0.1047 0.7030
vn -0.9622 0.0879 0.2577
vn -0.2585 -0.0575 -0.9643
vn -0.7073 -0.0057 -0.7069
vn -0.9649 0.0476 -0.2584
vn 0.9622 -0.0879 -0.2577
vn 0.7034 -0.1047 -0.7030
vn 0.2578 -0.0936 -0.9616
vn 0.2585 0.0575 0.9643
vn 0.7073 0.0057 0.7069
vn 0.9649 -0.0476 0.2584
vn -0.2586 0.0609 0.9641
vn -0.7074 0.0100 0.7067
vn -0.9651 -0.0437 0.2583
vn -0.2579 -0.0953 -0.9615
vn -0.7036 -0.1042 -0.7029
vn -0.9625 -0.0854 -0.2576
vn 0.9651 0.0437 -0.2583
vn 0.7074 -0.0100 -0.7067
vn 0.2586 -0.0609 -0.9641
vn 0.2579 0.0953 0.9615
vn 0.7036 0.1042 0.7029
vn 0.9625 0.0854 0.2576
vn -0.2579 -0.0872 0.9622
vn -0.7038 -0.0982 0.7036
vn -0.9626 -0.0831 0.2578
vn -0.2586 0.0528 -0.9646
vn -0.7072 0.0041 -0.7070
vn -0.9649 -0.0457 -0.2584
vn 0.9626 0.0831 -0.2578
vn 0.7038 0.0982 -0.7035
vn 0.2579 0.0872 -0.9622
vn 0.2586 -0.0528 0.9646
vn 0.7072 -0.0041 0.7070
vn 0.9649 0.0457 0.2585
vn -0.2585 -0.0520 0.9646
vn -0.7072 -0.0015 0.7071
vn -0.9648 0.0494 0.2585
vn -0.2578 0.0884 -0.9621
vn -0.7035 0.1010 -0.7034
vn -0.9623 0.0869 -0.2578
vn 0.9648 -0.0494 -0.2585
vn 0.7072 0.0015 -0.7071
vn 0.2585 0.0520 -0.9646
vn 0.2578 -0.0884 0.9621
vn 0.7035 -0.1010 0.7034
vn 0.9623 -0.0869 0.2578
vn 0.0872 -0.0000 0.9962
vn -0.9962 -0.0000 0.0871
vn -0.4036 -0.9107 0.0875
vn -0.9095 -0.4144 0.0329
vn -0.9095 -0.4144 -0.0331
vn 0.0162 -0.9108 0.4126
vn -0.1256 -0.4146 0.9013
vn -0.1905 -0.4146 0.8899
vn -0.0557 -0.9108 0.4091
vn -0.2801 -0.4145 0.8658
vn -0.3421 -0.4145 0.8433
vn -0.1259 -0.9108 0.3932
vn -0.4262 -0.4145 0.8040
vn -0.4833 -0.4145 0.7711
vn -0.1923 -0.9108 0.3654
vn -0.5594 -0.4145 0.7178
vn -0.6099 -0.4145 0.6754
vn -0.2529 -0.9108 0.3265
vn -0.6756 -0.4145 0.6098
vn -0.7179 -0.4145 0.5593
vn -0.3057 -0.9108 0.2776
vn -0.7712 -0.4145 0.4832
vn -0.8041 -0.4145 0.4261
vn -0.3493 -0.9108 0.2203
vn -0.8434 -0.4145 0.3420
vn -0.8659 -0.4145 0.2800
vn -0.3822 -0.9107 0.1563
vn -0.8899 -0.4145 0.1903
vn -0.9014 -0.4145 0.1254
vn -0.4036 0.9107 -0.0876
vn -0.9095 0.4144 -0.0331
vn -0.9095 0.4144 0.0329
vn -0.4127 0.9107 -0.0162
vn -0.9014 0.4145 0.1254
vn -0.8899 0.4145 0.1903
vn -0.4092 0.9107 0.0557
vn -0.8659 0.4145 0.2800
vn -0.8434 0.4145 0.3420
vn -0.3933 0.9108 0.1259
vn -0.8041 0.4145 0.4261
vn -0.7712 0.4145 0.4832
vn -0.3655 0.9108 0.1923
vn -0.7179 0.4145 0.5593
vn -0.6756 0.4145 0.6098
vn -0.3265 0.9108 0.2528
vn -0.6099 0.4145 0.6754
vn -0.5594 0.4145 0.7178
vn -0.2777 0.9108 0.3056
vn -0.4833 0.4145 0.7711
vn -0.4263 0.4145 0.8040
vn -0.2203 0.9108 0.3492
vn -0.3421 0.4145 0.8433
vn -0.2801 0.4145 0.8658
vn -0.1256 0.4146 0.9013
vn -0.1564 0.9108 0.3821
vn -0.1905 0.4146 0.8899
vn -0.4126 -0.9107 0.0162
vn -0.9013 -0.4145 -0.1256
vn -0.8899 -0.4145 -0.1904
vn -0.4092 -0.9107 -0.0557
vn -0.8659 -0.4145 -0.2800
vn -0.8434 -0.4145 -0.3420
vn -0.3933 -0.9107 -0.1259
vn -0.8041 -0.4145 -0.4261
vn -0.7712 -0.4145 -0.4832
vn -0.3655 -0.9108 -0.1923
vn -0.7179 -0.4145 -0.5593
vn -0.6756 -0.4145 -0.6098
vn -0.3265 -0.9108 -0.2528
vn -0.6099 -0.4145 -0.6754
vn -0.5594 -0.4145 -0.7178
vn -0.2777 -0.9108 -0.3056
vn -0.4833 -0.4145 -0.7711
vn -0.4262 -0.4145 -0.8040
vn -0.2203 -0.9108 -0.3492
vn -0.3421 -0.4145 -0.8433
vn -0.2801 -0.4145 -0.8658
vn -0.1564 -0.9108 -0.3821
vn -0.1905 -0.4146 -0.8899
vn -0.1256 -0.4146 -0.9013
vn -0.0329 0.4146 -0.9094
vn 0.0875 0.9107 -0.4036
vn 0.0331 0.4144 -0.9095
vn 0.0162 0.9108 -0.4126
vn -0.1255 0.4145 -0.9013
vn -0.1904 0.4145 -0.8899
vn -0.0557 0.9108 -0.4091
vn -0.2801 0.4145 -0.8658
vn -0.3421 0.4145 -0.8433
vn -0.1259 0.9108 -0.3932
vn -0.4262 0.4145 -0.8040
vn -0.4833 0.4145 -0.7711
vn -0.1923 0.9108 -0.3654
vn -0.5594 0.4145 -0.7178
vn -0.6099 0.4145 -0.6754
vn -0.2529 0.9108 -0.3265
vn -0.6756 0.4145 -0.6098
vn -0.7179 0.4145 -0.5593
vn -0.3057 0.9108 -0.2776
vn -0.7712 0.4145 -0.4832
vn -0.8041 0.4145 -0.4261
vn -0.3493 0.9108 -0.2203
vn -0.8434 0.4145 -0.3420
vn -0.8659 0.4145 -0.2800
vn -0.3822 0.9107 -0.1564
vn -0.8899 0.4145 -0.1904
vn -0.9013 0.4145 -0.1256
vn 0.9095 -0.4144 -0.0331
vn 0.9095 -0.4144 0.0329
vn 0.4036 -0.9107 -0.0876
vn 0.0875 -0.9108 0.4035
vn 0.0329 -0.4145 0.9094
vn -0.0331 -0.4145 0.9094
vn 0.4127 -0.9107 -0.0162
vn 0.9014 -0.4145 0.1254
vn 0.8899 -0.4145 0.1903
vn 0.4092 -0.9107 0.0557
vn 0.8659 -0.4145 0.2800
vn 0.8434 -0.4145 0.3420
vn 0.3933 -0.9107 0.1259
vn 0.8041 -0.4145 0.4261
vn 0.7712 -0.4145 0.4832
vn 0.3655 -0.9108 0.1923
vn 0.7179 -0.4145 0.5593
vn 0.6756 -0.4145 0.6098
vn 0.3265 -0.9108 0.2528
vn 0.6099 -0.4145 0.6754
vn 0.5594 -0.4145 0.7178
vn 0.2777 -0.9108 0.3056
vn 0.4833 -0.4145 0.7711
vn 0.4262 -0.4145 0.8040
vn 0.2203 -0.9108 0.3492
vn 0.3421 -0.4145 0.8433
vn 0.2801 -0.4145 0.8658
vn 0.1563 -0.9108 0.3822
vn 0.1904 -0.4145 0.8899
vn 0.1255 -0.4145 0.9013
vn -0.0876 0.9108 0.4035
vn -0.0331 0.4145 0.9094
vn 0.0329 0.4145 0.9094
vn 0.4036 0.9107 0.0875
vn 0.9095 0.4144 0.0329
vn 0.9095 0.4144 -0.0331
vn -0.0162 0.9108 0.4126
vn 0.1255 0.4145 0.9013
vn 0.1904 0.4145 0.8899
vn 0.0557 0.9108 0.4091
vn 0.2801 0.4145 0.8658
vn 0.3421 0.4145 0.8433
vn 0.1259 0.9108 0.3932
vn 0.4263 0.4145 0.8040
vn 0.4833 0.4145 0.7711
vn 0.1923 0.9108 0.3654
vn 0.5594 0.4145 0.7178
vn 0.6099 0.4145 0.6754
vn 0.2529 0.9108 0.3265
vn 0.6756 0.4145 0.6098
vn 0.7179 0.4145 0.5593
vn 0.3057 0.9108 0.2776
vn 0.7712 0.4145 0.4832
vn 0.8041 0.4145 0.4261
vn 0.3493 0.9108 0.2203
vn 0.8434 0.4145 0.3420
vn 0.8659 0.4145 0.2800
vn 0.3822 0.9108 0.1563
vn 0.8899 0.4145 0.1903
vn 0.9014 0.4145 0.1254
vn -0.0331 -0.4144 -0.9095
vn 0.0329 -0.4146 -0.9094
vn -0.0875 -0.9107 -0.4036
vn -0.0162 -0.9108 -0.4126
vn 0.1255 -0.4146 -0.9013
vn 0.1904 -0.4145 -0.8899
vn 0.0557 -0.9108 -0.4091
vn 0.2801 -0.4145 -0.8658
vn 0.3421 -0.4145 -0.8433
vn 0.1259 -0.9108 -0.3932
vn 0.4262 -0.4145 -0.8040
vn 0.4833 -0.4145 -0.7711
vn 0.1923 -0.9108 -0.3654
vn 0.5594 -0.4145 -0.7178
vn 0.6099 -0.4145 -0.6754
vn 0.2529 -0.9108 -0.3265
vn 0.6756 -0.4145 -0.6098
vn 0.7179 -0.4145 -0.5593
vn 0.3057 -0.9108 -0.2776
vn 0.7712 -0.4145 -0.4832
vn 0.8041 -0.4145 -0.4261
vn 0.3493 -0.9108 -0.2203
vn 0.8434 -0.4145 -0.3420
vn 0.8659 -0.4145 -0.2800
vn 0.3822 -0.9108 -0.1564
vn 0.8899 -0.4145 -0.1904
vn 0.9013 -0.4145 -0.1256
vn 0.9013 0.4145 -0.1256
vn 0.8899 0.4145 -0.1904
vn 0.4126 0.9107 0.0162
vn 0.4092 0.9107 -0.0557
vn 0.8659 0.4145 -0.2800
vn 0.8434 0.4145 -0.3419
vn 0.3933 0.9107 -0.1259
vn 0.8041 0.4145 -0.4261
vn 0.7712 0.4145 -0.4832
vn 0.3655 0.9108 -0.1923
vn 0.7179 0.4145 -0.5593
vn 0.6756 0.4145 -0.6098
vn 0.3265 0.9108 -0.2528
vn 0.6099 0.4145 -0.6754
vn 0.5594 0.4145 -0.7178
vn 0.2777 0.9108 -0.3056
vn 0.4833 0.4145 -0.7711
vn 0.4262 0.4145 -0.8040
vn 0.2203 0.9108 -0.3492
vn 0.3421 0.4145 -0.8433
vn 0.2801 0.4145 -0.8658
vn 0.1256 0.4146 -0.9013
vn 0.1564 0.9108 -0.3821
vn 0.1905 0.4146 -0.8899
vn -0.0286 -0.9450 0.3259
vn -0.0783 -0.4440 0.8926
vn -0.2093 -0.0000 0.9779
vn -0.1380 -0.0000 0.9904
vn -0.0847 -0.9450 0.3160
vn -0.2320 -0.4440 0.8655
vn -0.0847 0.9450 0.3160
vn -0.2320 0.4440 0.8655
vn -0.3759 -0.0000 0.9267
vn -0.3078 -0.0000 0.9514
vn -0.1383 -0.9450 0.2965
vn -0.3787 -0.4440 0.8120
vn -0.1383 0.9450 0.2965
vn -0.3787 0.4440 0.8120
vn -0.5311 -0.0000 0.8473
vn -0.4684 -0.0000 0.8835
vn -0.1877 -0.9450 0.2680
vn -0.5140 -0.4440 0.7339
vn -0.1877 0.9450 0.2680
vn -0.5140 0.4440 0.7339
vn -0.6702 -0.0000 0.7422
vn -0.6147 -0.0000 0.7888
vn -0.2314 -0.9450 0.2313
vn -0.6337 -0.4440 0.6335
vn -0.2314 0.9450 0.2313
vn -0.6337 0.4440 0.6335
vn -0.7889 -0.0000 0.6145
vn -0.7423 -0.0000 0.6700
vn -0.2681 -0.9449 0.1877
vn -0.7340 -0.4440 0.5139
vn -0.2681 0.9449 0.1877
vn -0.7340 0.4440 0.5139
vn -0.8836 -0.0000 0.4682
vn -0.8474 -0.0000 0.5310
vn -0.2966 -0.9449 0.1383
vn -0.8121 -0.4440 0.3786
vn -0.2966 0.9449 0.1383
vn -0.8121 0.4440 0.3786
vn -0.9515 -0.0000 0.3077
vn -0.9267 -0.0000 0.3758
vn -0.3161 -0.9449 0.0847
vn -0.8655 -0.4440 0.2319
vn -0.3161 0.9449 0.0847
vn -0.8655 0.4439 0.2319
vn -0.9905 -0.0000 0.1378
vn -0.9779 -0.0000 0.2092
vn -0.3260 -0.9449 0.0285
vn -0.8926 -0.4439 0.0781
vn -0.3260 0.9449 0.0285
vn -0.8926 0.4440 0.0781
vn -0.9993 -0.0000 -0.0363
vn -0.9993 -0.0000 0.0361
vn -0.0285 0.9450 -0.3259
vn -0.0782 0.4440 -0.8926
vn -0.0783 -0.4440 -0.8926
vn -0.0286 -0.9450 -0.3259
vn 0.0783 0.4440 -0.8926
vn 0.0286 0.9450 -0.3259
vn -0.2093 -0.0000 -0.9779
vn -0.1380 0.0001 -0.9904
vn -0.0847 0.9450 -0.3160
vn -0.2320 0.4440 -0.8655
vn -0.0847 -0.9450 -0.3160
vn -0.2320 -0.4440 -0.8655
vn -0.3759 -0.0000 -0.9267
vn -0.3078 -0.0000 -0.9514
vn -0.1383 0.9450 -0.2965
vn -0.3787 0.4440 -0.8120
vn -0.1383 -0.9450 -0.2965
vn -0.3787 -0.4440 -0.8120
vn -0.5311 -0.0000 -0.8473
vn -0.4684 -0.0000 -0.8835
vn -0.1877 0.9450 -0.2680
vn -0.5140 0.4440 -0.7339
vn -0.1877 -0.9450 -0.2680
vn -0.5140 -0.4440 -0.7339
vn -0.6702 -0.0000 -0.7422
vn -0.6147 -0.0000 -0.7888
vn -0.2314 0.9450 -0.2313
vn -0.6337 0.4440 -0.6335
vn -0.2314 -0.9450 -0.2313
vn -0.6337 -0.4440 -0.6335
vn -0.7889 -0.0000 -0.6145
vn -0.7423 -0.0000 -0.6700
vn -0.2681 0.9449 -0.1877
vn -0.7340 0.4440 -0.5139
vn -0.2681 -0.9449 -0.1877
vn -0.7341 -0.4440 -0.5139
vn -0.8836 -0.0000 -0.4682
vn -0.8474 -0.0000 -0.5310
vn -0.2966 0.9449 -0.1383
vn -0.8121 0.4440 -0.3786
vn -0.2966 -0.9449 -0.1383
vn -0.8121 -0.4440 -0.3786
vn -0.9515 -0.0000 -0.3077
vn -0.9267 -0.0000 -0.3758
vn -0.3161 0.9449 -0.0847
vn -0.8655 0.4440 -0.2319
vn -0.3161 -0.9449 -0.0847
vn -0.8655 -0.4439 -0.2319
vn -0.9904 -0.0000 -0.1380
vn -0.9779 -0.0000 -0.2092
vn -0.8926 -0.4440 -0.0782
vn -0.3260 -0.9449 -0.0286
vn 0.8926 -0.4439 -0.0783
vn 0.3260 -0.9449 -0.0286
vn 0.9779 -0.0000 -0.2092
vn 0.9904 -0.0000 -0.1380
vn 0.3161 0.9449 -0.0847
vn 0.8655 0.4439 -0.2319
vn 0.3161 -0.9449 -0.0847
vn 0.8655 -0.4440 -0.2319
vn 0.9267 -0.0000 -0.3758
vn 0.9515 -0.0000 -0.3077
vn 0.2966 0.9449 -0.1383
vn 0.8121 0.4440 -0.3786
vn 0.2966 -0.9449 -0.1383
vn 0.8121 -0.4440 -0.3786
vn 0.8474 -0.0000 -0.5310
vn 0.8836 -0.0000 -0.4682
vn 0.2681 0.9449 -0.1877
vn 0.7340 0.4440 -0.5139
vn 0.2681 -0.9449 -0.1877
vn 0.7340 -0.4440 -0.5139
vn 0.7423 -0.0000 -0.6700
vn 0.7889 -0.0000 -0.6145
vn 0.2314 0.9450 -0.2313
vn 0.6337 0.4440 -0.6335
vn 0.2314 -0.9450 -0.2313
vn 0.6337 -0.4440 -0.6335
vn 0.6147 -0.0000 -0.7888
vn 0.6702 -0.0000 -0.7422
vn 0.1877 0.9450 -0.2680
vn 0.5140 0.4440 -0.7339
vn 0.1877 -0.9450 -0.2680
vn 0.5140 -0.4440 -0.7339
vn 0.4684 -0.0000 -0.8835
vn 0.5311 -0.0000 -0.8473
vn 0.1383 0.9450 -0.2965
vn 0.3787 0.4440 -0.8120
vn 0.1383 -0.9450 -0.2965
vn 0.3787 -0.4440 -0.8120
vn 0.3078 -0.0000 -0.9514
vn 0.3759 -0.0000 -0.9267
vn 0.0847 0.9450 -0.3160
vn 0.2320 0.4440 -0.8655
vn 0.0847 -0.9450 -0.3160
vn 0.2320 -0.4440 -0.8655
vn 0.1379 -0.0000 -0.9904
vn 0.2092 -0.0000 -0.9779
vn 0.0285 -0.9450 -0.3259
vn 0.0782 -0.4440 -0.8926
vn 0.0285 0.9450 0.3259
vn 0.0781 0.4440 0.8926
vn -0.0364 -0.0000 0.9993
vn 0.0362 -0.0000 0.9993
vn 0.0285 -0.9450 0.3259
vn 0.0781 -0.4440 0.8926
vn 0.2092 -0.0000 0.9779
vn 0.1379 -0.0000 0.9904
vn 0.0847 0.9450 0.3160
vn 0.2319 0.4440 0.8655
vn 0.0847 -0.9450 0.3160
vn 0.2320 -0.4440 0.8655
vn 0.3759 -0.0000 0.9267
vn 0.3078 -0.0000 0.9514
vn 0.1383 0.9450 0.2965
vn 0.3787 0.4440 0.8120
vn 0.1383 -0.9450 0.2965
vn 0.3787 -0.4440 0.8120
vn 0.5311 -0.0000 0.8473
vn 0.4684 -0.0000 0.8835
vn 0.1877 0.9450 0.2680
vn 0.5140 0.4440 0.7339
vn 0.1877 -0.9450 0.2680
vn 0.5140 -0.4440 0.7339
vn 0.6702 -0.0000 0.7422
vn 0.6147 -0.0000 0.7888
vn 0.2314 0.9450 0.2313
vn 0.6337 0.4440 0.6335
vn 0.2314 -0.9450 0.2313
vn 0.6337 -0.4440 0.6335
vn 0.7889 -0.0000 0.6145
vn 0.7423 -0.0000 0.6700
vn 0.2681 0.9449 0.1877
vn 0.7340 0.4440 0.5139
vn 0.2681 -0.9449 0.1877
vn 0.7341 -0.4440 0.5139
vn 0.8836 -0.0000 0.4682
vn 0.8474 -0.0000 0.5310
vn 0.2966 0.9449 0.1383
vn 0.8121 0.4440 0.3786
vn 0.2966 -0.9449 0.1383
vn 0.8121 -0.4440 0.3786
vn 0.9515 -0.0000 0.3077
vn 0.9267 -0.0000 0.3758
vn 0.3161 0.9449 0.0847
vn 0.8655 0.4439 0.2319
vn 0.3161 -0.9449 0.0847
vn 0.8655 -0.4440 0.2319
vn 0.9905 -0.0000 0.1378
vn 0.9779 -0.0000 0.2092
vn 0.3260 0.9449 0.0285
vn 0.8926 0.4439 0.0781
vn 0.3260 -0.9449 0.0285
vn 0.8926 -0.4440 0.0781
vn -0.3260 0.9449 -0.0286
vn -0.8926 0.4439 -0.0782
vn 0.0364 -0.0000 -0.9993
vn -0.0362 0.0001 -0.9993
vn 0.9993 -0.0000 0.0362
vn 0.9993 -0.0000 -0.0363
vn -0.0783 0.4440 0.8926
vn -0.0286 0.9450 0.3259
vn 0.3260 0.9449 -0.0286
vn 0.8926 0.4439 -0.0783
vn -0.0001 1.0000 -0.0000
vn 0.0001 1.0000 -0.0000
vn 0.0873 -0.0001 -0.9962
vn -0.0873 0.0001 -0.9962
vn -0.7038 -0.0982 0.7035
vn -0.9649 -0.0457 -0.2585
vn -0.2579 0.0884 -0.9621
vn 0.2579 -0.0884 0.9621
vn -0.4036 -0.9107 -0.0876
vn -0.9368 -0.3015 0.1774
vn -0.9368 -0.3015 -0.1776
vn -0.1564 -0.9108 0.3821
vn 0.0121 -0.3016 0.9534
vn -0.3376 -0.3016 0.8916
vn -0.2203 -0.9108 0.3492
vn -0.1536 -0.3016 0.9410
vn -0.4873 -0.3016 0.8195
vn -0.2777 -0.9108 0.3056
vn -0.3147 -0.3016 0.9000
vn -0.6222 -0.3016 0.7224
vn -0.3265 -0.9108 0.2528
vn -0.4662 -0.3016 0.8317
vn -0.7382 -0.3016 0.6034
vn -0.3655 -0.9108 0.1923
vn -0.6036 -0.3016 0.7381
vn -0.8318 -0.3016 0.4661
vn -0.3933 -0.9107 0.1259
vn -0.7226 -0.3016 0.6221
vn -0.9001 -0.3016 0.3146
vn -0.4092 -0.9107 0.0557
vn -0.8196 -0.3016 0.4872
vn -0.9410 -0.3015 0.1535
vn -0.4127 -0.9107 -0.0162
vn -0.8917 -0.3015 0.3375
vn -0.9534 -0.3015 -0.0122
vn -0.4036 0.9107 0.0875
vn -0.9368 0.3015 -0.1776
vn -0.9368 0.3015 0.1774
vn -0.3822 0.9108 0.1563
vn -0.9534 0.3015 -0.0122
vn -0.8917 0.3016 0.3375
vn -0.3493 0.9108 0.2203
vn -0.9410 0.3015 0.1535
vn -0.8196 0.3016 0.4872
vn -0.3057 0.9108 0.2776
vn -0.9001 0.3016 0.3146
vn -0.7226 0.3016 0.6221
vn -0.2529 0.9108 0.3265
vn -0.8318 0.3016 0.4661
vn -0.6036 0.3016 0.7381
vn -0.1923 0.9108 0.3654
vn -0.7382 0.3016 0.6034
vn -0.4662 0.3016 0.8317
vn -0.1259 0.9108 0.3932
vn -0.6222 0.3016 0.7224
vn -0.3147 0.3016 0.9000
vn -0.0557 0.9108 0.4091
vn -0.4873 0.3016 0.8195
vn -0.1536 0.3016 0.9410
vn 0.0121 0.3016 0.9533
vn 0.0162 0.9108 0.4126
vn -0.3376 0.3016 0.8917
vn -0.3822 -0.9108 -0.1564
vn -0.9534 -0.3016 0.0121
vn -0.8917 -0.3016 -0.3375
vn -0.3493 -0.9108 -0.2203
vn -0.9410 -0.3015 -0.1535
vn -0.8196 -0.3016 -0.4872
vn -0.3057 -0.9108 -0.2776
vn -0.9001 -0.3016 -0.3146
vn -0.7226 -0.3016 -0.6221
vn -0.2529 -0.9108 -0.3265
vn -0.8318 -0.3016 -0.4661
vn -0.6036 -0.3016 -0.7381
vn -0.1923 -0.9108 -0.3654
vn -0.7382 -0.3016 -0.6034
vn -0.4662 -0.3016 -0.8317
vn -0.1259 -0.9108 -0.3932
vn -0.6222 -0.3016 -0.7224
vn -0.3147 -0.3016 -0.9000
vn -0.0557 -0.9108 -0.4091
vn -0.4873 -0.3016 -0.8195
vn -0.1536 -0.3016 -0.9410
vn 0.0162 -0.9108 -0.4126
vn -0.3376 -0.3016 -0.8916
vn 0.0121 -0.3016 -0.9534
vn -0.1775 0.3020 -0.9366
vn -0.0876 0.9108 -0.4034
vn 0.1777 0.3011 -0.9369
vn -0.1563 0.9108 -0.3822
vn 0.0122 0.3016 -0.9534
vn -0.3376 0.3016 -0.8917
vn -0.2203 0.9108 -0.3492
vn -0.1536 0.3016 -0.9410
vn -0.4873 0.3016 -0.8195
vn -0.2777 0.9108 -0.3056
vn -0.3147 0.3016 -0.9000
vn -0.6222 0.3016 -0.7224
vn -0.3265 0.9108 -0.2528
vn -0.4662 0.3016 -0.8317
vn -0.7382 0.3016 -0.6034
vn -0.3655 0.9108 -0.1923
vn -0.6036 0.3016 -0.7381
vn -0.8318 0.3016 -0.4661
vn -0.3933 0.9107 -0.1259
vn -0.7226 0.3016 -0.6221
vn -0.9001 0.3016 -0.3146
vn -0.4092 0.9107 -0.0557
vn -0.8196 0.3016 -0.4872
vn -0.9410 0.3015 -0.1535
vn -0.4126 0.9107 0.0162
vn -0.8917 0.3016 -0.3375
vn -0.9534 0.3016 0.0121
vn 0.9368 -0.3015 -0.1776
vn 0.9368 -0.3015 0.1774
vn 0.4036 -0.9107 0.0875
vn -0.0876 -0.9108 0.4035
vn 0.1775 -0.3016 0.9368
vn -0.1777 -0.3016 0.9367
vn 0.3822 -0.9107 0.1563
vn 0.9534 -0.3015 -0.0122
vn 0.8917 -0.3015 0.3375
vn 0.3493 -0.9108 0.2203
vn 0.9410 -0.3015 0.1535
vn 0.8196 -0.3016 0.4872
vn 0.3057 -0.9108 0.2776
vn 0.9001 -0.3016 0.3146
vn 0.7225 -0.3016 0.6221
vn 0.2529 -0.9108 0.3265
vn 0.8318 -0.3015 0.4661
vn 0.6036 -0.3016 0.7381
vn 0.1923 -0.9108 0.3654
vn 0.7382 -0.3016 0.6034
vn 0.4662 -0.3016 0.8317
vn 0.1259 -0.9108 0.3932
vn 0.6222 -0.3016 0.7224
vn 0.3147 -0.3016 0.9000
vn 0.0557 -0.9108 0.4091
vn 0.4873 -0.3016 0.8195
vn 0.1536 -0.3016 0.9410
vn -0.0162 -0.9108 0.4126
vn 0.3376 -0.3016 0.8917
vn -0.0122 -0.3016 0.9534
vn 0.0875 0.9108 0.4035
vn -0.1777 0.3016 0.9367
vn 0.1775 0.3016 0.9368
vn 0.4036 0.9107 -0.0876
vn 0.9368 0.3015 0.1774
vn 0.9368 0.3015 -0.1776
vn 0.1563 0.9108 0.3822
vn -0.0122 0.3016 0.9534
vn 0.3376 0.3016 0.8917
vn 0.2203 0.9108 0.3492
vn 0.1536 0.3016 0.9410
vn 0.4873 0.3016 0.8195
vn 0.2777 0.9108 0.3056
vn 0.3147 0.3016 0.9000
vn 0.6222 0.3016 0.7224
vn 0.3265 0.9108 0.2528
vn 0.4662 0.3016 0.8317
vn 0.7382 0.3016 0.6034
vn 0.3655 0.9108 0.1923
vn 0.6036 0.3016 0.7381
vn 0.8318 0.3016 0.4661
vn 0.3933 0.9107 0.1259
vn 0.7226 0.3016 0.6221
vn 0.9001 0.3016 0.3146
vn 0.4092 0.9107 0.0557
vn 0.8196 0.3016 0.4872
vn 0.9410 0.3015 0.1535
vn 0.4127 0.9107 -0.0162
vn 0.8917 0.3015 0.3375
vn 0.9534 0.3015 -0.0122
vn -0.1777 -0.3011 -0.9369
vn 0.1775 -0.3020 -0.9366
vn 0.0876 -0.9108 -0.4034
vn 0.1563 -0.9108 -0.3822
vn -0.0122 -0.3016 -0.9534
vn 0.3376 -0.3016 -0.8917
vn 0.2203 -0.9108 -0.3492
vn 0.1536 -0.3016 -0.9410
vn 0.4873 -0.3016 -0.8195
vn 0.2777 -0.9108 -0.3056
vn 0.3147 -0.3016 -0.9000
vn 0.6222 -0.3016 -0.7224
vn 0.3265 -0.9108 -0.2528
vn 0.4662 -0.3016 -0.8317
vn 0.7382 -0.3016 -0.6034
vn 0.3655 -0.9108 -0.1923
vn 0.6036 -0.3016 -0.7381
vn 0.8318 -0.3015 -0.4661
vn 0.3933 -0.9107 -0.1259
vn 0.7226 -0.3016 -0.6221
vn 0.9001 -0.3016 -0.3146
vn 0.4092 -0.9107 -0.0557
vn 0.8196 -0.3016 -0.4872
vn 0.9410 -0.3015 -0.1535
vn 0.4126 -0.9107 0.0162
vn 0.8917 -0.3016 -0.3375
vn 0.9534 -0.3016 0.0121
vn 0.9534 0.3016 0.0121
vn 0.8917 0.3016 -0.3375
vn 0.3822 0.9107 -0.1564
vn 0.3493 0.9108 -0.2203
vn 0.9410 0.3015 -0.1535
vn 0.8196 0.3016 -0.4872
vn 0.3057 0.9108 -0.2776
vn 0.9001 0.3016 -0.3146
vn 0.7226 0.3016 -0.6221
vn 0.2529 0.9108 -0.3265
vn 0.8318 0.3016 -0.4661
vn 0.6036 0.3016 -0.7381
vn 0.1923 0.9108 -0.3654
vn 0.7382 0.3016 -0.6034
vn 0.4662 0.3016 -0.8317
vn 0.1259 0.9108 -0.3932
vn 0.6222 0.3016 -0.7224
vn 0.3147 0.3016 -0.9000
vn 0.0557 0.9108 -0.4091
vn 0.4873 0.3016 -0.8195
vn 0.1536 0.3016 -0.9410
vn -0.0121 0.3016 -0.9533
vn -0.0162 0.9108 -0.4126
vn 0.3376 0.3016 -0.8916
vn -0.2319 0.4440 0.8655
vn -0.7341 -0.4440 0.5139
vn -0.8655 -0.4439 0.2319
vn -0.8655 0.4440 0.2319
vn -0.8926 -0.4440 0.0781
vn -0.8926 0.4439 0.0781
vn -0.0781 0.4442 -0.8925
vn -0.0782 -0.4438 -0.8927
vn -0.0286 -0.9450 -0.3260
vn 0.0782 0.4438 -0.8927
vn 0.0286 0.9450 -0.3260
vn -0.2092 -0.0000 -0.9779
vn -0.1379 -0.0000 -0.9904
vn -0.7340 -0.4440 -0.5139
vn -0.8655 0.4439 -0.2319
vn -0.8655 -0.4440 -0.2319
vn -0.8926 -0.4439 -0.0783
vn 0.8926 -0.4439 -0.0782
vn 0.8655 0.4440 -0.2319
vn 0.7341 -0.4440 -0.5139
vn 0.1380 -0.0001 -0.9904
vn 0.2093 -0.0000 -0.9779
vn 0.0781 -0.4442 -0.8925
vn 0.2320 0.4440 0.8655
vn 0.7340 -0.4440 0.5139
vn 0.8655 0.4440 0.2319
vn 0.8926 0.4440 0.0781
vn 0.8926 -0.4439 0.0781
vn -0.8926 0.4439 -0.0783
vn 0.0362 -0.0001 -0.9993
vn -0.0364 -0.0000 -0.9993
vn 0.9993 -0.0000 0.0361
vn 0.8926 0.4439 -0.0782
vt 0.375000 0.250000
vt 0.375000 1.000000
vt 0.375000 0.000000
vt 0.375000 0.500000
vt 0.375000 0.750000
vt 0.625000 1.000000
vt 0.625000 0.000000
vt 0.625000 0.250000
vt 0.625000 0.500000
vt 0.625000 0.750000
vt 0.375000 0.000000
vt 0.375000 0.988649
vt 0.375000 0.011307
vt 0.375000 0.007995
vt 0.375000 1.000000
vt 0.375000 0.000000
vt 0.375000 0.001515
vt 0.375000 0.000000
vt 0.375000 1.000000
vt 0.375000 0.005654
vt 0.625000 1.000000
vt 0.625000 0.011307
vt 0.625000 0.988649
vt 0.625000 0.991973
vt 0.625000 0.000000
vt 0.625000 1.000000
vt 0.625000 0.998479
vt 0.625000 0.005653
vt 0.625000 0.994324
vt 0.625000 1.000000
vt 0.625000 0.000000
vt 0.375000 0.238693
vt 0.375000 0.250000
vt 0.375000 0.261351
vt 0.375000 0.250000
vt 0.375000 0.244346
vt 0.375000 0.248485
vt 0.375000 0.255676
vt 0.625000 0.261351
vt 0.625000 0.250000
vt 0.625000 0.238693
vt 0.625000 0.250000
vt 0.625000 0.255676
vt 0.625000 0.251521
vt 0.625000 0.244346
vt 0.375000 0.738693
vt 0.375000 0.750000
vt 0.375000 0.761351
vt 0.375000 0.750000
vt 0.375000 0.744346
vt 0.375000 0.748485
vt 0.375000 0.755676
vt 0.625000 0.761351
vt 0.625000 0.750000
vt 0.625000 0.738693
vt 0.625000 0.750000
vt 0.625000 0.755676
vt 0.625000 0.751521
vt 0.625000 0.744346
vt 0.375000 0.488649
vt 0.375000 0.500000
vt 0.375000 0.511307
vt 0.375000 0.500000
vt 0.375000 0.494324
vt 0.375000 0.498479
vt 0.375000 0.505654
vt 0.625000 0.511307
vt 0.625000 0.500000
vt 0.625000 0.488649
vt 0.625000 0.500000
vt 0.625000 0.505654
vt 0.625000 0.501515
vt 0.625000 0.494324
vt 0.375000 0.970793
vt 0.154207 0.750000
vt 0.375000 0.029224
vt 0.125000 0.720776
vt 0.375153 1.000000
vt 0.375153 0.000000
vt 0.139603 0.746085
vt 0.375032 0.014591
vt 0.128913 0.735388
vt 0.875000 0.720776
vt 0.625000 0.029224
vt 0.845793 0.750000
vt 0.625000 0.970793
vt 0.871087 0.735388
vt 0.625032 0.014591
vt 0.860397 0.746085
vt 0.625000 1.000000
vt 0.625000 0.000000
vt 0.375000 0.220776
vt 0.125000 0.529224
vt 0.375000 0.279207
vt 0.154207 0.500000
vt 0.375032 0.235366
vt 0.128913 0.514612
vt 0.374965 0.264625
vt 0.139603 0.503915
vt 0.845793 0.500000
vt 0.625000 0.279207
vt 0.875000 0.529224
vt 0.625000 0.220776
vt 0.860397 0.503915
vt 0.624965 0.264625
vt 0.871087 0.514612
vt 0.625032 0.235366
vt 0.375000 0.720776
vt 0.375000 0.779207
vt 0.345793 0.750000
vt 0.374968 0.735366
vt 0.371087 0.735388
vt 0.375035 0.764625
vt 0.360397 0.746085
vt 0.654207 0.750000
vt 0.625000 0.779207
vt 0.625000 0.720776
vt 0.639603 0.746085
vt 0.625035 0.764625
vt 0.628913 0.735388
vt 0.624968 0.735366
vt 0.375000 0.470793
vt 0.345793 0.500000
vt 0.375000 0.529224
vt 0.374965 0.485418
vt 0.360397 0.503915
vt 0.374968 0.514591
vt 0.371087 0.514612
vt 0.625000 0.529224
vt 0.654207 0.500000
vt 0.625000 0.470793
vt 0.628913 0.514612
vt 0.624968 0.514591
vt 0.624965 0.485418
vt 0.639603 0.503915
vt 0.154190 0.750000
vt 0.375000 0.970810
vt 0.125000 0.720780
vt 0.375000 0.029221
vt 0.375000 0.000000
vt 0.139595 0.746085
vt 0.375000 1.000000
vt 0.128911 0.735390
vt 0.374970 0.014631
vt 0.875000 0.720780
vt 0.625000 0.029221
vt 0.845810 0.750000
vt 0.625000 0.970810
vt 0.871089 0.735390
vt 0.624970 0.014631
vt 0.860405 0.746085
vt 0.624925 1.000000
vt 0.624925 0.000000
vt 0.125000 0.529221
vt 0.375000 0.220779
vt 0.154190 0.500000
vt 0.375000 0.279190
vt 0.128911 0.514610
vt 0.374970 0.235411
vt 0.139595 0.503915
vt 0.374964 0.264574
vt 0.845810 0.500000
vt 0.625000 0.279190
vt 0.875000 0.529221
vt 0.625000 0.220779
vt 0.624964 0.264574
vt 0.860405 0.503915
vt 0.871089 0.514610
vt 0.624970 0.235411
vt 0.375000 0.720780
vt 0.345810 0.750000
vt 0.375000 0.779190
vt 0.371089 0.735390
vt 0.375030 0.735411
vt 0.360405 0.746085
vt 0.375036 0.764574
vt 0.625000 0.779190
vt 0.654190 0.750000
vt 0.625000 0.720780
vt 0.639595 0.746085
vt 0.625036 0.764574
vt 0.628911 0.735390
vt 0.625030 0.735411
vt 0.345810 0.500000
vt 0.375000 0.470810
vt 0.375000 0.529221
vt 0.360405 0.503915
vt 0.374964 0.485384
vt 0.371089 0.514610
vt 0.375030 0.514631
vt 0.625000 0.529221
vt 0.654190 0.500000
vt 0.625000 0.470810
vt 0.628911 0.514610
vt 0.625030 0.514632
vt 0.639595 0.503915
vt 0.624963 0.485384
vt 0.154190 0.750000
vt 0.375000 0.970810
vt 0.125000 0.720798
vt 0.375000 0.029202
vt 0.139595 0.746088
vt 0.375000 1.000000
vt 0.375000 0.000000
vt 0.128911 0.735399
vt 0.374970 0.014582
vt 0.875000 0.720798
vt 0.625000 0.029202
vt 0.845810 0.750000
vt 0.625000 0.970810
vt 0.871089 0.735399
vt 0.624970 0.014582
vt 0.860405 0.746088
vt 0.624856 1.000000
vt 0.624856 0.000000
vt 0.125000 0.529202
vt 0.375000 0.220798
vt 0.154190 0.500000
vt 0.375000 0.279190
vt 0.128911 0.514601
vt 0.374970 0.235380
vt 0.139595 0.503912
vt 0.375033 0.264614
vt 0.845810 0.500000
vt 0.625000 0.279190
vt 0.875000 0.529202
vt 0.625000 0.220798
vt 0.860405 0.503912
vt 0.625033 0.264614
vt 0.871089 0.514601
vt 0.624970 0.235380
vt 0.375000 0.720798
vt 0.345810 0.750000
vt 0.375000 0.779190
vt 0.371089 0.735399
vt 0.375030 0.735380
vt 0.360405 0.746088
vt 0.374967 0.764614
vt 0.625000 0.779190
vt 0.654190 0.750000
vt 0.625000 0.720798
vt 0.639595 0.746088
vt 0.624967 0.764614
vt 0.628911 0.735399
vt 0.625030 0.735380
vt 0.345810 0.500000
vt 0.375000 0.470810
vt 0.375000 0.529202
vt 0.360405 0.503912
vt 0.375033 0.485424
vt 0.371089 0.514601
vt 0.375030 0.514582
vt 0.625000 0.529202
vt 0.654190 0.500000
vt 0.625000 0.470810
vt 0.628911 0.514601
vt 0.625030 0.514582
vt 0.639595 0.503912
vt 0.625033 0.485424
vt 0.154198 0.750000
vt 0.375000 0.970802
vt 0.125000 0.720798
vt 0.375000 0.029202
vt 0.375086 1.000000
vt 0.139599 0.746088
vt 0.375086 0.000000
vt 0.128912 0.735399
vt 0.375032 0.014621
vt 0.875000 0.720798
vt 0.625000 0.029202
vt 0.845802 0.750000
vt 0.625000 0.970802
vt 0.871088 0.735399
vt 0.625032 0.014621
vt 0.860401 0.746088
vt 0.625000 1.000000
vt 0.625000 0.000000
vt 0.125000 0.529202
vt 0.375000 0.220798
vt 0.154198 0.500000
vt 0.375000 0.279198
vt 0.128912 0.514601
vt 0.375032 0.235419
vt 0.139599 0.503913
vt 0.375033 0.264579
vt 0.845802 0.500000
vt 0.625000 0.279198
vt 0.875000 0.529202
vt 0.625000 0.220798
vt 0.860401 0.503912
vt 0.625033 0.264579
vt 0.871088 0.514601
vt 0.625032 0.235419
vt 0.375000 0.720798
vt 0.345802 0.750000
vt 0.375000 0.779198
vt 0.371088 0.735399
vt 0.374968 0.735419
vt 0.360401 0.746088
vt 0.374967 0.764579
vt 0.654198 0.750000
vt 0.625000 0.779198
vt 0.625000 0.720798
vt 0.624967 0.764579
vt 0.639599 0.746088
vt 0.628912 0.735399
vt 0.624968 0.735419
vt 0.345802 0.500000
vt 0.375000 0.470802
vt 0.375000 0.529202
vt 0.360401 0.503912
vt 0.375033 0.485381
vt 0.371088 0.514601
vt 0.374968 0.514621
vt 0.625000 0.529202
vt 0.654198 0.500000
vt 0.625000 0.470802
vt 0.628912 0.514601
vt 0.624968 0.514621
vt 0.639599 0.503912
vt 0.625033 0.485381
vt 0.374497 0.134853
vt 0.424026 0.121556
vt 0.424026 0.128491
vt 0.375000 0.123138
vt 0.381907 0.125024
vt 0.424026 0.125024
vt 0.375000 0.126909
vt 0.374520 0.884118
vt 0.424027 0.893219
vt 0.424026 0.900048
vt 0.375000 0.894801
vt 0.381907 0.896686
vt 0.424026 0.896686
vt 0.375000 0.898514
vt 0.374536 0.902963
vt 0.424026 0.914375
vt 0.424026 0.920891
vt 0.375000 0.915909
vt 0.381907 0.917736
vt 0.424026 0.917737
vt 0.375000 0.919452
vt 0.374546 0.921127
vt 0.424026 0.934334
vt 0.424026 0.947472
vt 0.375000 0.935773
vt 0.381907 0.937529
vt 0.424026 0.937488
vt 0.375000 0.942917
vt 0.374551 0.906270
vt 0.424026 0.990016
vt 0.424026 0.007133
vt 0.375000 0.994571
vt 0.375000 0.999820
vt 0.395720 1.000000
vt 0.375000 0.000128
vt 0.424026 0.000000
vt 0.424026 1.000000
vt 0.375000 0.917037
vt 0.375000 0.003878
vt 0.374551 0.132225
vt 0.424026 0.037527
vt 0.424026 0.047511
vt 0.375000 0.040782
vt 0.375000 0.127623
vt 0.381907 0.045592
vt 0.424026 0.044660
vt 0.375000 0.046210
vt 0.374546 0.081081
vt 0.424026 0.059661
vt 0.424026 0.065666
vt 0.375000 0.060962
vt 0.381907 0.062514
vt 0.424026 0.062512
vt 0.375000 0.064227
vt 0.374536 0.096140
vt 0.424026 0.079109
vt 0.424026 0.085625
vt 0.375000 0.080548
vt 0.381907 0.082264
vt 0.424026 0.082263
vt 0.375000 0.084091
vt 0.374520 0.114797
vt 0.424026 0.099952
vt 0.424026 0.106781
vt 0.375000 0.101485
vt 0.381907 0.103314
vt 0.424026 0.103314
vt 0.375000 0.105199
vt 0.624161 0.133460
vt 0.575974 0.128491
vt 0.575974 0.121556
vt 0.625000 0.126909
vt 0.618093 0.125024
vt 0.575974 0.125024
vt 0.625000 0.123138
vt 0.624200 0.113002
vt 0.575974 0.106781
vt 0.575974 0.099952
vt 0.625000 0.105199
vt 0.618093 0.103314
vt 0.575974 0.103314
vt 0.625000 0.101485
vt 0.624226 0.093544
vt 0.575974 0.085625
vt 0.575974 0.079109
vt 0.625000 0.084091
vt 0.618093 0.082264
vt 0.575974 0.082263
vt 0.625000 0.080548
vt 0.624243 0.076024
vt 0.575974 0.065666
vt 0.575973 0.059661
vt 0.625000 0.064227
vt 0.618093 0.062514
vt 0.575974 0.062512
vt 0.625000 0.060962
vt 0.624251 0.060711
vt 0.575974 0.047511
vt 0.575974 0.037527
vt 0.625000 0.046210
vt 0.618093 0.044634
vt 0.575974 0.044660
vt 0.625000 0.040782
vt 0.624251 0.089019
vt 0.575974 0.007133
vt 0.575974 0.990016
vt 0.625000 0.003878
vt 0.625000 0.000128
vt 0.604280 0.000000
vt 0.625000 0.999820
vt 0.575974 1.000000
vt 0.575974 0.000000
vt 0.625000 0.081413
vt 0.625000 0.994571
vt 0.624243 0.849613
vt 0.575974 0.947472
vt 0.575973 0.934334
vt 0.625000 0.856075
vt 0.625000 0.942917
vt 0.618093 0.936571
vt 0.575974 0.937488
vt 0.625000 0.935773
vt 0.624226 0.897905
vt 0.575974 0.920891
vt 0.575974 0.914375
vt 0.625000 0.919452
vt 0.618093 0.917736
vt 0.575974 0.917737
vt 0.625000 0.915909
vt 0.575974 0.893219
vt 0.624200 0.881521
vt 0.575974 0.900048
vt 0.625000 0.894801
vt 0.618093 0.896686
vt 0.625000 0.898514
vt 0.575974 0.896686
vt 0.374464 0.155266
vt 0.424027 0.143219
vt 0.424026 0.150048
vt 0.375000 0.144801
vt 0.381907 0.146686
vt 0.424026 0.146686
vt 0.375000 0.148514
vt 0.374419 0.175364
vt 0.424026 0.164375
vt 0.424026 0.170891
vt 0.375000 0.165909
vt 0.381907 0.167736
vt 0.424026 0.167737
vt 0.375000 0.169452
vt 0.374354 0.194535
vt 0.424026 0.184334
vt 0.424026 0.190339
vt 0.375000 0.185773
vt 0.381907 0.187486
vt 0.424026 0.187488
vt 0.375000 0.189038
vt 0.374257 0.216894
vt 0.424026 0.202489
vt 0.424026 0.219605
vt 0.375000 0.203790
vt 0.381907 0.205408
vt 0.424026 0.205340
vt 0.375000 0.213097
vt 0.374098 0.292440
vt 0.424026 0.280395
vt 0.424026 0.297511
vt 0.375000 0.286903
vt 0.381907 0.294592
vt 0.424026 0.294660
vt 0.375000 0.296210
vt 0.373786 0.314730
vt 0.424026 0.309661
vt 0.424026 0.315666
vt 0.375000 0.310962
vt 0.381907 0.312514
vt 0.424026 0.312512
vt 0.375000 0.314227
vt 0.372848 0.333337
vt 0.424026 0.329109
vt 0.424026 0.335625
vt 0.375000 0.330548
vt 0.381907 0.332264
vt 0.424026 0.332263
vt 0.375000 0.334091
vt 0.347856 0.328997
vt 0.424026 0.349952
vt 0.353113 0.296797
vt 0.375000 0.351486
vt 0.381547 0.352955
vt 0.424026 0.353314
vt 0.342367 0.322568
vt 0.088969 0.056461
vt 0.113818 0.070086
vt 0.089013 0.063454
vt 0.054414 0.030760
vt 0.001200 0.000717
vt 0.054265 0.034442
vt 0.000000 0.000000
vt 0.579852 0.328437
vt 0.487038 0.296853
vt 0.575974 0.349952
vt 0.570724 0.322631
vt 0.617495 0.352955
vt 0.575974 0.353314
vt 0.625000 0.351485
vt 0.621416 0.332698
vt 0.575974 0.335625
vt 0.575974 0.329109
vt 0.625000 0.334091
vt 0.618093 0.332264
vt 0.575974 0.332263
vt 0.625000 0.330548
vt 0.622978 0.314052
vt 0.575974 0.315666
vt 0.575974 0.309661
vt 0.625000 0.314227
vt 0.618093 0.312514
vt 0.575974 0.312512
vt 0.625000 0.310962
vt 0.623497 0.291712
vt 0.575974 0.297511
vt 0.575974 0.280395
vt 0.625000 0.296210
vt 0.618093 0.294592
vt 0.575974 0.294660
vt 0.625000 0.286903
vt 0.623763 0.216102
vt 0.575974 0.219605
vt 0.575974 0.202489
vt 0.625000 0.213097
vt 0.618093 0.205408
vt 0.575974 0.205340
vt 0.625000 0.203790
vt 0.623924 0.193659
vt 0.575974 0.190339
vt 0.575974 0.184334
vt 0.625000 0.189038
vt 0.618093 0.187486
vt 0.575974 0.187488
vt 0.625000 0.185773
vt 0.624032 0.174373
vt 0.575974 0.170891
vt 0.575974 0.164375
vt 0.625000 0.169452
vt 0.618093 0.167736
vt 0.575974 0.167737
vt 0.625000 0.165909
vt 0.624107 0.154114
vt 0.575974 0.150048
vt 0.575974 0.143219
vt 0.625000 0.148514
vt 0.618093 0.146686
vt 0.575974 0.146686
vt 0.625000 0.144801
vt 0.070965 0.096563
vt 0.070817 0.103281
vt 0.068291 0.111488
vt 0.000000 0.000000
vt 0.000720 0.001200
vt 0.032568 0.056164
vt 0.032639 0.052510
vt 0.374497 0.863992
vt 0.424026 0.871556
vt 0.424027 0.878491
vt 0.375000 0.873138
vt 0.381907 0.875024
vt 0.424026 0.875024
vt 0.375000 0.876909
vt 0.347911 0.598771
vt 0.353210 0.543405
vt 0.424026 0.650048
vt 0.342435 0.590528
vt 0.381548 0.646087
vt 0.424026 0.646686
vt 0.375000 0.648515
vt 0.372850 0.660987
vt 0.424026 0.664375
vt 0.424026 0.670891
vt 0.375000 0.665909
vt 0.381907 0.667736
vt 0.424026 0.667737
vt 0.375000 0.669452
vt 0.373787 0.682097
vt 0.424026 0.684334
vt 0.424026 0.690339
vt 0.375000 0.685773
vt 0.381907 0.687486
vt 0.424026 0.687488
vt 0.375000 0.689038
vt 0.374099 0.705224
vt 0.424026 0.702489
vt 0.424026 0.719605
vt 0.375000 0.703790
vt 0.381907 0.705408
vt 0.424026 0.705340
vt 0.375000 0.713097
vt 0.374257 0.781200
vt 0.424026 0.780395
vt 0.424026 0.797511
vt 0.375000 0.786903
vt 0.381907 0.794592
vt 0.424026 0.794660
vt 0.375000 0.796210
vt 0.374354 0.803826
vt 0.424026 0.809661
vt 0.424026 0.815666
vt 0.375000 0.810961
vt 0.381907 0.812514
vt 0.424026 0.812512
vt 0.375000 0.814227
vt 0.374419 0.823182
vt 0.424026 0.829109
vt 0.424026 0.835625
vt 0.375000 0.830548
vt 0.381907 0.832264
vt 0.424026 0.832263
vt 0.375000 0.834091
vt 0.374464 0.843420
vt 0.424026 0.849952
vt 0.424026 0.856781
vt 0.375000 0.851485
vt 0.381907 0.853314
vt 0.424026 0.853314
vt 0.375000 0.855199
vt 0.624161 0.862196
vt 0.575974 0.878491
vt 0.575974 0.871556
vt 0.625000 0.876909
vt 0.618093 0.875024
vt 0.575974 0.875024
vt 0.625000 0.873138
vt 0.113818 0.110877
vt 0.088892 0.103281
vt 0.089090 0.096563
vt 0.054281 0.056164
vt 0.001200 0.001200
vt 0.000000 0.000000
vt 0.054398 0.052510
vt 0.624107 0.842025
vt 0.575974 0.856781
vt 0.575974 0.849952
vt 0.625000 0.855199
vt 0.618093 0.853314
vt 0.575974 0.853314
vt 0.625000 0.851485
vt 0.624031 0.822030
vt 0.575974 0.835625
vt 0.575974 0.829109
vt 0.625000 0.834091
vt 0.618093 0.832264
vt 0.575974 0.832263
vt 0.625000 0.830548
vt 0.623924 0.802835
vt 0.575974 0.815666
vt 0.575974 0.809661
vt 0.625000 0.814227
vt 0.618093 0.812514
vt 0.575974 0.812512
vt 0.625000 0.810961
vt 0.623763 0.780324
vt 0.575974 0.797511
vt 0.575974 0.780395
vt 0.625000 0.796210
vt 0.618093 0.794592
vt 0.575974 0.794660
vt 0.625000 0.786903
vt 0.623498 0.704432
vt 0.575974 0.719605
vt 0.575974 0.702489
vt 0.625000 0.713097
vt 0.618093 0.705408
vt 0.575974 0.705340
vt 0.625000 0.703790
vt 0.622978 0.681369
vt 0.575974 0.690339
vt 0.575974 0.684334
vt 0.625000 0.689038
vt 0.618093 0.687486
vt 0.575974 0.687488
vt 0.625000 0.685773
vt 0.621416 0.660308
vt 0.575974 0.670891
vt 0.575974 0.664375
vt 0.625000 0.669452
vt 0.618093 0.667736
vt 0.575974 0.667737
vt 0.625000 0.665909
vt 0.579852 0.598130
vt 0.575974 0.650048
vt 0.487082 0.543405
vt 0.625000 0.648515
vt 0.617495 0.646087
vt 0.575974 0.646686
vt 0.570724 0.590528
vt 0.070947 0.056516
vt 0.070835 0.063392
vt 0.068291 0.070666
vt 0.000000 0.000000
vt 0.000720 0.000723
vt 0.032648 0.034536
vt 0.032559 0.030676
vt 0.347856 0.371496
vt 0.353158 0.333295
vt 0.424026 0.400048
vt 0.342435 0.362238
vt 0.381548 0.396327
vt 0.424026 0.396686
vt 0.375000 0.398515
vt 0.372733 0.417075
vt 0.424026 0.414375
vt 0.424026 0.420891
vt 0.375000 0.415909
vt 0.381907 0.417736
vt 0.424026 0.417737
vt 0.375000 0.419452
vt 0.373595 0.437570
vt 0.424026 0.434334
vt 0.424026 0.440339
vt 0.375000 0.435773
vt 0.381907 0.437486
vt 0.424026 0.437488
vt 0.375000 0.439038
vt 0.373805 0.460505
vt 0.424026 0.452489
vt 0.424026 0.469605
vt 0.375000 0.453790
vt 0.381907 0.455408
vt 0.424026 0.455340
vt 0.375000 0.463097
vt 0.373805 0.536358
vt 0.424026 0.530395
vt 0.424026 0.547511
vt 0.375000 0.536903
vt 0.381907 0.544592
vt 0.424026 0.544660
vt 0.375000 0.546210
vt 0.373595 0.558733
vt 0.424026 0.559661
vt 0.424026 0.565666
vt 0.375000 0.560961
vt 0.381907 0.562514
vt 0.424026 0.562512
vt 0.375000 0.564227
vt 0.372731 0.576927
vt 0.424026 0.579109
vt 0.424026 0.585625
vt 0.375000 0.580548
vt 0.381907 0.582264
vt 0.424026 0.582263
vt 0.375000 0.584091
vt 0.347801 0.556082
vt 0.424026 0.599952
vt 0.353062 0.506750
vt 0.375000 0.601486
vt 0.381547 0.602715
vt 0.424026 0.603314
vt 0.342367 0.550813
vt 0.486883 0.506750
vt 0.575974 0.599952
vt 0.579668 0.555493
vt 0.575974 0.603314
vt 0.617494 0.602715
vt 0.625000 0.601486
vt 0.570612 0.550813
vt 0.621218 0.576355
vt 0.575974 0.585625
vt 0.575974 0.579109
vt 0.625000 0.584091
vt 0.618093 0.582264
vt 0.575974 0.582263
vt 0.625000 0.580548
vt 0.622657 0.558172
vt 0.575974 0.565666
vt 0.575974 0.559661
vt 0.625000 0.564227
vt 0.618093 0.562514
vt 0.575974 0.562512
vt 0.625000 0.560962
vt 0.623008 0.535803
vt 0.575974 0.547511
vt 0.575974 0.530395
vt 0.625000 0.546210
vt 0.618093 0.544592
vt 0.575974 0.544660
vt 0.625000 0.536903
vt 0.623008 0.459953
vt 0.575974 0.469605
vt 0.575974 0.452489
vt 0.625000 0.463097
vt 0.618093 0.455409
vt 0.575974 0.455340
vt 0.625000 0.453790
vt 0.622658 0.437015
vt 0.575974 0.440339
vt 0.575974 0.434334
vt 0.625000 0.439038
vt 0.618093 0.437486
vt 0.575974 0.437488
vt 0.625000 0.435773
vt 0.621218 0.416512
vt 0.575974 0.420891
vt 0.575974 0.414375
vt 0.625000 0.419452
vt 0.618093 0.417736
vt 0.575974 0.417737
vt 0.625000 0.415909
vt 0.486927 0.333232
vt 0.579668 0.370866
vt 0.575974 0.400048
vt 0.570612 0.362166
vt 0.617494 0.396326
vt 0.625000 0.398514
vt 0.575974 0.396686
s 0
g off
g Сфера_Материал
usemtl Материал
f 34/53/1 9/12/1 30/48/1
f 20/34/2 41/63/2 1/1/2
f 35/55/3 46/70/3 8/10/3
f 30/48/2 11/15/2 4/5/2
f 25/41/3 16/25/3 6/8/3
f 40/62/2 31/49/2 3/4/2
f 6/8/4 2/3/4 1/1/4
f 45/69/3 26/42/3 7/9/3
f 14/22/5 19/32/5 10/13/5
f 44/67/6 29/46/6 40/62/6
f 15/23/3 36/56/3 5/6/3
f 24/39/7 39/60/7 20/34/7
f 5/7/8 4/5/8 2/3/8
f 8/10/9 3/4/9 4/5/9
f 7/9/10 1/1/10 3/4/10
f 66/109/11 54/86/11 49/74/11
f 74/124/12 70/117/12 65/108/12
f 106/186/2 98/171/2 82/138/2
f 62/102/3 54/85/3 70/117/3
f 53/84/13 57/92/13 50/76/13
f 61/101/14 73/122/14 58/94/14
f 101/177/15 81/137/15 98/172/15
f 106/186/16 102/179/16 97/170/16
f 138/248/2 130/233/2 114/200/2
f 94/164/3 86/147/3 102/179/3
f 85/146/17 89/155/17 82/139/17
f 90/157/18 110/193/18 105/185/18
f 133/239/19 113/199/19 130/234/19
f 141/253/20 129/232/20 138/248/20
f 170/310/2 162/295/2 146/262/2
f 126/226/3 118/209/3 134/241/3
f 114/201/21 126/227/21 121/217/21
f 122/219/22 142/255/22 137/247/22
f 162/296/23 150/272/23 145/261/23
f 173/315/24 161/294/24 170/310/24
f 158/288/3 150/271/3 166/303/3
f 146/263/25 158/289/25 153/279/25
f 157/287/26 169/309/26 154/281/26
f 298/453/27 192/337/27 186/331/27
f 361/516/28 570/725/28 563/718/28
f 290/445/29 199/344/29 193/338/29
f 283/437/30 206/351/30 200/345/30
f 276/426/31 213/362/31 207/352/31
f 269/419/32 220/370/32 214/363/32
f 262/412/33 227/377/33 221/371/33
f 255/405/34 234/384/34 228/378/34
f 541/696/3 387/542/3 261/411/3
f 417/572/35 179/324/35 241/391/35
f 620/775/36 501/656/36 422/577/36
f 562/717/37 367/522/37 359/514/37
f 353/508/38 374/529/38 368/523/38
f 346/501/39 381/536/39 375/530/39
f 339/494/40 388/543/40 382/537/40
f 332/487/41 395/550/41 389/544/41
f 325/480/42 402/557/42 396/551/42
f 318/473/43 409/564/43 403/558/43
f 500/655/44 437/592/44 423/578/44
f 619/774/45 633/788/45 626/781/45
f 612/767/46 640/795/46 634/789/46
f 605/760/47 647/802/47 641/796/47
f 598/753/48 654/809/48 648/803/48
f 591/746/49 661/816/49 655/810/49
f 584/739/50 668/823/50 662/817/50
f 444/599/51 556/711/51 550/705/51
f 577/732/52 676/831/52 669/824/52
f 486/641/53 514/669/53 508/663/53
f 479/634/54 521/676/54 515/670/54
f 472/627/55 528/683/55 522/677/55
f 465/620/56 535/690/56 529/684/56
f 458/613/57 542/697/57 536/691/57
f 451/606/58 549/704/58 543/698/58
f 493/648/59 185/330/59 431/586/59
f 9/11/2 12/17/2 11/14/2
f 12/17/2 13/20/2 11/14/2
f 13/20/2 10/13/2 11/14/2
f 14/21/3 17/27/3 16/24/3
f 17/27/3 18/29/3 16/24/3
f 18/29/3 15/23/3 16/24/3
f 19/32/2 22/36/2 21/35/2
f 22/36/2 23/37/2 21/35/2
f 23/37/2 20/33/2 21/35/2
f 24/39/3 27/43/3 26/42/3
f 27/43/3 28/44/3 26/42/3
f 28/44/3 25/40/3 26/42/3
f 29/46/2 32/50/2 31/49/2
f 32/50/2 33/51/2 31/49/2
f 33/51/2 30/47/2 31/49/2
f 34/53/3 37/57/3 36/56/3
f 37/57/3 38/58/3 36/56/3
f 38/58/3 35/54/3 36/56/3
f 39/60/2 42/64/2 41/63/2
f 42/64/2 43/65/2 41/63/2
f 43/65/2 40/61/2 41/63/2
f 44/67/3 47/71/3 46/70/3
f 47/71/3 48/72/3 46/70/3
f 48/72/3 45/68/3 46/70/3
f 15/23/60 12/19/60 9/12/60
f 18/31/61 13/20/61 12/18/61
f 17/28/34 10/13/34 13/20/34
f 20/34/62 27/43/62 24/39/62
f 23/38/63 28/45/63 27/43/63
f 22/36/64 25/41/64 28/45/64
f 40/62/45 47/71/45 44/67/45
f 43/66/65 48/73/65 47/71/65
f 42/64/66 45/69/66 48/73/66
f 30/48/67 37/57/67 34/53/67
f 33/52/68 38/59/68 37/57/68
f 32/50/51 35/55/51 38/59/51
f 10/13/2 21/35/2 2/3/2
f 49/74/69 56/90/69 51/78/69
f 56/91/70 52/81/70 51/79/70
f 55/88/71 50/76/71 52/81/71
f 58/94/72 63/105/72 61/101/72
f 60/98/73 64/107/73 63/105/73
f 59/96/74 62/103/74 64/107/74
f 77/129/75 76/127/75 79/133/75
f 79/133/76 75/125/76 80/134/76
f 75/125/77 78/131/77 80/134/77
f 69/116/78 68/113/78 71/119/78
f 71/119/79 67/111/79 72/121/79
f 72/121/80 65/108/80 70/117/80
f 86/148/81 83/142/81 81/137/81
f 88/153/82 84/144/82 83/140/82
f 87/150/83 82/139/83 84/144/83
f 93/163/84 92/161/84 95/166/84
f 92/161/85 96/169/85 95/166/85
f 91/159/86 94/165/86 96/169/86
f 109/191/87 108/190/87 111/195/87
f 111/195/88 107/188/88 112/197/88
f 112/197/89 105/185/89 110/193/89
f 98/172/90 103/181/90 101/177/90
f 103/181/91 99/174/91 104/183/91
f 104/183/92 97/170/92 102/179/92
f 118/210/93 115/203/93 113/199/93
f 115/204/94 119/212/94 116/206/94
f 116/206/95 117/208/95 114/201/95
f 125/225/96 124/223/96 127/229/96
f 127/229/97 123/221/97 128/231/97
f 128/231/98 121/217/98 126/227/98
f 138/248/99 143/257/99 141/253/99
f 140/252/100 144/259/100 143/257/100
f 144/259/101 137/247/101 142/255/101
f 130/234/102 135/243/102 133/239/102
f 132/238/103 136/245/103 135/243/103
f 131/236/104 134/241/104 136/245/104
f 145/261/105 152/276/105 147/264/105
f 147/266/106 151/274/106 148/268/106
f 148/268/107 149/270/107 146/263/107
f 154/281/108 159/291/108 157/287/108
f 159/291/109 155/283/109 160/293/109
f 160/293/110 153/279/110 158/289/110
f 170/310/111 175/319/111 173/315/111
f 172/314/112 176/321/112 175/319/112
f 171/312/113 174/317/113 176/321/113
f 165/302/114 164/300/114 167/304/114
f 164/300/115 168/307/115 167/304/115
f 163/298/116 166/303/116 168/307/116
f 74/124/2 66/110/2 50/77/2
f 430/585/117 507/662/117 494/649/117
f 248/398/118 178/323/118 235/385/118
f 311/466/64 416/571/64 410/565/64
f 177/322/119 181/326/119 183/328/119
f 182/327/120 180/325/120 178/323/120
f 183/328/121 182/327/121 179/324/121
f 184/329/122 188/333/122 190/335/122
f 189/334/123 187/332/123 185/330/123
f 190/335/124 189/334/124 186/331/124
f 191/336/125 195/340/125 197/342/125
f 196/341/126 194/339/126 192/337/126
f 197/342/127 196/341/127 193/338/127
f 198/343/128 202/347/128 204/349/128
f 203/348/129 201/346/129 199/344/129
f 204/349/130 203/348/130 200/345/130
f 205/350/131 209/354/131 211/359/131
f 210/358/132 208/353/132 206/351/132
f 211/360/133 210/357/133 207/352/133
f 212/361/134 216/366/134 218/368/134
f 217/367/135 215/364/135 213/362/135
f 218/368/136 217/367/136 214/363/136
f 219/369/137 223/373/137 225/375/137
f 224/374/138 222/372/138 220/370/138
f 225/375/139 224/374/139 221/371/139
f 226/376/140 230/380/140 232/382/140
f 231/381/141 229/379/141 227/377/141
f 232/382/142 231/381/142 228/378/142
f 233/383/143 237/387/143 239/389/143
f 238/388/144 236/386/144 234/384/144
f 239/389/145 238/388/145 235/385/145
f 240/390/146 244/394/146 246/396/146
f 245/395/147 243/393/147 241/391/147
f 246/396/148 245/395/148 242/392/148
f 247/397/149 251/401/149 253/403/149
f 252/402/150 250/400/150 248/398/150
f 253/403/151 252/402/151 249/399/151
f 254/404/152 258/408/152 260/410/152
f 259/409/153 257/407/153 255/405/153
f 260/410/154 259/409/154 256/406/154
f 261/411/155 265/415/155 267/417/155
f 266/416/156 264/414/156 262/412/156
f 267/417/157 266/416/157 263/413/157
f 268/418/158 272/422/158 274/424/158
f 273/423/159 271/421/159 269/419/159
f 274/424/160 273/423/160 270/420/160
f 275/425/161 279/429/161 281/434/161
f 280/433/162 278/428/162 276/426/162
f 281/435/163 280/432/163 277/427/163
f 282/436/164 286/441/164 288/443/164
f 287/442/165 285/440/165 283/437/165
f 288/443/166 287/442/166 284/438/166
f 289/444/167 293/448/167 295/450/167
f 294/449/168 292/447/168 290/445/168
f 295/450/169 294/449/169 291/446/169
f 299/454/170 302/457/170 296/451/170
f 297/452/171 300/455/171 299/454/171
f 302/457/172 301/456/172 298/453/172
f 303/458/173 307/462/173 309/464/173
f 308/463/174 306/461/174 304/459/174
f 309/464/175 308/463/175 305/460/175
f 310/465/176 314/469/176 316/471/176
f 315/470/177 313/468/177 311/466/177
f 316/471/178 315/470/178 312/467/178
f 317/472/179 321/476/179 323/478/179
f 322/477/180 320/475/180 318/473/180
f 323/478/181 322/477/181 319/474/181
f 324/479/182 328/483/182 330/485/182
f 329/484/183 327/482/183 325/480/183
f 330/485/184 329/484/184 326/481/184
f 331/486/185 335/490/185 337/492/185
f 336/491/186 334/489/186 332/487/186
f 337/492/187 336/491/187 333/488/187
f 338/493/188 342/497/188 344/499/188
f 343/498/189 341/496/189 339/494/189
f 344/499/190 343/498/190 340/495/190
f 345/500/191 349/504/191 351/506/191
f 350/505/192 348/503/192 346/501/192
f 351/506/193 350/505/193 347/502/193
f 352/507/194 356/511/194 358/513/194
f 357/512/195 355/510/195 353/508/195
f 358/513/196 357/512/196 354/509/196
f 362/517/197 365/520/197 359/514/197
f 360/515/198 363/518/198 362/517/198
f 365/520/199 364/519/199 361/516/199
f 366/521/200 370/525/200 372/527/200
f 371/526/201 369/524/201 367/522/201
f 372/527/202 371/526/202 368/523/202
f 373/528/203 377/532/203 379/534/203
f 378/533/204 376/531/204 374/529/204
f 379/534/205 378/533/205 375/530/205
f 380/535/206 384/539/206 386/541/206
f 385/540/207 383/538/207 381/536/207
f 386/541/208 385/540/208 382/537/208
f 387/542/209 391/546/209 393/548/209
f 392/547/210 390/545/210 388/543/210
f 393/548/211 392/547/211 389/544/211
f 394/549/212 398/553/212 400/555/212
f 399/554/213 397/552/213 395/550/213
f 400/555/214 399/554/214 396/551/214
f 401/556/215 405/560/215 407/562/215
f 406/561/216 404/559/216 402/557/216
f 407/562/217 406/561/217 403/558/217
f 408/563/218 412/567/218 414/569/218
f 413/568/219 411/566/219 409/564/219
f 414/569/220 413/568/220 410/565/220
f 415/570/221 419/574/221 421/576/221
f 420/575/222 418/573/222 416/571/222
f 421/576/223 420/575/223 417/572/223
f 425/580/224 428/583/224 422/577/224
f 427/582/225 425/580/225 423/578/225
f 424/579/226 426/581/226 427/582/226
f 429/584/227 433/588/227 435/590/227
f 434/589/228 432/587/228 430/585/228
f 435/590/229 434/589/229 431/586/229
f 436/591/230 440/595/230 442/597/230
f 441/596/231 439/594/231 437/592/231
f 442/597/232 441/596/232 438/593/232
f 443/598/233 447/602/233 449/604/233
f 448/603/234 446/601/234 444/599/234
f 449/604/235 448/603/235 445/600/235
f 450/605/236 454/609/236 456/611/236
f 455/610/237 453/608/237 451/606/237
f 456/611/238 455/610/238 452/607/238
f 457/612/239 461/616/239 463/618/239
f 462/617/240 460/615/240 458/613/240
f 463/618/241 462/617/241 459/614/241
f 464/619/242 468/623/242 470/625/242
f 469/624/243 467/622/243 465/620/243
f 470/625/244 469/624/244 466/621/244
f 471/626/245 475/630/245 477/632/245
f 476/631/246 474/629/246 472/627/246
f 477/632/247 476/631/247 473/628/247
f 478/633/248 482/637/248 484/639/248
f 483/638/249 481/636/249 479/634/249
f 484/639/250 483/638/250 480/635/250
f 485/640/251 489/644/251 491/646/251
f 490/645/252 488/643/252 486/641/252
f 491/646/253 490/645/253 487/642/253
f 492/647/254 496/651/254 498/653/254
f 497/652/255 495/650/255 493/648/255
f 498/653/256 497/652/256 494/649/256
f 499/654/257 503/658/257 505/660/257
f 504/659/258 502/657/258 500/655/258
f 505/660/259 504/659/259 501/656/259
f 506/661/260 510/665/260 512/667/260
f 511/666/261 509/664/261 507/662/261
f 512/667/262 511/666/262 508/663/262
f 513/668/263 517/672/263 519/674/263
f 518/673/264 516/671/264 514/669/264
f 519/674/265 518/673/265 515/670/265
f 520/675/266 524/679/266 526/681/266
f 525/680/267 523/678/267 521/676/267
f 526/681/268 525/680/268 522/677/268
f 527/682/269 531/686/269 533/688/269
f 532/687/270 530/685/270 528/683/270
f 533/688/271 532/687/271 529/684/271
f 534/689/272 538/693/272 540/695/272
f 539/694/273 537/692/273 535/690/273
f 540/695/274 539/694/274 536/691/274
f 541/696/275 545/700/275 547/702/275
f 546/701/276 544/699/276 542/697/276
f 547/702/277 546/701/277 543/698/277
f 548/703/278 552/707/278 554/709/278
f 553/708/279 551/706/279 549/704/279
f 554/709/280 553/708/280 550/705/280
f 555/710/281 559/714/281 561/716/281
f 560/715/282 558/713/282 556/711/282
f 561/716/283 560/715/283 557/712/283
f 565/720/284 568/723/284 562/717/284
f 567/722/285 565/720/285 563/718/285
f 564/719/286 566/721/286 567/722/286
f 569/724/287 573/728/287 575/730/287
f 574/729/288 572/727/288 570/725/288
f 575/730/289 574/729/289 571/726/289
f 576/731/290 580/735/290 582/737/290
f 581/736/291 579/734/291 577/732/291
f 582/737/292 581/736/292 578/733/292
f 583/738/293 587/742/293 589/744/293
f 588/743/294 586/741/294 584/739/294
f 589/744/295 588/743/295 585/740/295
f 590/745/296 594/749/296 596/751/296
f 595/750/297 593/748/297 591/746/297
f 596/751/298 595/750/298 592/747/298
f 597/752/299 601/756/299 603/758/299
f 602/757/300 600/755/300 598/753/300
f 603/758/301 602/757/301 599/754/301
f 604/759/302 608/763/302 610/765/302
f 609/764/303 607/762/303 605/760/303
f 610/765/304 609/764/304 606/761/304
f 611/766/305 615/770/305 617/772/305
f 616/771/306 614/769/306 612/767/306
f 617/772/307 616/771/307 613/768/307
f 618/773/308 622/777/308 624/779/308
f 623/778/309 621/776/309 619/774/309
f 624/779/310 623/778/310 620/775/310
f 628/783/311 631/786/311 625/780/311
f 630/785/312 628/783/312 626/781/312
f 627/782/313 629/784/313 630/785/313
f 632/787/314 636/791/314 638/793/314
f 637/792/315 635/790/315 633/788/315
f 638/793/316 637/792/316 634/789/316
f 639/794/317 643/798/317 645/800/317
f 644/799/318 642/797/318 640/795/318
f 645/800/319 644/799/319 641/796/319
f 646/801/320 650/805/320 652/807/320
f 651/806/321 649/804/321 647/802/321
f 652/807/322 651/806/322 648/803/322
f 653/808/323 657/812/323 659/814/323
f 658/813/324 656/811/324 654/809/324
f 659/814/325 658/813/325 655/810/325
f 660/815/326 664/819/326 666/821/326
f 665/820/327 663/818/327 661/816/327
f 666/821/328 665/820/328 662/817/328
f 667/822/329 671/826/329 673/828/329
f 672/827/330 670/825/330 668/823/330
f 673/828/331 672/827/331 669/824/331
f 677/832/332 680/835/332 674/829/332
f 675/830/333 678/833/333 677/832/333
f 680/835/334 679/834/334 676/831/334
f 429/584/335 187/332/335 184/329/335
f 435/590/336 185/330/336 187/332/336
f 186/331/337 302/457/337 298/453/337
f 189/334/338 296/451/338 302/457/338
f 184/329/339 194/339/339 191/336/339
f 190/335/340 192/337/340 194/339/340
f 297/452/341 295/450/341 301/456/341
f 301/456/342 291/446/342 298/453/342
f 193/338/343 294/449/343 290/445/343
f 196/341/344 291/446/344 294/449/344
f 191/336/345 201/346/345 198/343/345
f 197/342/346 199/344/346 201/346/346
f 289/444/347 288/443/347 292/447/347
f 292/447/348 284/438/348 290/445/348
f 200/345/349 287/442/349 283/437/349
f 203/348/350 284/438/350 287/442/350
f 198/343/351 208/353/351 205/350/351
f 204/349/352 206/351/352 208/353/352
f 282/436/353 281/434/353 285/439/353
f 285/440/354 277/427/354 283/437/354
f 207/352/355 280/433/355 276/426/355
f 210/358/356 277/427/356 280/432/356
f 205/350/357 215/365/357 212/361/357
f 211/360/358 213/362/358 215/364/358
f 275/425/359 274/424/359 278/428/359
f 278/428/360 270/420/360 276/426/360
f 214/363/361 273/423/361 269/419/361
f 217/367/362 270/420/362 273/423/362
f 212/361/363 222/372/363 219/369/363
f 218/368/364 220/370/364 222/372/364
f 268/418/365 267/417/365 271/421/365
f 271/421/366 263/413/366 269/419/366
f 221/371/367 266/416/367 262/412/367
f 224/374/368 263/413/368 266/416/368
f 219/369/369 229/379/369 226/376/369
f 225/375/370 227/377/370 229/379/370
f 261/411/371 260/410/371 264/414/371
f 264/414/372 256/406/372 262/412/372
f 228/378/373 259/409/373 255/405/373
f 231/381/374 256/406/374 259/409/374
f 226/376/375 236/386/375 233/383/375
f 232/382/376 234/384/376 236/386/376
f 254/404/377 253/403/377 257/407/377
f 257/407/378 249/399/378 255/405/378
f 235/385/379 252/402/379 248/398/379
f 238/388/380 249/399/380 252/402/380
f 177/322/381 239/389/381 180/325/381
f 180/325/382 235/385/382 178/323/382
f 240/390/383 250/400/383 247/397/383
f 246/396/384 248/398/384 250/400/384
f 179/324/385 245/395/385 241/391/385
f 182/327/386 242/392/386 245/395/386
f 366/521/387 362/517/387 369/524/387
f 369/524/388 359/514/388 367/522/388
f 354/509/389 568/723/389 358/513/389
f 358/513/390 564/719/390 352/507/390
f 674/829/391 364/519/391 677/832/391
f 677/832/392 360/515/392 675/830/392
f 353/508/393 371/526/393 357/512/393
f 357/512/394 367/522/394 354/509/394
f 366/521/395 376/531/395 373/528/395
f 372/527/396 374/529/396 376/531/396
f 352/507/397 351/506/397 355/510/397
f 355/510/398 347/502/398 353/508/398
f 375/530/399 350/505/399 346/501/399
f 378/533/400 347/502/400 350/505/400
f 373/528/401 383/538/401 380/535/401
f 379/534/402 381/536/402 383/538/402
f 345/500/403 344/499/403 348/503/403
f 348/503/404 340/495/404 346/501/404
f 382/537/405 343/498/405 339/494/405
f 385/540/406 340/495/406 343/498/406
f 380/535/407 390/545/407 387/542/407
f 386/541/408 388/543/408 390/545/408
f 338/493/409 337/492/409 341/496/409
f 341/496/410 333/488/410 339/494/410
f 389/544/411 336/491/411 332/487/411
f 392/547/412 333/488/412 336/491/412
f 387/542/413 397/552/413 394/549/413
f 393/548/414 395/550/414 397/552/414
f 331/486/415 330/485/415 334/489/415
f 334/489/416 326/481/416 332/487/416
f 396/551/417 329/484/417 325/480/417
f 399/554/418 326/481/418 329/484/418
f 394/549/419 404/559/419 401/556/419
f 400/555/420 402/557/420 404/559/420
f 324/479/421 323/478/421 327/482/421
f 327/482/422 319/474/422 325/480/422
f 403/558/423 322/477/423 318/473/423
f 406/561/424 319/474/424 322/477/424
f 401/556/425 411/566/425 408/563/425
f 407/562/426 409/564/426 411/566/426
f 317/472/427 316/471/427 320/475/427
f 320/475/428 312/467/428 318/473/428
f 410/565/429 315/470/429 311/466/429
f 413/568/430 312/467/430 315/470/430
f 408/563/431 418/573/431 415/570/431
f 414/569/432 416/571/432 418/573/432
f 310/465/433 309/464/433 313/468/433
f 313/468/434 305/460/434 311/466/434
f 417/572/435 308/463/435 304/459/435
f 420/575/436 305/460/436 308/463/436
f 304/459/437 183/328/437 179/324/437
f 306/461/438 177/322/438 183/328/438
f 620/775/439 428/583/439 624/779/439
f 624/779/440 424/579/440 618/773/440
f 626/781/441 623/778/441 619/774/441
f 628/783/442 620/775/442 623/778/442
f 632/787/443 630/785/443 635/790/443
f 635/790/444 626/781/444 633/788/444
f 611/766/445 621/776/445 618/773/445
f 617/772/446 619/774/446 621/776/446
f 634/789/447 616/771/447 612/767/447
f 637/792/448 613/768/448 616/771/448
f 639/794/449 638/793/449 642/797/449
f 642/797/450 634/789/450 640/795/450
f 604/759/451 614/769/451 611/766/451
f 610/765/452 612/767/452 614/769/452
f 641/796/453 609/764/453 605/760/453
f 644/799/454 606/761/454 609/764/454
f 646/801/455 645/800/455 649/804/455
f 649/804/456 641/796/456 647/802/456
f 597/752/457 607/762/457 604/759/457
f 603/758/458 605/760/458 607/762/458
f 648/803/459 602/757/459 598/753/459
f 651/806/460 599/754/460 602/757/460
f 653/808/461 652/807/461 656/811/461
f 656/811/462 648/803/462 654/809/462
f 590/745/463 600/755/463 597/752/463
f 596/751/464 598/753/464 600/755/464
f 655/810/465 595/750/465 591/746/465
f 658/813/466 592/747/466 595/750/466
f 660/815/467 659/814/467 663/818/467
f 663/818/468 655/810/468 661/816/468
f 583/738/469 593/748/469 590/745/469
f 589/744/470 591/746/470 593/748/470
f 662/817/471 588/743/471 584/739/471
f 665/820/472 585/740/472 588/743/472
f 667/822/473 666/821/473 670/825/473
f 670/825/474 662/817/474 668/823/474
f 576/731/475 586/741/475 583/738/475
f 582/737/476 584/739/476 586/741/476
f 669/824/477 581/736/477 577/732/477
f 672/827/478 578/733/478 581/736/478
f 675/830/479 673/828/479 679/834/479
f 679/834/480 669/824/480 676/831/480
f 569/724/481 579/734/481 576/731/481
f 575/730/482 577/732/482 579/734/482
f 570/725/483 680/835/483 574/729/483
f 574/729/484 676/831/484 571/726/484
f 569/724/485 567/722/485 572/727/485
f 572/727/486 563/718/486 570/725/486
f 492/647/487 509/664/487 506/661/487
f 498/653/488 507/662/488 509/664/488
f 431/586/489 497/652/489 493/648/489
f 434/589/490 494/649/490 497/652/490
f 429/584/491 491/646/491 432/587/491
f 432/587/492 487/642/492 430/585/492
f 508/663/493 490/645/493 486/641/493
f 511/666/494 487/642/494 490/645/494
f 506/661/495 516/671/495 513/668/495
f 512/667/496 514/669/496 516/671/496
f 485/640/497 484/639/497 488/643/497
f 488/643/498 480/635/498 486/641/498
f 515/670/499 483/638/499 479/634/499
f 518/673/500 480/635/500 483/638/500
f 513/668/501 523/678/501 520/675/501
f 519/674/502 521/676/502 523/678/502
f 478/633/503 477/632/503 481/636/503
f 481/636/504 473/628/504 479/634/504
f 522/677/505 476/631/505 472/627/505
f 525/680/506 473/628/506 476/631/506
f 520/675/507 530/685/507 527/682/507
f 526/681/508 528/683/508 530/685/508
f 471/626/509 470/625/509 474/629/509
f 474/629/510 466/621/510 472/627/510
f 529/684/511 469/624/511 465/620/511
f 532/687/512 466/621/512 469/624/512
f 527/682/513 537/692/513 534/689/513
f 533/688/514 535/690/514 537/692/514
f 464/619/515 463/618/515 467/622/515
f 467/622/516 459/614/516 465/620/516
f 536/691/517 462/617/517 458/613/517
f 539/694/518 459/614/518 462/617/518
f 534/689/519 544/699/519 541/696/519
f 540/695/520 542/697/520 544/699/520
f 457/612/521 456/611/521 460/615/521
f 460/615/522 452/607/522 458/613/522
f 543/698/523 455/610/523 451/606/523
f 546/701/524 452/607/524 455/610/524
f 541/696/525 551/706/525 548/703/525
f 547/702/526 549/704/526 551/706/526
f 450/605/527 449/604/527 453/608/527
f 453/608/528 445/600/528 451/606/528
f 550/705/529 448/603/529 444/599/529
f 553/708/530 445/600/530 448/603/530
f 548/703/531 558/713/531 555/710/531
f 554/709/532 556/711/532 558/713/532
f 443/598/533 442/597/533 446/601/533
f 446/601/534 438/593/534 444/599/534
f 557/712/535 441/596/535 437/592/535
f 560/715/536 438/593/536 441/596/536
f 499/654/537 561/716/537 502/657/537
f 502/657/538 557/712/538 500/655/538
f 424/579/539 439/594/539 436/591/539
f 427/582/540 437/592/540 439/594/540
f 240/390/541 421/576/541 243/393/541
f 243/393/542 417/572/542 241/391/542
f 563/718/543 365/520/543 361/516/543
f 565/720/544 359/514/544 365/520/544
f 423/578/545 504/659/545 500/655/545
f 425/580/546 501/656/546 504/659/546
f 296/451/547 495/650/547 299/454/547
f 299/454/548 492/647/548 297/452/548
f 499/654/549 631/786/549 627/782/549
f 505/660/550 625/780/550 631/786/550
f 233/383/2 604/759/2 464/619/2
f 34/53/1 15/23/1 9/12/1
f 1/1/2 21/35/2 20/34/2
f 20/34/2 39/60/2 41/63/2
f 41/63/2 3/4/2 1/1/2
f 8/10/3 36/56/3 35/55/3
f 35/55/3 44/67/3 46/70/3
f 46/70/3 7/9/3 8/10/3
f 4/5/2 31/49/2 30/48/2
f 30/48/2 9/12/2 11/15/2
f 11/15/2 2/2/2 4/5/2
f 6/8/3 26/42/3 25/41/3
f 25/41/3 14/22/3 16/25/3
f 16/25/3 5/7/3 6/8/3
f 3/4/2 41/63/2 40/62/2
f 40/62/2 29/46/2 31/49/2
f 31/49/2 4/5/2 3/4/2
f 6/8/4 5/7/4 2/3/4
f 7/9/3 46/70/3 45/69/3
f 45/69/3 24/39/3 26/42/3
f 26/42/3 6/8/3 7/9/3
f 14/22/5 25/41/5 19/32/5
f 44/67/6 35/55/6 29/46/6
f 5/6/3 16/26/3 15/23/3
f 15/23/3 34/53/3 36/56/3
f 36/56/3 8/10/3 5/6/3
f 24/39/7 45/69/7 39/60/7
f 5/7/8 8/10/8 4/5/8
f 8/10/9 7/9/9 3/4/9
f 7/9/10 6/8/10 1/1/10
f 66/109/11 69/116/11 54/86/11
f 74/124/12 77/129/12 70/117/12
f 82/138/2 89/154/2 91/158/2
f 91/158/2 92/160/2 90/156/2
f 90/156/2 105/184/2 107/187/2
f 107/187/2 108/189/2 106/186/2
f 106/186/2 97/170/2 99/173/2
f 99/173/2 100/175/2 98/171/2
f 98/171/2 81/136/2 83/141/2
f 83/141/2 84/143/2 82/138/2
f 82/138/2 91/158/2 90/156/2
f 90/156/2 107/187/2 106/186/2
f 106/186/2 99/173/2 98/171/2
f 98/171/2 83/141/2 82/138/2
f 82/138/2 90/156/2 106/186/2
f 70/117/3 77/129/3 79/132/3
f 79/132/3 80/135/3 78/130/3
f 78/130/3 61/100/3 63/104/3
f 63/104/3 64/106/3 62/102/3
f 62/102/551 53/83/551 55/87/551
f 55/87/3 56/89/3 54/85/3
f 54/85/3 69/115/3 71/118/3
f 71/118/3 72/120/3 70/117/3
f 70/117/3 79/132/3 78/130/3
f 78/130/3 63/104/3 62/102/3
f 62/102/3 55/87/3 54/85/3
f 54/85/3 71/118/3 70/117/3
f 70/117/3 78/130/3 62/102/3
f 53/84/13 62/103/13 57/92/13
f 61/101/14 78/131/14 73/122/14
f 101/177/15 86/148/15 81/137/15
f 106/186/16 109/191/16 102/179/16
f 114/200/2 121/216/2 123/220/2
f 123/220/2 124/222/2 122/218/2
f 122/218/2 137/246/2 139/249/2
f 139/249/2 140/251/2 138/248/2
f 138/248/2 129/232/2 131/235/2
f 131/235/2 132/237/2 130/233/2
f 130/233/2 113/198/2 115/202/2
f 115/202/2 116/205/2 114/200/2
f 114/200/2 123/220/2 122/218/2
f 122/218/2 139/249/2 138/248/2
f 138/248/2 131/235/2 130/233/2
f 130/233/2 115/202/2 114/200/2
f 114/200/2 122/218/2 138/248/2
f 102/179/552 109/191/552 111/194/552
f 111/194/3 112/196/3 110/192/3
f 110/192/3 93/162/3 95/167/3
f 95/167/3 96/168/3 94/164/3
f 94/164/551 85/145/551 87/149/551
f 87/149/3 88/151/3 86/147/3
f 86/147/3 101/178/3 103/180/3
f 103/180/3 104/182/3 102/179/3
f 102/179/3 111/194/3 110/192/3
f 110/192/3 95/167/3 94/164/3
f 94/164/3 87/149/3 86/147/3
f 86/147/3 103/180/3 102/179/3
f 102/179/3 110/192/3 94/164/3
f 85/146/17 94/165/17 89/155/17
f 90/157/18 93/163/18 110/193/18
f 133/239/19 118/210/19 113/199/19
f 141/253/20 134/241/20 129/232/20
f 146/262/2 153/278/2 155/282/2
f 155/282/2 156/284/2 154/280/2
f 154/280/2 169/308/2 171/311/2
f 171/311/2 172/313/2 170/310/2
f 170/310/2 161/294/2 163/297/2
f 163/297/2 164/299/2 162/295/2
f 162/295/2 145/260/2 147/265/2
f 147/265/2 148/267/2 146/262/2
f 146/262/2 155/282/2 154/280/2
f 154/280/2 171/311/2 170/310/2
f 170/310/2 163/297/2 162/295/2
f 162/295/2 147/265/2 146/262/2
f 146/262/2 154/280/2 170/310/2
f 134/241/3 141/253/3 143/256/3
f 143/256/3 144/258/3 142/254/3
f 142/254/3 125/224/3 127/228/3
f 127/228/3 128/230/3 126/226/3
f 126/226/3 117/207/3 119/211/3
f 119/211/3 120/213/3 118/209/3
f 118/209/3 133/240/3 135/242/3
f 135/242/3 136/244/3 134/241/3
f 134/241/3 143/256/3 142/254/3
f 142/254/3 127/228/3 126/226/3
f 126/226/3 119/211/3 118/209/3
f 118/209/3 135/242/3 134/241/3
f 134/241/3 142/254/3 126/226/3
f 114/201/21 117/208/21 126/227/21
f 122/219/22 125/225/22 142/255/22
f 162/296/23 165/302/23 150/272/23
f 173/315/24 166/303/24 161/294/24
f 166/303/3 173/315/3 175/318/3
f 175/318/3 176/320/3 174/316/3
f 174/316/3 157/286/3 159/290/3
f 159/290/3 160/292/3 158/288/3
f 158/288/3 149/269/3 151/273/3
f 151/273/3 152/275/3 150/271/3
f 150/271/3 165/301/3 167/305/3
f 167/305/3 168/306/3 166/303/3
f 166/303/3 175/318/3 174/316/3
f 174/316/3 159/290/3 158/288/3
f 158/288/3 151/273/3 150/271/3
f 150/271/3 167/305/3 166/303/3
f 166/303/3 174/316/3 158/288/3
f 146/263/25 149/270/25 158/289/25
f 157/287/26 174/317/26 169/309/26
f 298/453/27 291/446/27 192/337/27
f 361/516/553 674/829/553 570/725/553
f 290/445/29 284/438/29 199/344/29
f 283/437/30 277/427/30 206/351/30
f 276/426/31 270/420/31 213/362/31
f 269/419/32 263/413/32 220/370/32
f 262/412/33 256/406/33 227/377/33
f 255/405/34 249/399/34 234/384/34
f 289/444/3 297/452/3 492/647/3
f 492/647/3 506/661/3 513/668/3
f 513/668/3 520/675/3 527/682/3
f 527/682/3 534/689/3 541/696/3
f 541/696/3 548/703/3 555/710/3
f 555/710/3 499/654/3 627/782/3
f 627/782/3 632/787/3 639/794/3
f 639/794/3 646/801/3 653/808/3
f 653/808/3 660/815/3 667/822/3
f 667/822/3 675/830/3 360/515/3
f 360/515/3 366/521/3 373/528/3
f 373/528/3 380/535/3 387/542/3
f 387/542/3 394/549/3 401/556/3
f 401/556/3 408/563/3 415/570/3
f 415/570/3 240/390/3 247/397/3
f 247/397/3 254/404/3 261/411/3
f 261/411/3 268/418/3 275/425/3
f 275/425/3 282/436/3 289/444/3
f 289/444/3 492/647/3 513/668/3
f 513/668/3 527/682/3 541/696/3
f 541/696/3 555/710/3 627/782/3
f 627/782/3 639/794/3 653/808/3
f 653/808/3 667/822/3 360/515/3
f 360/515/3 373/528/3 387/542/3
f 387/542/3 401/556/3 415/570/3
f 415/570/3 247/397/3 261/411/3
f 261/411/3 275/425/3 289/444/3
f 289/444/3 513/668/3 541/696/3
f 541/696/3 627/782/3 653/808/3
f 653/808/3 360/515/3 387/542/3
f 387/542/3 415/570/3 261/411/3
f 261/411/3 289/444/3 541/696/3
f 541/696/3 653/808/3 387/542/3
f 417/572/35 304/459/35 179/324/35
f 620/775/36 625/780/36 501/656/36
f 562/717/554 354/509/554 367/522/554
f 353/508/38 347/502/38 374/529/38
f 346/501/39 340/495/39 381/536/39
f 339/494/40 333/488/40 388/543/40
f 332/487/41 326/481/41 395/550/41
f 325/480/42 319/474/42 402/557/42
f 318/473/43 312/467/43 409/564/43
f 500/655/44 557/712/44 437/592/44
f 619/774/45 613/768/45 633/788/45
f 612/767/46 606/761/46 640/795/46
f 605/760/47 599/754/47 647/802/47
f 598/753/48 592/747/48 654/809/48
f 591/746/49 585/740/49 661/816/49
f 584/739/50 578/733/50 668/823/50
f 444/599/51 438/593/51 556/711/51
f 577/732/52 571/726/52 676/831/52
f 486/641/53 480/635/53 514/669/53
f 479/634/54 473/628/54 521/676/54
f 472/627/55 466/621/55 528/683/55
f 465/620/56 459/614/56 535/690/56
f 458/613/57 452/607/57 542/697/57
f 451/606/58 445/600/58 549/704/58
f 493/648/59 296/451/59 185/330/59
f 15/23/60 18/30/60 12/19/60
f 18/31/61 17/28/61 13/20/61
f 17/28/34 14/22/34 10/13/34
f 20/34/62 23/38/62 27/43/62
f 23/38/63 22/36/63 28/45/63
f 22/36/64 19/32/64 25/41/64
f 40/62/45 43/66/45 47/71/45
f 43/66/65 42/64/65 48/73/65
f 42/64/66 39/60/66 45/69/66
f 30/48/67 33/52/67 37/57/67
f 33/52/68 32/50/68 38/59/68
f 32/50/51 29/46/51 35/55/51
f 2/3/2 11/16/2 10/13/2
f 10/13/2 19/32/2 21/35/2
f 21/35/2 1/1/2 2/3/2
f 49/74/69 54/86/69 56/90/69
f 56/91/70 55/88/70 52/81/70
f 55/88/71 53/84/71 50/76/71
f 58/94/72 60/98/72 63/105/72
f 60/98/73 59/96/73 64/107/73
f 59/96/74 57/92/74 62/103/74
f 77/129/75 74/124/75 76/127/75
f 79/133/76 76/127/76 75/125/76
f 75/125/77 73/122/77 78/131/77
f 69/116/78 66/109/78 68/113/78
f 71/119/79 68/113/79 67/111/79
f 72/121/80 67/111/80 65/108/80
f 86/148/81 88/152/81 83/142/81
f 88/153/82 87/150/82 84/144/82
f 87/150/83 85/146/83 82/139/83
f 93/163/84 90/157/84 92/161/84
f 92/161/85 91/159/85 96/169/85
f 91/159/86 89/155/86 94/165/86
f 109/191/87 106/186/87 108/190/87
f 111/195/88 108/190/88 107/188/88
f 112/197/89 107/188/89 105/185/89
f 98/172/90 100/176/90 103/181/90
f 103/181/91 100/176/91 99/174/91
f 104/183/92 99/174/92 97/170/92
f 118/210/93 120/214/93 115/203/93
f 115/204/555 120/215/555 119/212/555
f 116/206/95 119/212/95 117/208/95
f 125/225/96 122/219/96 124/223/96
f 127/229/97 124/223/97 123/221/97
f 128/231/556 123/221/556 121/217/556
f 138/248/99 140/252/99 143/257/99
f 140/252/100 139/250/100 144/259/100
f 144/259/101 139/250/101 137/247/101
f 130/234/102 132/238/102 135/243/102
f 132/238/103 131/236/103 136/245/103
f 131/236/104 129/232/104 134/241/104
f 145/261/105 150/272/105 152/276/105
f 147/266/106 152/277/106 151/274/106
f 148/268/107 151/274/107 149/270/107
f 154/281/557 156/285/557 159/291/557
f 159/291/109 156/285/109 155/283/109
f 160/293/110 155/283/110 153/279/110
f 170/310/111 172/314/111 175/319/111
f 172/314/112 171/312/112 176/321/112
f 171/312/113 169/309/113 174/317/113
f 165/302/558 162/296/558 164/300/558
f 164/300/115 163/298/115 168/307/115
f 163/298/116 161/294/116 166/303/116
f 50/77/2 57/93/2 59/97/2
f 59/97/2 60/99/2 58/95/2
f 58/95/2 73/123/2 75/126/2
f 75/126/2 76/128/2 74/124/2
f 74/124/2 65/108/2 67/112/2
f 67/112/2 68/114/2 66/110/2
f 66/110/2 49/75/2 51/80/2
f 51/80/2 52/82/2 50/77/2
f 50/77/2 59/97/2 58/95/2
f 58/95/2 75/126/2 74/124/2
f 74/124/2 67/112/2 66/110/2
f 66/110/2 51/80/2 50/77/2
f 50/77/2 58/95/2 74/124/2
f 430/585/117 487/642/117 507/662/117
f 248/398/118 242/392/118 178/323/118
f 311/466/64 305/460/64 416/571/64
f 177/322/559 180/325/559 181/326/559
f 182/327/560 181/326/560 180/325/560
f 183/328/561 181/326/561 182/327/561
f 184/329/562 187/332/562 188/333/562
f 189/334/563 188/333/563 187/332/563
f 190/335/564 188/333/564 189/334/564
f 191/336/565 194/339/565 195/340/565
f 196/341/566 195/340/566 194/339/566
f 197/342/567 195/340/567 196/341/567
f 198/343/568 201/346/568 202/347/568
f 203/348/569 202/347/569 201/346/569
f 204/349/570 202/347/570 203/348/570
f 205/350/571 208/353/571 209/354/571
f 210/358/572 209/355/572 208/353/572
f 211/360/573 209/356/573 210/357/573
f 212/361/574 215/365/574 216/366/574
f 217/367/575 216/366/575 215/364/575
f 218/368/576 216/366/576 217/367/576
f 219/369/577 222/372/577 223/373/577
f 224/374/578 223/373/578 222/372/578
f 225/375/579 223/373/579 224/374/579
f 226/376/580 229/379/580 230/380/580
f 231/381/581 230/380/581 229/379/581
f 232/382/582 230/380/582 231/381/582
f 233/383/583 236/386/583 237/387/583
f 238/388/584 237/387/584 236/386/584
f 239/389/585 237/387/585 238/388/585
f 240/390/586 243/393/586 244/394/586
f 245/395/587 244/394/587 243/393/587
f 246/396/588 244/394/588 245/395/588
f 247/397/589 250/400/589 251/401/589
f 252/402/590 251/401/590 250/400/590
f 253/403/591 251/401/591 252/402/591
f 254/404/592 257/407/592 258/408/592
f 259/409/593 258/408/593 257/407/593
f 260/410/594 258/408/594 259/409/594
f 261/411/595 264/414/595 265/415/595
f 266/416/596 265/415/596 264/414/596
f 267/417/597 265/415/597 266/416/597
f 268/418/598 271/421/598 272/422/598
f 273/423/599 272/422/599 271/421/599
f 274/424/600 272/422/600 273/423/600
f 275/425/601 278/428/601 279/429/601
f 280/433/602 279/430/602 278/428/602
f 281/435/603 279/431/603 280/432/603
f 282/436/604 285/439/604 286/441/604
f 287/442/605 286/441/605 285/440/605
f 288/443/606 286/441/606 287/442/606
f 289/444/607 292/447/607 293/448/607
f 294/449/608 293/448/608 292/447/608
f 295/450/609 293/448/609 294/449/609
f 299/454/610 300/455/610 302/457/610
f 297/452/611 301/456/611 300/455/611
f 302/457/612 300/455/612 301/456/612
f 303/458/613 306/461/613 307/462/613
f 308/463/614 307/462/614 306/461/614
f 309/464/615 307/462/615 308/463/615
f 310/465/616 313/468/616 314/469/616
f 315/470/617 314/469/617 313/468/617
f 316/471/618 314/469/618 315/470/618
f 317/472/619 320/475/619 321/476/619
f 322/477/620 321/476/620 320/475/620
f 323/478/621 321/476/621 322/477/621
f 324/479/622 327/482/622 328/483/622
f 329/484/623 328/483/623 327/482/623
f 330/485/624 328/483/624 329/484/624
f 331/486/625 334/489/625 335/490/625
f 336/491/626 335/490/626 334/489/626
f 337/492/627 335/490/627 336/491/627
f 338/493/628 341/496/628 342/497/628
f 343/498/629 342/497/629 341/496/629
f 344/499/630 342/497/630 343/498/630
f 345/500/631 348/503/631 349/504/631
f 350/505/632 349/504/632 348/503/632
f 351/506/633 349/504/633 350/505/633
f 352/507/634 355/510/634 356/511/634
f 357/512/635 356/511/635 355/510/635
f 358/513/636 356/511/636 357/512/636
f 362/517/637 363/518/637 365/520/637
f 360/515/638 364/519/638 363/518/638
f 365/520/639 363/518/639 364/519/639
f 366/521/640 369/524/640 370/525/640
f 371/526/641 370/525/641 369/524/641
f 372/527/642 370/525/642 371/526/642
f 373/528/643 376/531/643 377/532/643
f 378/533/644 377/532/644 376/531/644
f 379/534/645 377/532/645 378/533/645
f 380/535/646 383/538/646 384/539/646
f 385/540/647 384/539/647 383/538/647
f 386/541/648 384/539/648 385/540/648
f 387/542/649 390/545/649 391/546/649
f 392/547/650 391/546/650 390/545/650
f 393/548/651 391/546/651 392/547/651
f 394/549/652 397/552/652 398/553/652
f 399/554/653 398/553/653 397/552/653
f 400/555/654 398/553/654 399/554/654
f 401/556/655 404/559/655 405/560/655
f 406/561/656 405/560/656 404/559/656
f 407/562/657 405/560/657 406/561/657
f 408/563/658 411/566/658 412/567/658
f 413/568/659 412/567/659 411/566/659
f 414/569/660 412/567/660 413/568/660
f 415/570/661 418/573/661 419/574/661
f 420/575/662 419/574/662 418/573/662
f 421/576/663 419/574/663 420/575/663
f 425/580/664 426/581/664 428/583/664
f 427/582/665 426/581/665 425/580/665
f 424/579/666 428/583/666 426/581/666
f 429/584/667 432/587/667 433/588/667
f 434/589/668 433/588/668 432/587/668
f 435/590/669 433/588/669 434/589/669
f 436/591/670 439/594/670 440/595/670
f 441/596/671 440/595/671 439/594/671
f 442/597/672 440/595/672 441/596/672
f 443/598/673 446/601/673 447/602/673
f 448/603/674 447/602/674 446/601/674
f 449/604/675 447/602/675 448/603/675
f 450/605/676 453/608/676 454/609/676
f 455/610/677 454/609/677 453/608/677
f 456/611/678 454/609/678 455/610/678
f 457/612/679 460/615/679 461/616/679
f 462/617/680 461/616/680 460/615/680
f 463/618/681 461/616/681 462/617/681
f 464/619/682 467/622/682 468/623/682
f 469/624/683 468/623/683 467/622/683
f 470/625/684 468/623/684 469/624/684
f 471/626/685 474/629/685 475/630/685
f 476/631/686 475/630/686 474/629/686
f 477/632/687 475/630/687 476/631/687
f 478/633/688 481/636/688 482/637/688
f 483/638/689 482/637/689 481/636/689
f 484/639/690 482/637/690 483/638/690
f 485/640/691 488/643/691 489/644/691
f 490/645/692 489/644/692 488/643/692
f 491/646/693 489/644/693 490/645/693
f 492/647/694 495/650/694 496/651/694
f 497/652/695 496/651/695 495/650/695
f 498/653/696 496/651/696 497/652/696
f 499/654/697 502/657/697 503/658/697
f 504/659/698 503/658/698 502/657/698
f 505/660/699 503/658/699 504/659/699
f 506/661/700 509/664/700 510/665/700
f 511/666/701 510/665/701 509/664/701
f 512/667/702 510/665/702 511/666/702
f 513/668/703 516/671/703 517/672/703
f 518/673/704 517/672/704 516/671/704
f 519/674/705 517/672/705 518/673/705
f 520/675/706 523/678/706 524/679/706
f 525/680/707 524/679/707 523/678/707
f 526/681/708 524/679/708 525/680/708
f 527/682/709 530/685/709 531/686/709
f 532/687/710 531/686/710 530/685/710
f 533/688/711 531/686/711 532/687/711
f 534/689/712 537/692/712 538/693/712
f 539/694/713 538/693/713 537/692/713
f 540/695/714 538/693/714 539/694/714
f 541/696/715 544/699/715 545/700/715
f 546/701/716 545/700/716 544/699/716
f 547/702/717 545/700/717 546/701/717
f 548/703/718 551/706/718 552/707/718
f 553/708/719 552/707/719 551/706/719
f 554/709/720 552/707/720 553/708/720
f 555/710/721 558/713/721 559/714/721
f 560/715/722 559/714/722 558/713/722
f 561/716/723 559/714/723 560/715/723
f 565/720/724 566/721/724 568/723/724
f 567/722/725 566/721/725 565/720/725
f 564/719/726 568/723/726 566/721/726
f 569/724/727 572/727/727 573/728/727
f 574/729/728 573/728/728 572/727/728
f 575/730/729 573/728/729 574/729/729
f 576/731/730 579/734/730 580/735/730
f 581/736/731 580/735/731 579/734/731
f 582/737/732 580/735/732 581/736/732
f 583/738/733 586/741/733 587/742/733
f 588/743/734 587/742/734 586/741/734
f 589/744/735 587/742/735 588/743/735
f 590/745/736 593/748/736 594/749/736
f 595/750/737 594/749/737 593/748/737
f 596/751/738 594/749/738 595/750/738
f 597/752/739 600/755/739 601/756/739
f 602/757/740 601/756/740 600/755/740
f 603/758/741 601/756/741 602/757/741
f 604/759/742 607/762/742 608/763/742
f 609/764/743 608/763/743 607/762/743
f 610/765/744 608/763/744 609/764/744
f 611/766/745 614/769/745 615/770/745
f 616/771/746 615/770/746 614/769/746
f 617/772/747 615/770/747 616/771/747
f 618/773/748 621/776/748 622/777/748
f 623/778/749 622/777/749 621/776/749
f 624/779/750 622/777/750 623/778/750
f 628/783/751 629/784/751 631/786/751
f 630/785/752 629/784/752 628/783/752
f 627/782/753 631/786/753 629/784/753
f 632/787/754 635/790/754 636/791/754
f 637/792/755 636/791/755 635/790/755
f 638/793/756 636/791/756 637/792/756
f 639/794/757 642/797/757 643/798/757
f 644/799/758 643/798/758 642/797/758
f 645/800/759 643/798/759 644/799/759
f 646/801/760 649/804/760 650/805/760
f 651/806/761 650/805/761 649/804/761
f 652/807/762 650/805/762 651/806/762
f 653/808/763 656/811/763 657/812/763
f 658/813/764 657/812/764 656/811/764
f 659/814/765 657/812/765 658/813/765
f 660/815/766 663/818/766 664/819/766
f 665/820/767 664/819/767 663/818/767
f 666/821/768 664/819/768 665/820/768
f 667/822/769 670/825/769 671/826/769
f 672/827/770 671/826/770 670/825/770
f 673/828/771 671/826/771 672/827/771
f 677/832/772 678/833/772 680/835/772
f 675/830/773 679/834/773 678/833/773
f 680/835/774 678/833/774 679/834/774
f 429/584/335 435/590/335 187/332/335
f 435/590/336 431/586/336 185/330/336
f 186/331/337 189/334/337 302/457/337
f 189/334/338 185/330/338 296/451/338
f 184/329/339 190/335/339 194/339/339
f 190/335/340 186/331/340 192/337/340
f 297/452/341 289/444/341 295/450/341
f 301/456/775 295/450/775 291/446/775
f 193/338/343 196/341/343 294/449/343
f 196/341/344 192/337/344 291/446/344
f 191/336/345 197/342/345 201/346/345
f 197/342/346 193/338/346 199/344/346
f 289/444/347 282/436/347 288/443/347
f 292/447/348 288/443/348 284/438/348
f 200/345/349 203/348/349 287/442/349
f 203/348/350 199/344/350 284/438/350
f 198/343/351 204/349/351 208/353/351
f 204/349/352 200/345/352 206/351/352
f 282/436/353 275/425/353 281/434/353
f 285/440/354 281/435/354 277/427/354
f 207/352/355 210/357/355 280/433/355
f 210/358/356 206/351/356 277/427/356
f 205/350/357 211/359/357 215/365/357
f 211/360/358 207/352/358 213/362/358
f 275/425/359 268/418/359 274/424/359
f 278/428/360 274/424/360 270/420/360
f 214/363/361 217/367/361 273/423/361
f 217/367/362 213/362/362 270/420/362
f 212/361/363 218/368/363 222/372/363
f 218/368/776 214/363/776 220/370/776
f 268/418/365 261/411/365 267/417/365
f 271/421/366 267/417/366 263/413/366
f 221/371/367 224/374/367 266/416/367
f 224/374/368 220/370/368 263/413/368
f 219/369/369 225/375/369 229/379/369
f 225/375/370 221/371/370 227/377/370
f 261/411/371 254/404/371 260/410/371
f 264/414/372 260/410/372 256/406/372
f 228/378/373 231/381/373 259/409/373
f 231/381/374 227/377/374 256/406/374
f 226/376/375 232/382/375 236/386/375
f 232/382/777 228/378/777 234/384/777
f 254/404/377 247/397/377 253/403/377
f 257/407/778 253/403/778 249/399/778
f 235/385/379 238/388/379 252/402/379
f 238/388/380 234/384/380 249/399/380
f 177/322/381 233/383/381 239/389/381
f 180/325/779 239/389/779 235/385/779
f 240/390/383 246/396/383 250/400/383
f 246/396/780 242/392/780 248/398/780
f 179/324/385 182/327/385 245/395/385
f 182/327/386 178/323/386 242/392/386
f 366/521/387 360/515/387 362/517/387
f 369/524/781 362/517/781 359/514/781
f 354/509/782 562/717/782 568/723/782
f 358/513/783 568/723/783 564/719/783
f 674/829/784 361/516/784 364/519/784
f 677/832/785 364/519/785 360/515/785
f 353/508/786 368/523/786 371/526/786
f 357/512/787 371/526/787 367/522/787
f 366/521/395 372/527/395 376/531/395
f 372/527/396 368/523/396 374/529/396
f 352/507/397 345/500/397 351/506/397
f 355/510/398 351/506/398 347/502/398
f 375/530/399 378/533/399 350/505/399
f 378/533/400 374/529/400 347/502/400
f 373/528/401 379/534/401 383/538/401
f 379/534/402 375/530/402 381/536/402
f 345/500/403 338/493/403 344/499/403
f 348/503/404 344/499/404 340/495/404
f 382/537/405 385/540/405 343/498/405
f 385/540/406 381/536/406 340/495/406
f 380/535/407 386/541/407 390/545/407
f 386/541/408 382/537/408 388/543/408
f 338/493/409 331/486/409 337/492/409
f 341/496/410 337/492/410 333/488/410
f 389/544/411 392/547/411 336/491/411
f 392/547/412 388/543/412 333/488/412
f 387/542/413 393/548/413 397/552/413
f 393/548/414 389/544/414 395/550/414
f 331/486/415 324/479/415 330/485/415
f 334/489/416 330/485/416 326/481/416
f 396/551/417 399/554/417 329/484/417
f 399/554/418 395/550/418 326/481/418
f 394/549/419 400/555/419 404/559/419
f 400/555/420 396/551/420 402/557/420
f 324/479/421 317/472/421 323/478/421
f 327/482/788 323/478/788 319/474/788
f 403/558/423 406/561/423 322/477/423
f 406/561/424 402/557/424 319/474/424
f 401/556/425 407/562/425 411/566/425
f 407/562/426 403/558/426 409/564/426
f 317/472/427 310/465/427 316/471/427
f 320/475/428 316/471/428 312/467/428
f 410/565/429 413/568/429 315/470/429
f 413/568/430 409/564/430 312/467/430
f 408/563/431 414/569/431 418/573/431
f 414/569/789 410/565/789 416/571/789
f 310/465/433 303/458/433 309/464/433
f 313/468/790 309/464/790 305/460/790
f 417/572/435 420/575/435 308/463/435
f 420/575/436 416/571/436 305/460/436
f 304/459/791 306/461/791 183/328/791
f 306/461/438 303/458/438 177/322/438
f 620/775/792 422/577/792 428/583/792
f 624/779/440 428/583/440 424/579/440
f 626/781/441 628/783/441 623/778/441
f 628/783/442 625/780/442 620/775/442
f 632/787/443 627/782/443 630/785/443
f 635/790/793 630/785/793 626/781/793
f 611/766/445 617/772/445 621/776/445
f 617/772/446 613/768/446 619/774/446
f 634/789/447 637/792/447 616/771/447
f 637/792/448 633/788/448 613/768/448
f 639/794/449 632/787/449 638/793/449
f 642/797/450 638/793/450 634/789/450
f 604/759/451 610/765/451 614/769/451
f 610/765/452 606/761/452 612/767/452
f 641/796/453 644/799/453 609/764/453
f 644/799/454 640/795/454 606/761/454
f 646/801/455 639/794/455 645/800/455
f 649/804/456 645/800/456 641/796/456
f 597/752/457 603/758/457 607/762/457
f 603/758/794 599/754/794 605/760/794
f 648/803/459 651/806/459 602/757/459
f 651/806/460 647/802/460 599/754/460
f 653/808/461 646/801/461 652/807/461
f 656/811/462 652/807/462 648/803/462
f 590/745/463 596/751/463 600/755/463
f 596/751/464 592/747/464 598/753/464
f 655/810/465 658/813/465 595/750/465
f 658/813/466 654/809/466 592/747/466
f 660/815/467 653/808/467 659/814/467
f 663/818/468 659/814/468 655/810/468
f 583/738/469 589/744/469 593/748/469
f 589/744/470 585/740/470 591/746/470
f 662/817/471 665/820/471 588/743/471
f 665/820/472 661/816/472 585/740/472
f 667/822/473 660/815/473 666/821/473
f 670/825/474 666/821/474 662/817/474
f 576/731/475 582/737/475 586/741/475
f 582/737/476 578/733/476 584/739/476
f 669/824/477 672/827/477 581/736/477
f 672/827/478 668/823/478 578/733/478
f 675/830/479 667/822/479 673/828/479
f 679/834/480 673/828/480 669/824/480
f 569/724/481 575/730/481 579/734/481
f 575/730/482 571/726/482 577/732/482
f 570/725/795 674/829/795 680/835/795
f 574/729/796 680/835/796 676/831/796
f 569/724/485 564/719/485 567/722/485
f 572/727/797 567/722/797 563/718/797
f 492/647/487 498/653/487 509/664/487
f 498/653/488 494/649/488 507/662/488
f 431/586/489 434/589/489 497/652/489
f 434/589/490 430/585/490 494/649/490
f 429/584/491 485/640/491 491/646/491
f 432/587/492 491/646/492 487/642/492
f 508/663/493 511/666/493 490/645/493
f 511/666/494 507/662/494 487/642/494
f 506/661/495 512/667/495 516/671/495
f 512/667/798 508/663/798 514/669/798
f 485/640/497 478/633/497 484/639/497
f 488/643/498 484/639/498 480/635/498
f 515/670/499 518/673/499 483/638/499
f 518/673/500 514/669/500 480/635/500
f 513/668/501 519/674/501 523/678/501
f 519/674/502 515/670/502 521/676/502
f 478/633/503 471/626/503 477/632/503
f 481/636/504 477/632/504 473/628/504
f 522/677/505 525/680/505 476/631/505
f 525/680/506 521/676/506 473/628/506
f 520/675/507 526/681/507 530/685/507
f 526/681/508 522/677/508 528/683/508
f 471/626/509 464/619/509 470/625/509
f 474/629/510 470/625/510 466/621/510
f 529/684/511 532/687/511 469/624/511
f 532/687/512 528/683/512 466/621/512
f 527/682/513 533/688/513 537/692/513
f 533/688/514 529/684/514 535/690/514
f 464/619/515 457/612/515 463/618/515
f 467/622/516 463/618/516 459/614/516
f 536/691/517 539/694/517 462/617/517
f 539/694/518 535/690/518 459/614/518
f 534/689/519 540/695/519 544/699/519
f 540/695/520 536/691/520 542/697/520
f 457/612/521 450/605/521 456/611/521
f 460/615/799 456/611/799 452/607/799
f 543/698/523 546/701/523 455/610/523
f 546/701/524 542/697/524 452/607/524
f 541/696/525 547/702/525 551/706/525
f 547/702/526 543/698/526 549/704/526
f 450/605/527 443/598/527 449/604/527
f 453/608/528 449/604/528 445/600/528
f 550/705/529 553/708/529 448/603/529
f 553/708/530 549/704/530 445/600/530
f 548/703/531 554/709/531 558/713/531
f 554/709/800 550/705/800 556/711/800
f 443/598/533 436/591/533 442/597/533
f 446/601/534 442/597/534 438/593/534
f 557/712/535 560/715/535 441/596/535
f 560/715/536 556/711/536 438/593/536
f 499/654/537 555/710/537 561/716/537
f 502/657/801 561/716/801 557/712/801
f 424/579/539 427/582/539 439/594/539
f 427/582/802 423/578/802 437/592/802
f 240/390/541 415/570/541 421/576/541
f 243/393/803 421/576/803 417/572/803
f 563/718/804 565/720/804 365/520/804
f 565/720/805 562/717/805 359/514/805
f 423/578/806 425/580/806 504/659/806
f 425/580/546 422/577/546 501/656/546
f 296/451/547 493/648/547 495/650/547
f 299/454/548 495/650/548 492/647/548
f 499/654/549 505/660/549 631/786/549
f 505/660/807 501/656/807 625/780/807
f 429/584/2 184/329/2 191/336/2
f 191/336/2 198/343/2 205/350/2
f 205/350/2 212/361/2 219/369/2
f 219/369/2 226/376/2 233/383/2
f 233/383/2 177/322/2 303/458/2
f 303/458/2 310/465/2 317/472/2
f 317/472/2 324/479/2 331/486/2
f 331/486/2 338/493/2 345/500/2
f 345/500/2 352/507/2 564/719/2
f 564/719/2 569/724/2 576/731/2
f 576/731/2 583/738/2 590/745/2
f 590/745/2 597/752/2 604/759/2
f 604/759/2 611/766/2 618/773/2
f 618/773/2 424/579/2 436/591/2
f 436/591/2 443/598/2 450/605/2
f 450/605/2 457/612/2 464/619/2
f 464/619/2 471/626/2 478/633/2
f 478/633/2 485/640/2 429/584/2
f 429/584/2 191/336/2 205/350/2
f 205/350/2 219/369/2 233/383/2
f 233/383/2 303/458/2 317/472/2
f 317/472/2 331/486/2 345/500/2
f 345/500/2 564/719/2 576/731/2
f 576/731/2 590/745/2 604/759/2
f 604/759/2 618/773/2 436/591/2
f 436/591/2 450/605/2 464/619/2
f 464/619/2 478/633/2 429/584/2
f 429/584/2 205/350/2 233/383/2
f 233/383/2 317/472/2 345/500/2
f 345/500/2 576/731/2 604/759/2
f 604/759/2 436/591/2 464/619/2
f 464/619/2 429/584/2 233/383/2
f 233/383/2 345/500/2 604/759/2
