# Blender 3.4.1
# www.blender.org
mtllib table_circle_100_3.mtl
g Сфера_Меш
v 0.000000 0.764975 -0.500150
v -0.000000 0.740000 -0.495244
v 0.000000 0.752488 -0.499492
v -0.000000 0.743346 -0.497697
v 0.096417 0.740000 -0.485728
v 0.097373 0.764975 -0.490539
v 0.096895 0.743346 -0.488134
v 0.097245 0.752488 -0.489895
v 0.189128 0.740000 -0.457548
v 0.191004 0.764975 -0.462078
v 0.190066 0.743346 -0.459813
v 0.190752 0.752488 -0.461471
v 0.274573 0.740000 -0.411784
v 0.277294 0.764975 -0.415859
v 0.275934 0.743346 -0.413822
v 0.276930 0.752488 -0.415313
v 0.349468 0.740000 -0.350196
v 0.352928 0.764975 -0.353659
v 0.351198 0.743346 -0.351928
v 0.352465 0.752488 -0.353195
v 0.410933 0.740000 -0.275149
v 0.415000 0.764975 -0.277868
v 0.412966 0.743346 -0.276509
v 0.414455 0.752488 -0.277504
v 0.456607 0.740000 -0.189527
v 0.461123 0.764975 -0.191399
v 0.458865 0.743346 -0.190463
v 0.460518 0.752488 -0.191148
v 0.484733 0.740000 -0.096620
v 0.489526 0.764975 -0.097574
v 0.487129 0.743346 -0.097097
v 0.488884 0.752488 -0.097447
v 0.494230 0.740000 -0.000000
v 0.499116 0.764975 0.000000
v 0.496673 0.743346 -0.000000
v 0.498461 0.752488 0.000000
v 0.484733 0.740000 0.096620
v 0.489526 0.764975 0.097574
v 0.487129 0.743346 0.097097
v 0.488884 0.752488 0.097447
v 0.456607 0.740000 0.189527
v 0.461123 0.764975 0.191399
v 0.458865 0.743346 0.190463
v 0.460518 0.752488 0.191148
v 0.410933 0.740000 0.275149
v 0.415000 0.764975 0.277868
v 0.412966 0.743346 0.276509
v 0.414455 0.752488 0.277504
v 0.349467 0.740000 0.350196
v 0.352928 0.764975 0.353659
v 0.351198 0.743346 0.351927
v 0.352465 0.752488 0.353195
v 0.274573 0.740000 0.411784
v 0.277294 0.764975 0.415859
v 0.275933 0.743346 0.413822
v 0.276929 0.752488 0.415313
v 0.189128 0.740000 0.457547
v 0.191003 0.764975 0.462078
v 0.190066 0.743346 0.459813
v 0.190752 0.752488 0.461471
v 0.096416 0.740000 0.485728
v 0.097373 0.764975 0.490539
v 0.096894 0.743346 0.488134
v 0.097244 0.752488 0.489894
v -0.000000 0.740000 0.495243
v -0.000000 0.764975 0.500149
v -0.000000 0.743346 0.497696
v -0.000000 0.752488 0.499492
v -0.096416 0.740000 0.485728
v -0.097373 0.764975 0.490539
v -0.096895 0.743346 0.488133
v -0.097245 0.752488 0.489894
v -0.189128 0.740000 0.457547
v -0.191003 0.764975 0.462077
v -0.190066 0.743346 0.459812
v -0.190752 0.752488 0.461471
v -0.274573 0.740000 0.411784
v -0.277294 0.764975 0.415859
v -0.275933 0.743346 0.413821
v -0.276929 0.752488 0.415313
v -0.349467 0.740000 0.350196
v -0.352928 0.764975 0.353659
v -0.351198 0.743346 0.351927
v -0.352464 0.752488 0.353195
v -0.410933 0.740000 0.275149
v -0.414999 0.764975 0.277868
v -0.412966 0.743346 0.276508
v -0.414455 0.752488 0.277503
v -0.456606 0.740000 0.189527
v -0.461123 0.764975 0.191399
v -0.458864 0.743346 0.190463
v -0.460518 0.752488 0.191148
v -0.484732 0.740000 0.096620
v -0.489525 0.764975 0.097574
v -0.487129 0.743346 0.097097
v -0.488883 0.752488 0.097446
v -0.494229 0.740000 -0.000000
v -0.499115 0.764975 -0.000000
v -0.496672 0.743346 -0.000000
v -0.498461 0.752488 -0.000000
v -0.484732 0.740000 -0.096621
v -0.489525 0.764975 -0.097575
v -0.487129 0.743346 -0.097098
v -0.488883 0.752488 -0.097447
v -0.456606 0.740000 -0.189527
v -0.461122 0.764975 -0.191399
v -0.458864 0.743346 -0.190463
v -0.460517 0.752488 -0.191148
v -0.410932 0.740000 -0.275149
v -0.414999 0.764975 -0.277868
v -0.412966 0.743346 -0.276509
v -0.414454 0.752488 -0.277504
v -0.349467 0.740000 -0.350196
v -0.352928 0.764975 -0.353659
v -0.351197 0.743346 -0.351927
v -0.352464 0.752488 -0.353195
v -0.274572 0.740000 -0.411784
v -0.277293 0.764975 -0.415859
v -0.275933 0.743346 -0.413821
v -0.276929 0.752488 -0.415313
v -0.189128 0.740000 -0.457547
v -0.191003 0.764975 -0.462078
v -0.190065 0.743346 -0.459812
v -0.190752 0.752488 -0.461471
v -0.096416 0.740000 -0.485728
v -0.097372 0.764975 -0.490539
v -0.096894 0.743346 -0.488133
v -0.097244 0.752488 -0.489894
v -0.000000 0.790000 -0.495244
v 0.000000 0.765025 -0.500150
v -0.000000 0.786654 -0.497697
v 0.000000 0.777512 -0.499492
v 0.097373 0.765025 -0.490539
v 0.096417 0.790000 -0.485728
v 0.097245 0.777512 -0.489895
v 0.096895 0.786654 -0.488134
v 0.191004 0.765025 -0.462078
v 0.189128 0.790000 -0.457548
v 0.190752 0.777512 -0.461471
v 0.190066 0.786654 -0.459813
v 0.277294 0.765025 -0.415859
v 0.274573 0.790000 -0.411784
v 0.276930 0.777512 -0.415313
v 0.275934 0.786654 -0.413822
v 0.352928 0.765025 -0.353659
v 0.349468 0.790000 -0.350196
v 0.352465 0.777512 -0.353195
v 0.351198 0.786654 -0.351928
v 0.415000 0.765025 -0.277868
v 0.410933 0.790000 -0.275149
v 0.414455 0.777512 -0.277504
v 0.412966 0.786654 -0.276509
v 0.461123 0.765025 -0.191399
v 0.456607 0.790000 -0.189527
v 0.460518 0.777512 -0.191148
v 0.458865 0.786654 -0.190463
v 0.489526 0.765025 -0.097574
v 0.484733 0.790000 -0.096620
v 0.488884 0.777512 -0.097447
v 0.487129 0.786654 -0.097097
v 0.499116 0.765025 0.000000
v 0.494230 0.790000 -0.000000
v 0.498461 0.777512 0.000000
v 0.496673 0.786654 -0.000000
v 0.489526 0.765025 0.097574
v 0.484733 0.790000 0.096620
v 0.488884 0.777512 0.097447
v 0.487129 0.786654 0.097097
v 0.461123 0.765025 0.191399
v 0.456607 0.790000 0.189527
v 0.460518 0.777512 0.191148
v 0.458865 0.786654 0.190463
v 0.415000 0.765025 0.277868
v 0.410933 0.790000 0.275149
v 0.414455 0.777512 0.277504
v 0.412966 0.786654 0.276509
v 0.352928 0.765025 0.353659
v 0.349467 0.790000 0.350196
v 0.352465 0.777512 0.353195
v 0.351198 0.786654 0.351927
v 0.277294 0.765025 0.415859
v 0.274573 0.790000 0.411784
v 0.276929 0.777512 0.415313
v 0.275933 0.786654 0.413822
v 0.191003 0.765025 0.462078
v 0.189128 0.790000 0.457547
v 0.190752 0.777512 0.461471
v 0.190066 0.786654 0.459813
v 0.097373 0.765025 0.490539
v 0.096416 0.790000 0.485728
v 0.097245 0.777512 0.489894
v 0.096894 0.786654 0.488134
v -0.000000 0.765025 0.500149
v -0.000000 0.790000 0.495243
v -0.000000 0.777512 0.499492
v -0.000000 0.786654 0.497696
v -0.097373 0.765025 0.490539
v -0.096416 0.790000 0.485728
v -0.097245 0.777512 0.489894
v -0.096895 0.786654 0.488133
v -0.191003 0.765025 0.462077
v -0.189128 0.790000 0.457547
v -0.190752 0.777512 0.461471
v -0.190066 0.786654 0.459812
v -0.277294 0.765025 0.415859
v -0.274573 0.790000 0.411784
v -0.276929 0.777512 0.415313
v -0.275933 0.786654 0.413821
v -0.352928 0.765025 0.353659
v -0.349467 0.790000 0.350196
v -0.352464 0.777512 0.353195
v -0.351198 0.786654 0.351927
v -0.414999 0.765025 0.277868
v -0.410933 0.790000 0.275149
v -0.414455 0.777512 0.277503
v -0.412966 0.786654 0.276508
v -0.461123 0.765025 0.191399
v -0.456606 0.790000 0.189527
v -0.460518 0.777512 0.191148
v -0.458864 0.786654 0.190463
v -0.489525 0.765025 0.097574
v -0.484732 0.790000 0.096620
v -0.488883 0.777512 0.097446
v -0.487129 0.786654 0.097097
v -0.499115 0.765025 -0.000000
v -0.494229 0.790000 -0.000000
v -0.498461 0.777512 -0.000000
v -0.496672 0.786654 -0.000000
v -0.489525 0.765025 -0.097575
v -0.484732 0.790000 -0.096621
v -0.488883 0.777512 -0.097447
v -0.487129 0.786654 -0.097098
v -0.461122 0.765025 -0.191399
v -0.456606 0.790000 -0.189527
v -0.460517 0.777512 -0.191148
v -0.458864 0.786654 -0.190463
v -0.414999 0.765025 -0.277868
v -0.410932 0.790000 -0.275149
v -0.414454 0.777512 -0.277504
v -0.412966 0.786654 -0.276509
v -0.352928 0.765025 -0.353659
v -0.349467 0.790000 -0.350196
v -0.352464 0.777512 -0.353195
v -0.351197 0.786654 -0.351927
v -0.277293 0.765025 -0.415859
v -0.274572 0.790000 -0.411784
v -0.276929 0.777512 -0.415313
v -0.275933 0.786654 -0.413821
v -0.191003 0.765025 -0.462078
v -0.189128 0.790000 -0.457547
v -0.190752 0.777512 -0.461471
v -0.190065 0.786654 -0.459813
v -0.097372 0.765025 -0.490539
v -0.096416 0.790000 -0.485728
v -0.097244 0.777512 -0.489894
v -0.096894 0.786654 -0.488133
v -0.291826 0.691661 0.294370
v -0.284510 0.716636 0.312030
v -0.309486 0.716636 0.287055
v -0.289943 0.695255 0.302921
v -0.300376 0.695255 0.292488
v -0.298980 0.698015 0.301524
v -0.296769 0.716636 0.308325
v -0.287297 0.704260 0.309354
v -0.297854 0.704663 0.306499
v -0.306810 0.704260 0.289841
v -0.305780 0.716636 0.299313
v -0.303954 0.704663 0.300398
v -0.284510 0.716636 0.312030
v -0.291826 0.741611 0.294370
v -0.309486 0.716636 0.287055
v -0.286825 0.729107 0.311009
v -0.295644 0.716636 0.307356
v -0.297417 0.728579 0.306416
v -0.301982 0.738275 0.292055
v -0.289511 0.738275 0.304526
v -0.299308 0.735034 0.301852
v -0.304811 0.716636 0.298189
v -0.308464 0.729107 0.289370
v -0.303871 0.728579 0.299962
v -0.309486 0.716636 -0.290235
v -0.284510 0.716636 -0.315211
v -0.291826 0.691661 -0.297551
v -0.304811 0.716636 -0.301369
v -0.308464 0.704165 -0.292550
v -0.303871 0.704693 -0.303142
v -0.286825 0.704165 -0.314189
v -0.295644 0.716636 -0.310536
v -0.297417 0.704693 -0.309596
v -0.301982 0.694997 -0.295236
v -0.289511 0.694997 -0.307707
v -0.299308 0.698238 -0.305033
v -0.291826 0.741611 -0.297551
v -0.284510 0.716636 -0.315211
v -0.309486 0.716636 -0.290235
v -0.289943 0.738017 -0.306101
v -0.300376 0.738017 -0.295668
v -0.298980 0.735257 -0.304705
v -0.296769 0.716636 -0.311505
v -0.287297 0.729012 -0.312535
v -0.297854 0.728609 -0.309679
v -0.306810 0.729012 -0.293022
v -0.305780 0.716636 -0.302494
v -0.303954 0.728609 -0.303579
v 0.315309 0.716636 0.287055
v 0.290334 0.716636 0.312030
v 0.297649 0.691661 0.294370
v 0.310635 0.716636 0.298189
v 0.314288 0.704165 0.289370
v 0.309695 0.704693 0.299962
v 0.292649 0.704165 0.311009
v 0.301467 0.716636 0.307356
v 0.303241 0.704693 0.306416
v 0.307805 0.694997 0.292055
v 0.295334 0.694997 0.304526
v 0.305131 0.698238 0.301852
v 0.297649 0.741611 0.294370
v 0.290334 0.716636 0.312030
v 0.315309 0.716636 0.287055
v 0.295767 0.738017 0.302921
v 0.306200 0.738017 0.292488
v 0.304804 0.735257 0.301524
v 0.302592 0.716636 0.308325
v 0.293120 0.729012 0.309354
v 0.303678 0.728609 0.306499
v 0.312633 0.729012 0.289841
v 0.311604 0.716636 0.299313
v 0.309778 0.728609 0.300398
v 0.290334 0.716636 -0.315211
v 0.315309 0.716636 -0.290235
v 0.297649 0.691661 -0.297551
v 0.301467 0.716636 -0.310536
v 0.292649 0.704165 -0.314189
v 0.303241 0.704693 -0.309596
v 0.314288 0.704165 -0.292550
v 0.310635 0.716636 -0.301369
v 0.309695 0.704693 -0.303142
v 0.295334 0.694997 -0.307707
v 0.307805 0.694997 -0.295236
v 0.305131 0.698238 -0.305033
v 0.297649 0.741611 -0.297551
v 0.315309 0.716636 -0.290235
v 0.290334 0.716636 -0.315211
v 0.306200 0.738017 -0.295668
v 0.295767 0.738017 -0.306101
v 0.304804 0.735257 -0.304705
v 0.311604 0.716636 -0.302494
v 0.312633 0.729012 -0.293022
v 0.309778 0.728609 -0.303579
v 0.293120 0.729012 -0.312535
v 0.302592 0.716636 -0.311505
v 0.303678 0.728609 -0.309679
v -0.213389 0.716621 -0.194138
v -0.231672 0.691661 -0.237397
v -0.188413 0.716621 -0.219114
v -0.216347 0.704305 -0.210473
v -0.209678 0.716834 -0.206391
v -0.212924 0.704777 -0.214847
v -0.220526 0.695231 -0.228781
v -0.223056 0.695231 -0.226251
v -0.216478 0.698000 -0.222203
v -0.200667 0.716834 -0.215403
v -0.204748 0.704305 -0.222072
v -0.209122 0.704777 -0.218649
v -0.213389 0.716621 0.190958
v -0.188413 0.716621 0.215933
v -0.231672 0.691661 0.234217
v -0.209678 0.716834 0.203211
v -0.216347 0.704305 0.207293
v -0.212924 0.704777 0.211667
v -0.204748 0.704305 0.218892
v -0.200667 0.716834 0.212222
v -0.209122 0.704777 0.215469
v -0.223056 0.695231 0.223071
v -0.220526 0.695231 0.225600
v -0.216478 0.698000 0.219022
v 0.194237 0.716621 -0.219114
v 0.237496 0.691661 -0.237397
v 0.219212 0.716621 -0.194138
v 0.210572 0.704305 -0.222072
v 0.206490 0.716834 -0.215403
v 0.214946 0.704777 -0.218649
v 0.228879 0.695231 -0.226251
v 0.226350 0.695231 -0.228781
v 0.222301 0.698000 -0.222203
v 0.215501 0.716834 -0.206391
v 0.222171 0.704305 -0.210473
v 0.218748 0.704777 -0.214847
v 0.219212 0.716621 0.190958
v 0.237496 0.691661 0.234217
v 0.194237 0.716621 0.215933
v 0.222171 0.704305 0.207293
v 0.215501 0.716834 0.203211
v 0.218748 0.704777 0.211667
v 0.226350 0.695231 0.225600
v 0.228879 0.695231 0.223071
v 0.222301 0.698000 0.219022
v 0.206490 0.716834 0.212222
v 0.210572 0.704305 0.218892
v 0.214946 0.704777 0.215469
v -0.213388 0.716652 0.190957
v -0.230425 0.741611 0.232969
v -0.188413 0.716652 0.215932
v -0.215735 0.728976 0.206947
v -0.209677 0.716865 0.203210
v -0.212349 0.728656 0.211170
v -0.219720 0.738045 0.224536
v -0.221991 0.738045 0.222264
v -0.215646 0.735305 0.218191
v -0.200666 0.716865 0.212221
v -0.204403 0.728976 0.218280
v -0.208626 0.728656 0.214894
v -0.213388 0.716652 -0.194138
v -0.188413 0.716652 -0.219113
v -0.230425 0.741611 -0.236150
v -0.209677 0.716865 -0.206391
v -0.215735 0.728976 -0.210128
v -0.212349 0.728656 -0.214351
v -0.204403 0.728976 -0.221460
v -0.200666 0.716865 -0.215402
v -0.208626 0.728656 -0.218074
v -0.221991 0.738045 -0.225445
v -0.219720 0.738045 -0.227716
v -0.215646 0.735305 -0.221371
v 0.194236 0.716652 -0.219113
v 0.219211 0.716652 -0.194138
v 0.236248 0.741611 -0.236150
v 0.206489 0.716865 -0.215402
v 0.210226 0.728976 -0.221460
v 0.214449 0.728656 -0.218074
v 0.221559 0.728976 -0.210128
v 0.215500 0.716865 -0.206391
v 0.218173 0.728656 -0.214351
v 0.225543 0.738045 -0.227716
v 0.227815 0.738045 -0.225445
v 0.221470 0.735305 -0.221371
v 0.219211 0.716652 0.190957
v 0.194236 0.716652 0.215932
v 0.236248 0.741611 0.232969
v 0.215500 0.716865 0.203210
v 0.221559 0.728976 0.206947
v 0.218173 0.728656 0.211170
v 0.210226 0.728976 0.218280
v 0.206489 0.716865 0.212221
v 0.214449 0.728656 0.214894
v 0.227815 0.738045 0.222264
v 0.225543 0.738045 0.224536
v 0.221470 0.735305 0.218191
v -0.318968 0.000731 0.326209
v -0.317221 0.025569 0.349234
v -0.342196 0.025569 0.324259
v -0.318735 0.004050 0.338420
v -0.331206 0.004050 0.325948
v -0.330451 0.007273 0.337639
v -0.329692 0.025569 0.345897
v -0.318093 0.013167 0.346871
v -0.330000 0.013691 0.343589
v -0.339732 0.013167 0.325232
v -0.338859 0.025569 0.336730
v -0.336454 0.013691 0.337135
v -0.272068 0.667404 0.298837
v -0.270321 0.692242 0.271912
v -0.297043 0.667404 0.273862
v -0.271195 0.679807 0.294527
v -0.284539 0.667404 0.295501
v -0.283176 0.679282 0.291327
v -0.283025 0.688924 0.272172
v -0.270554 0.688924 0.284644
v -0.282724 0.685700 0.284369
v -0.293707 0.667404 0.286333
v -0.292834 0.679807 0.272888
v -0.289630 0.679282 0.284873
v -0.318968 0.000731 0.296187
v -0.342196 0.025569 0.294236
v -0.317221 0.025569 0.269261
v -0.331206 0.004050 0.295926
v -0.318735 0.004050 0.283455
v -0.330451 0.007273 0.283729
v -0.338859 0.025569 0.281765
v -0.339732 0.013167 0.295210
v -0.336454 0.013691 0.283225
v -0.318093 0.013167 0.273571
v -0.329692 0.025569 0.272598
v -0.330000 0.013691 0.276771
v -0.270321 0.692242 0.241890
v -0.272068 0.667404 0.218864
v -0.297043 0.667404 0.243840
v -0.270554 0.688924 0.229679
v -0.283025 0.688924 0.242150
v -0.282724 0.685700 0.230460
v -0.284539 0.667404 0.222201
v -0.271195 0.679807 0.221227
v -0.283176 0.679282 0.224510
v -0.292834 0.679807 0.242866
v -0.293707 0.667404 0.231369
v -0.289630 0.679282 0.230964
v -0.288946 0.000731 0.326209
v -0.262223 0.025569 0.324259
v -0.287198 0.025569 0.349234
v -0.276241 0.004050 0.325948
v -0.288712 0.004050 0.338420
v -0.276542 0.007273 0.337639
v -0.265560 0.025569 0.336730
v -0.266432 0.013167 0.325232
v -0.269636 0.013691 0.337135
v -0.288071 0.013167 0.346871
v -0.274727 0.025569 0.345897
v -0.276091 0.013691 0.343589
v -0.240298 0.692242 0.271912
v -0.242046 0.667404 0.298837
v -0.217070 0.667404 0.273862
v -0.240532 0.688924 0.284644
v -0.228060 0.688924 0.272172
v -0.228815 0.685700 0.284369
v -0.229574 0.667404 0.295501
v -0.241173 0.679807 0.294527
v -0.229266 0.679282 0.291327
v -0.219534 0.679807 0.272888
v -0.220407 0.667404 0.286333
v -0.222812 0.679282 0.284873
v -0.288946 0.000731 0.296187
v -0.287198 0.025569 0.269261
v -0.262223 0.025569 0.294236
v -0.288712 0.004050 0.283455
v -0.276241 0.004050 0.295926
v -0.276542 0.007273 0.283730
v -0.274727 0.025569 0.272598
v -0.288071 0.013167 0.273572
v -0.276091 0.013691 0.276771
v -0.266432 0.013167 0.295210
v -0.265560 0.025569 0.281765
v -0.269636 0.013691 0.283226
v -0.240298 0.692242 0.241890
v -0.217070 0.667404 0.243840
v -0.242046 0.667404 0.218864
v -0.228060 0.688924 0.242150
v -0.240532 0.688924 0.229679
v -0.228815 0.685700 0.230460
v -0.220407 0.667404 0.231369
v -0.219534 0.679807 0.242866
v -0.222812 0.679282 0.230964
v -0.241173 0.679807 0.221227
v -0.229574 0.667404 0.222201
v -0.229266 0.679282 0.224510
v 0.291650 0.000433 0.328119
v 0.289986 0.025271 0.351078
v 0.265010 0.025271 0.326103
v 0.291428 0.003752 0.340321
v 0.278956 0.003752 0.327850
v 0.279268 0.006975 0.339532
v 0.277515 0.025271 0.347742
v 0.290817 0.012869 0.348748
v 0.278838 0.013394 0.345465
v 0.269178 0.012869 0.327110
v 0.268347 0.025271 0.338574
v 0.272384 0.013394 0.339011
v 0.246915 0.668173 0.298899
v 0.245251 0.693011 0.271908
v 0.221940 0.668173 0.273924
v 0.246084 0.680576 0.294556
v 0.234444 0.668173 0.295562
v 0.234176 0.680051 0.291357
v 0.233002 0.689693 0.272177
v 0.245473 0.689693 0.284648
v 0.233746 0.686469 0.284382
v 0.225276 0.668173 0.286395
v 0.224445 0.680576 0.272917
v 0.227722 0.680051 0.284903
v 0.291650 0.000433 0.298070
v 0.265010 0.025271 0.296054
v 0.289986 0.025271 0.271078
v 0.278956 0.003752 0.297800
v 0.291428 0.003752 0.285329
v 0.279268 0.006975 0.285595
v 0.268347 0.025271 0.283582
v 0.269178 0.012869 0.297060
v 0.272384 0.013394 0.285074
v 0.290817 0.012869 0.275422
v 0.277515 0.025271 0.274415
v 0.278838 0.013394 0.278620
v 0.245251 0.693011 0.241858
v 0.246915 0.668173 0.218899
v 0.221940 0.668173 0.243874
v 0.245473 0.689693 0.229656
v 0.233002 0.689693 0.242128
v 0.233746 0.686469 0.230446
v 0.234444 0.668173 0.222236
v 0.246084 0.680576 0.221229
v 0.234176 0.680051 0.224513
v 0.224445 0.680576 0.242868
v 0.225276 0.668173 0.231403
v 0.227722 0.680051 0.230967
v 0.321699 0.000433 0.328119
v 0.345011 0.025271 0.326103
v 0.320035 0.025271 0.351078
v 0.333948 0.003752 0.327850
v 0.321477 0.003752 0.340321
v 0.333204 0.006975 0.339532
v 0.341674 0.025271 0.338574
v 0.342505 0.012869 0.327110
v 0.339229 0.013394 0.339011
v 0.320866 0.012869 0.348748
v 0.332506 0.025271 0.347742
v 0.332774 0.013394 0.345465
v 0.275300 0.693011 0.271908
v 0.276964 0.668173 0.298899
v 0.301940 0.668173 0.273924
v 0.275523 0.689693 0.284648
v 0.287994 0.689693 0.272177
v 0.287682 0.686469 0.284382
v 0.289436 0.668173 0.295562
v 0.276133 0.680576 0.294556
v 0.288112 0.680051 0.291357
v 0.297772 0.680576 0.272917
v 0.298603 0.668173 0.286395
v 0.294566 0.680051 0.284903
v 0.321699 0.000433 0.298070
v 0.320035 0.025271 0.271078
v 0.345011 0.025271 0.296054
v 0.321477 0.003752 0.285329
v 0.333948 0.003752 0.297800
v 0.333204 0.006975 0.285595
v 0.332506 0.025271 0.274415
v 0.320866 0.012869 0.275422
v 0.332774 0.013394 0.278620
v 0.342505 0.012869 0.297060
v 0.341674 0.025271 0.283582
v 0.339229 0.013394 0.285074
v 0.275300 0.693011 0.241858
v 0.301940 0.668173 0.243874
v 0.276964 0.668173 0.218899
v 0.287994 0.689693 0.242128
v 0.275523 0.689693 0.229656
v 0.287682 0.686469 0.230446
v 0.298603 0.668173 0.231403
v 0.297772 0.680576 0.242868
v 0.294566 0.680051 0.230967
v 0.276133 0.680576 0.221229
v 0.289436 0.668173 0.222236
v 0.288112 0.680051 0.224513
v 0.291766 0.000368 -0.296179
v 0.290104 0.025223 -0.269398
v 0.265128 0.025223 -0.294373
v 0.291544 0.003689 -0.283467
v 0.279072 0.003689 -0.295938
v 0.279384 0.006914 -0.283760
v 0.277632 0.025223 -0.272735
v 0.290934 0.012812 -0.273636
v 0.278955 0.013337 -0.276839
v 0.269295 0.012812 -0.295275
v 0.268465 0.025223 -0.281902
v 0.272501 0.013337 -0.283293
v 0.247183 0.667114 -0.222754
v 0.245521 0.691968 -0.245923
v 0.222208 0.667114 -0.247729
v 0.246353 0.679525 -0.225188
v 0.234712 0.667114 -0.226090
v 0.234445 0.678999 -0.228468
v 0.233272 0.688648 -0.246164
v 0.245743 0.688648 -0.233693
v 0.234015 0.685422 -0.234455
v 0.225544 0.667114 -0.235258
v 0.224714 0.679525 -0.246827
v 0.227991 0.678999 -0.234922
v 0.291766 0.000368 -0.326229
v 0.265128 0.025223 -0.324423
v 0.290104 0.025223 -0.349398
v 0.279072 0.003689 -0.325987
v 0.291544 0.003689 -0.338459
v 0.279384 0.006914 -0.337696
v 0.268465 0.025223 -0.336894
v 0.269295 0.012812 -0.325324
v 0.272501 0.013337 -0.337230
v 0.290934 0.012812 -0.346963
v 0.277632 0.025223 -0.346061
v 0.278955 0.013337 -0.343684
v 0.245521 0.691968 -0.275972
v 0.247183 0.667114 -0.302754
v 0.222208 0.667114 -0.277778
v 0.245743 0.688648 -0.288685
v 0.233272 0.688648 -0.276213
v 0.234015 0.685422 -0.288391
v 0.234712 0.667114 -0.299417
v 0.246353 0.679525 -0.298515
v 0.234445 0.678999 -0.295312
v 0.224714 0.679525 -0.276876
v 0.225544 0.667114 -0.290250
v 0.227991 0.678999 -0.288858
v 0.321815 0.000368 -0.296179
v 0.345128 0.025223 -0.294373
v 0.320153 0.025223 -0.269398
v 0.334064 0.003689 -0.295938
v 0.321593 0.003689 -0.283467
v 0.333321 0.006914 -0.283760
v 0.341792 0.025223 -0.281902
v 0.342622 0.012812 -0.295275
v 0.339345 0.013337 -0.283293
v 0.320983 0.012812 -0.273636
v 0.332624 0.025223 -0.272734
v 0.332891 0.013337 -0.276839
v 0.275570 0.691968 -0.245923
v 0.277232 0.667114 -0.222754
v 0.302208 0.667114 -0.247729
v 0.275792 0.688648 -0.233693
v 0.288264 0.688648 -0.246164
v 0.287952 0.685422 -0.234455
v 0.289704 0.667114 -0.226090
v 0.276402 0.679525 -0.225188
v 0.288381 0.678999 -0.228468
v 0.298041 0.679525 -0.246827
v 0.298871 0.667114 -0.235258
v 0.294835 0.678999 -0.234922
v 0.321815 0.000368 -0.326229
v 0.320153 0.025223 -0.349398
v 0.345128 0.025223 -0.324423
v 0.321593 0.003689 -0.338459
v 0.334064 0.003689 -0.325987
v 0.333321 0.006914 -0.337697
v 0.332624 0.025223 -0.346061
v 0.320983 0.012812 -0.346963
v 0.332891 0.013337 -0.343684
v 0.342622 0.012812 -0.325324
v 0.341792 0.025223 -0.336894
v 0.339345 0.013337 -0.337230
v 0.275570 0.691968 -0.275972
v 0.302208 0.667114 -0.277778
v 0.277232 0.667114 -0.302754
v 0.288264 0.688648 -0.276213
v 0.275792 0.688648 -0.288685
v 0.287952 0.685422 -0.288391
v 0.298871 0.667114 -0.290250
v 0.298041 0.679525 -0.276876
v 0.294835 0.678999 -0.288858
v 0.276402 0.679525 -0.298515
v 0.289704 0.667114 -0.299417
v 0.288381 0.678999 -0.295312
v -0.319080 0.001196 -0.296109
v -0.317322 0.026044 -0.269323
v -0.342297 0.026044 -0.294298
v -0.318845 0.004516 -0.283396
v -0.331316 0.004516 -0.295867
v -0.330560 0.007740 -0.283689
v -0.329793 0.026044 -0.272660
v -0.318200 0.013636 -0.273564
v -0.330106 0.014161 -0.276767
v -0.339838 0.013636 -0.295203
v -0.338961 0.026044 -0.281827
v -0.336560 0.014161 -0.283221
v -0.271957 0.667216 -0.222598
v -0.270199 0.692063 -0.245763
v -0.296933 0.667216 -0.247574
v -0.271079 0.679623 -0.225031
v -0.284429 0.667216 -0.225935
v -0.283060 0.679098 -0.228310
v -0.282905 0.688744 -0.246005
v -0.270434 0.688744 -0.233534
v -0.282606 0.685519 -0.234297
v -0.293596 0.667216 -0.235103
v -0.292718 0.679623 -0.246670
v -0.289514 0.679098 -0.234764
v -0.319080 0.001196 -0.326159
v -0.342297 0.026044 -0.324348
v -0.317322 0.026044 -0.349323
v -0.331316 0.004516 -0.325917
v -0.318845 0.004516 -0.338388
v -0.330560 0.007740 -0.337625
v -0.338961 0.026044 -0.336819
v -0.339838 0.013636 -0.325252
v -0.336560 0.014161 -0.337157
v -0.318200 0.013636 -0.346891
v -0.329793 0.026044 -0.345987
v -0.330106 0.014161 -0.343611
v -0.270199 0.692063 -0.275812
v -0.271957 0.667216 -0.302599
v -0.296933 0.667216 -0.277623
v -0.270434 0.688744 -0.288526
v -0.282905 0.688744 -0.276054
v -0.282606 0.685519 -0.288233
v -0.284429 0.667216 -0.299262
v -0.271079 0.679623 -0.298358
v -0.283060 0.679098 -0.295155
v -0.292718 0.679623 -0.276719
v -0.293596 0.667216 -0.290094
v -0.289514 0.679098 -0.288701
v -0.289031 0.001196 -0.296109
v -0.262297 0.026044 -0.294298
v -0.287273 0.026044 -0.269323
v -0.276324 0.004516 -0.295867
v -0.288796 0.004516 -0.283396
v -0.276624 0.007740 -0.283689
v -0.265634 0.026044 -0.281827
v -0.266512 0.013636 -0.295203
v -0.269716 0.014161 -0.283221
v -0.288150 0.013636 -0.273564
v -0.274801 0.026044 -0.272660
v -0.276170 0.014161 -0.276767
v -0.240150 0.692063 -0.245763
v -0.241908 0.667216 -0.222598
v -0.216933 0.667216 -0.247574
v -0.240385 0.688744 -0.233534
v -0.227913 0.688744 -0.246005
v -0.228669 0.685519 -0.234297
v -0.229437 0.667216 -0.225935
v -0.241030 0.679623 -0.225031
v -0.229124 0.679098 -0.228310
v -0.219391 0.679623 -0.246670
v -0.220269 0.667216 -0.235103
v -0.222670 0.679098 -0.234764
v -0.289031 0.001196 -0.326159
v -0.287273 0.026044 -0.349323
v -0.262297 0.026044 -0.324348
v -0.288796 0.004516 -0.338388
v -0.276324 0.004516 -0.325917
v -0.276624 0.007740 -0.337625
v -0.274801 0.026044 -0.345987
v -0.288150 0.013636 -0.346891
v -0.276170 0.014161 -0.343611
v -0.266512 0.013636 -0.325252
v -0.265634 0.026044 -0.336819
v -0.269716 0.014161 -0.337157
v -0.240150 0.692063 -0.275812
v -0.216933 0.667216 -0.277623
v -0.241908 0.667216 -0.302599
v -0.227913 0.688744 -0.276054
v -0.240385 0.688744 -0.288526
v -0.228669 0.685519 -0.288233
v -0.220269 0.667216 -0.290094
v -0.219391 0.679623 -0.276719
v -0.222670 0.679098 -0.288701
v -0.241030 0.679623 -0.298358
v -0.229437 0.667216 -0.299262
v -0.229124 0.679098 -0.295155
vn 0.0981 -0.0000 0.9952
vn -0.0000 -1.0000 -0.0000
vn -0.7734 -0.0000 -0.6339
vn 0.9570 -0.0000 0.2901
vn -0.6347 -0.0000 -0.7728
vn 0.8823 -0.0000 0.4707
vn -0.4712 -0.0000 -0.8820
vn 0.7734 -0.0000 0.6339
vn -0.2904 -0.0000 -0.9569
vn -0.0000 1.0000 -0.0000
vn 0.6347 -0.0000 0.7728
vn -0.0981 -0.0000 -0.9952
vn -0.4712 -0.0000 0.8820
vn 0.4724 -0.0000 0.8814
vn 0.0981 -0.0000 -0.9952
vn -0.6347 -0.0000 0.7728
vn 0.2904 -0.0000 0.9569
vn 0.2904 -0.0000 -0.9569
vn -0.7728 -0.0000 0.6347
vn 0.4712 -0.0000 -0.8820
vn -0.8823 -0.0000 0.4707
vn -0.2904 -0.0000 0.9569
vn 0.6347 -0.0000 -0.7728
vn -0.9570 -0.0000 0.2901
vn 0.7728 -0.0000 -0.6347
vn -0.9952 -0.0000 0.0977
vn 0.8816 -0.0000 -0.4720
vn -0.9952 -0.0000 -0.0981
vn 0.9570 -0.0000 -0.2901
vn -0.9570 -0.0000 -0.2901
vn 0.9952 -0.0000 -0.0980
vn -0.8816 -0.0000 -0.4720
vn 0.9805 0.0261 0.1947
vn 0.9997 -0.0261 0.0001
vn 0.9997 0.0261 0.0001
vn -0.0000 -0.0250 0.9997
vn 0.9997 -0.0249 -0.0000
vn -0.9997 -0.0249 -0.0000
vn -0.0000 -0.0250 -0.9997
vn -0.0000 0.0783 0.9969
vn 0.9975 -0.0702 -0.0000
vn -0.9975 0.0702 -0.0000
vn -0.0000 -0.0783 -0.9969
vn -0.0000 0.0809 0.9967
vn 0.9978 0.0668 -0.0000
vn -0.9978 -0.0668 -0.0000
vn -0.0000 -0.0809 -0.9967
vn -0.0000 -0.0725 0.9974
vn 0.9978 0.0667 -0.0000
vn -0.9978 -0.0667 -0.0000
vn -0.0000 0.0725 -0.9974
vn -0.0000 -0.0727 0.9974
vn 0.9975 -0.0706 -0.0000
vn -0.9975 0.0706 -0.0000
vn -0.0000 0.0727 -0.9974
vn -0.4264 -0.8446 0.3238
vn -0.2875 -0.5421 0.7896
vn -0.2865 -0.1404 0.9477
vn -0.7064 -0.0437 0.7064
vn -0.9477 -0.1404 0.2865
vn -0.8217 -0.5160 0.2420
vn -0.6544 -0.3788 0.6544
vn -0.3871 0.0037 0.9220
vn -0.3723 0.4607 0.8057
vn -0.3808 0.8492 0.3658
vn -0.8057 0.4607 0.3723
vn -0.9220 0.0037 0.3871
vn -0.7062 -0.0493 0.7063
vn -0.6786 0.2811 0.6786
vn -0.9220 -0.0037 -0.3871
vn -0.7062 0.0493 -0.7063
vn -0.3871 -0.0037 -0.9220
vn -0.3723 -0.4607 -0.8057
vn -0.3808 -0.8492 -0.3658
vn -0.8057 -0.4607 -0.3723
vn -0.6786 -0.2811 -0.6786
vn -0.4264 0.8446 -0.3238
vn -0.2875 0.5421 -0.7896
vn -0.2865 0.1404 -0.9477
vn -0.7064 0.0437 -0.7064
vn -0.9477 0.1404 -0.2865
vn -0.8217 0.5160 -0.2420
vn -0.6544 0.3788 -0.6544
vn 0.9220 -0.0037 0.3871
vn 0.7062 0.0493 0.7063
vn 0.3871 -0.0037 0.9220
vn 0.3723 -0.4607 0.8057
vn 0.3808 -0.8492 0.3658
vn 0.8057 -0.4607 0.3723
vn 0.6786 -0.2811 0.6786
vn 0.4264 0.8446 0.3238
vn 0.2875 0.5421 0.7896
vn 0.2865 0.1404 0.9477
vn 0.7064 0.0437 0.7064
vn 0.9477 0.1404 0.2865
vn 0.8217 0.5160 0.2420
vn 0.6544 0.3788 0.6544
vn 0.3871 -0.0037 -0.9220
vn 0.7063 0.0493 -0.7062
vn 0.9220 -0.0037 -0.3871
vn 0.8057 -0.4607 -0.3723
vn 0.3658 -0.8492 -0.3808
vn 0.3723 -0.4607 -0.8057
vn 0.6786 -0.2811 -0.6786
vn 0.3238 0.8446 -0.4264
vn 0.7896 0.5421 -0.2875
vn 0.9477 0.1404 -0.2865
vn 0.7064 0.0437 -0.7064
vn 0.2865 0.1404 -0.9477
vn 0.2420 0.5160 -0.8217
vn 0.6544 0.3788 -0.6544
vn 0.8223 -0.5160 0.2401
vn 0.5838 -0.7178 0.3794
vn 0.1751 -0.9689 0.1750
vn 0.4713 -0.8784 0.0797
vn 0.2401 -0.5160 0.8223
vn 0.5830 -0.5659 0.5830
vn 0.4667 -0.7512 0.4667
vn 0.8223 -0.5160 -0.2401
vn 0.5830 -0.5659 -0.5830
vn 0.2401 -0.5160 -0.8223
vn 0.3794 -0.7178 -0.5838
vn 0.1750 -0.9689 -0.1751
vn 0.0797 -0.8784 -0.4713
vn 0.4667 -0.7513 -0.4667
vn -0.2401 -0.5160 0.8223
vn -0.3794 -0.7178 0.5838
vn -0.1750 -0.9689 0.1751
vn -0.0797 -0.8784 0.4713
vn -0.8223 -0.5160 0.2401
vn -0.5830 -0.5659 0.5830
vn -0.4667 -0.7513 0.4667
vn -0.8223 -0.5160 -0.2401
vn -0.5838 -0.7178 -0.3794
vn -0.1751 -0.9689 -0.1750
vn -0.4713 -0.8784 -0.0797
vn -0.2401 -0.5160 -0.8223
vn -0.5830 -0.5659 -0.5830
vn -0.4667 -0.7513 -0.4667
vn 0.8292 0.4949 -0.2597
vn 0.5730 0.7122 -0.4055
vn 0.1802 0.9670 -0.1802
vn 0.4900 0.8696 -0.0608
vn 0.2598 0.4950 -0.8292
vn 0.5962 0.5376 -0.5962
vn 0.4763 0.7391 -0.4763
vn 0.8292 0.4949 0.2598
vn 0.5962 0.5376 0.5962
vn 0.2598 0.4949 0.8292
vn 0.4055 0.7122 0.5730
vn 0.1802 0.9670 0.1802
vn 0.0609 0.8696 0.4900
vn 0.4763 0.7391 0.4763
vn -0.2598 0.4950 0.8292
vn -0.5962 0.5376 0.5962
vn -0.8292 0.4949 0.2598
vn -0.5730 0.7122 0.4055
vn -0.1802 0.9670 0.1802
vn -0.4900 0.8696 0.0608
vn -0.4763 0.7391 0.4763
vn -0.8292 0.4949 -0.2597
vn -0.5962 0.5376 -0.5962
vn -0.2598 0.4949 -0.8292
vn -0.4055 0.7122 -0.5730
vn -0.1802 0.9670 -0.1802
vn -0.0609 0.8696 -0.4900
vn -0.4763 0.7391 -0.4763
vn -0.2572 -0.9272 0.2722
vn -0.2278 -0.6533 0.7220
vn -0.2550 -0.1636 0.9530
vn -0.7021 -0.1183 0.7021
vn -0.9521 -0.1692 0.2547
vn -0.7201 -0.6556 0.2272
vn -0.6048 -0.5181 0.6048
vn -0.2425 0.3463 0.9063
vn -0.2070 0.7258 0.6561
vn -0.2407 0.9403 0.2407
vn -0.6578 0.7240 0.2076
vn -0.9087 0.3286 0.2573
vn -0.6716 0.3131 0.6716
vn -0.5478 0.6324 0.5478
vn -0.2486 -0.9362 -0.2485
vn -0.7034 -0.6752 -0.2220
vn -0.9411 -0.2079 -0.2665
vn -0.6891 -0.2243 -0.6891
vn -0.2463 -0.3027 -0.9207
vn -0.2114 -0.7115 -0.6701
vn -0.5747 -0.5826 -0.5747
vn -0.2495 0.9357 -0.2495
vn -0.2231 0.6711 -0.7070
vn -0.2671 0.1984 -0.9430
vn -0.6908 0.2135 -0.6908
vn -0.9233 0.2940 -0.2470
vn -0.6735 0.7079 -0.2125
vn -0.5779 0.5763 -0.5779
vn 0.2495 -0.9357 0.2495
vn 0.6735 -0.7080 0.2125
vn 0.9233 -0.2940 0.2470
vn 0.6908 -0.2136 0.6908
vn 0.2526 -0.2125 0.9440
vn 0.2231 -0.6711 0.7070
vn 0.5779 -0.5763 0.5779
vn 0.2486 0.9362 0.2486
vn 0.2115 0.7115 0.6701
vn 0.2463 0.3027 0.9207
vn 0.6891 0.2243 0.6891
vn 0.9420 0.2218 0.2520
vn 0.7034 0.6753 0.2220
vn 0.5747 0.5826 0.5747
vn 0.2407 -0.9403 -0.2407
vn 0.2070 -0.7258 -0.6561
vn 0.2569 -0.3333 -0.9071
vn 0.6716 -0.3131 -0.6716
vn 0.9079 -0.3415 -0.2429
vn 0.6578 -0.7240 -0.2076
vn 0.5478 -0.6324 -0.5478
vn 0.2722 0.9272 -0.2572
vn 0.7201 0.6556 -0.2272
vn 0.9521 0.1692 -0.2547
vn 0.7021 0.1183 -0.7021
vn 0.2550 0.1636 -0.9530
vn 0.2278 0.6533 -0.7220
vn 0.6048 0.5181 -0.6048
vn -0.2499 -0.9355 0.2499
vn -0.2235 -0.6697 0.7083
vn -0.2672 -0.1952 0.9437
vn -0.6914 -0.2096 0.6914
vn -0.9244 -0.2905 0.2473
vn -0.6749 -0.7065 0.2130
vn -0.5790 -0.5740 0.5790
vn -0.2461 0.3056 0.9198
vn -0.2111 0.7127 0.6689
vn -0.2482 0.9364 0.2482
vn -0.7020 0.6768 0.2215
vn -0.9404 0.2116 0.2663
vn -0.6884 0.2282 0.6884
vn -0.5736 0.5848 0.5736
vn -0.2407 -0.9403 -0.2407
vn -0.6586 -0.7232 -0.2078
vn -0.9094 -0.3265 -0.2575
vn -0.6717 -0.3126 -0.6717
vn -0.2423 -0.3477 -0.9058
vn -0.2069 -0.7263 -0.6556
vn -0.5479 -0.6321 -0.5479
vn -0.2572 0.9272 -0.2722
vn -0.2280 0.6526 -0.7226
vn -0.2550 0.1620 -0.9533
vn -0.7021 0.1188 -0.7021
vn -0.9517 0.1716 -0.2546
vn -0.7193 0.6566 -0.2270
vn -0.6047 0.5184 -0.6047
vn 0.2722 -0.9273 0.2571
vn 0.7193 -0.6566 0.2270
vn 0.9517 -0.1716 0.2546
vn 0.7021 -0.1188 0.7021
vn 0.2550 -0.1620 0.9533
vn 0.2280 -0.6526 0.7226
vn 0.6047 -0.5184 0.6047
vn 0.2407 0.9403 0.2407
vn 0.2069 0.7263 0.6556
vn 0.2568 0.3347 0.9067
vn 0.6717 0.3126 0.6717
vn 0.9087 0.3394 0.2431
vn 0.6586 0.7232 0.2078
vn 0.5479 0.6321 0.5479
vn 0.2482 -0.9364 -0.2482
vn 0.2111 -0.7127 -0.6689
vn 0.2461 -0.3056 -0.9198
vn 0.6884 -0.2282 -0.6884
vn 0.9412 -0.2254 -0.2518
vn 0.7020 -0.6768 -0.2215
vn 0.5736 -0.5849 -0.5736
vn 0.2498 0.9355 -0.2499
vn 0.6749 0.7065 -0.2130
vn 0.9244 0.2905 -0.2473
vn 0.6914 0.2096 -0.6914
vn 0.2527 0.2092 -0.9446
vn 0.2235 0.6697 -0.7083
vn 0.5790 0.5740 -0.5790
vn -0.2413 -0.9400 0.2413
vn -0.2078 -0.7234 0.6584
vn -0.2574 -0.3277 0.9090
vn -0.6729 -0.3073 0.6729
vn -0.9094 -0.3373 0.2433
vn -0.6597 -0.7221 0.2082
vn -0.5497 -0.6291 0.5497
vn -0.2547 0.1697 0.9520
vn -0.2272 0.6559 0.7199
vn -0.2718 0.9275 0.2567
vn -0.7185 0.6575 0.2267
vn -0.9513 0.1737 0.2545
vn -0.7016 0.1246 0.7016
vn -0.6032 0.5219 0.6032
vn -0.2495 -0.9357 -0.2495
vn -0.6743 -0.7072 -0.2128
vn -0.9239 -0.2922 -0.2472
vn -0.6906 -0.2150 -0.6906
vn -0.2523 -0.2167 -0.9431
vn -0.2227 -0.6727 -0.7056
vn -0.5775 -0.5770 -0.5775
vn -0.2488 0.9360 -0.2488
vn -0.2120 0.7097 -0.6718
vn -0.2467 0.2984 -0.9220
vn -0.6894 0.2226 -0.6894
vn -0.9416 0.2233 -0.2519
vn -0.7031 0.6756 -0.2219
vn -0.5753 0.5814 -0.5753
vn 0.2488 -0.9360 0.2488
vn 0.7031 -0.6756 0.2219
vn 0.9408 -0.2094 0.2664
vn 0.6894 -0.2226 0.6894
vn 0.2467 -0.2984 0.9220
vn 0.2120 -0.7097 0.6718
vn 0.5753 -0.5814 0.5753
vn 0.2495 0.9357 0.2495
vn 0.2227 0.6727 0.7056
vn 0.2668 0.2027 0.9422
vn 0.6906 0.2150 0.6906
vn 0.9239 0.2922 0.2472
vn 0.6743 0.7072 0.2128
vn 0.5775 0.5770 0.5775
vn 0.2568 -0.9275 -0.2718
vn 0.2272 -0.6559 -0.7199
vn 0.2547 -0.1697 -0.9520
vn 0.7016 -0.1246 -0.7016
vn 0.9513 -0.1737 -0.2545
vn 0.7185 -0.6575 -0.2267
vn 0.6032 -0.5219 -0.6032
vn 0.2413 0.9400 -0.2413
vn 0.6597 0.7221 -0.2082
vn 0.9102 0.3243 -0.2577
vn 0.6729 0.3073 -0.6729
vn 0.2430 0.3407 -0.9082
vn 0.2078 0.7234 -0.6584
vn 0.5497 0.6291 -0.5497
vn -0.2490 -0.9360 0.2490
vn -0.2121 -0.7095 0.6721
vn -0.2467 -0.2977 0.9222
vn -0.6897 -0.2202 0.6897
vn -0.9424 -0.2199 0.2521
vn -0.7043 -0.6743 0.2222
vn -0.5760 -0.5801 0.5760
vn -0.2523 0.2175 0.9429
vn -0.2225 0.6732 0.7052
vn -0.2492 0.9358 0.2492
vn -0.6729 0.7086 0.2124
vn -0.9229 0.2955 0.2469
vn -0.6902 0.2175 0.6902
vn -0.5768 0.5785 0.5768
vn -0.2720 -0.9274 -0.2569
vn -0.7198 -0.6560 -0.2271
vn -0.9519 -0.1701 -0.2547
vn -0.7018 -0.1218 -0.7018
vn -0.2548 -0.1687 -0.9522
vn -0.2273 -0.6554 -0.7203
vn -0.6039 -0.5203 -0.6039
vn -0.2410 0.9401 -0.2410
vn -0.2076 0.7239 -0.6579
vn -0.2573 0.3288 -0.9087
vn -0.6723 0.3098 -0.6723
vn -0.9083 0.3405 -0.2430
vn -0.6583 0.7235 -0.2078
vn -0.5488 0.6305 -0.5488
vn 0.2410 -0.9401 0.2410
vn 0.6584 -0.7235 0.2077
vn 0.9091 -0.3275 0.2574
vn 0.6723 -0.3098 0.6723
vn 0.2429 -0.3418 0.9079
vn 0.2076 -0.7239 0.6579
vn 0.5489 -0.6305 0.5488
vn 0.2570 0.9274 0.2720
vn 0.2273 0.6554 0.7203
vn 0.2548 0.1686 0.9522
vn 0.7018 0.1218 0.7018
vn 0.9519 0.1701 0.2547
vn 0.7198 0.6560 0.2271
vn 0.6039 0.5203 0.6039
vn 0.2492 -0.9358 -0.2492
vn 0.2225 -0.6732 -0.7052
vn 0.2668 -0.2036 -0.9420
vn 0.6902 -0.2174 -0.6902
vn 0.9229 -0.2955 -0.2469
vn 0.6730 -0.7086 -0.2124
vn 0.5768 -0.5785 -0.5768
vn 0.2490 0.9360 -0.2490
vn 0.7043 0.6743 -0.2222
vn 0.9415 0.2060 -0.2666
vn 0.6897 0.2202 -0.6897
vn 0.2467 0.2977 -0.9222
vn 0.2121 0.7095 -0.6721
vn 0.5759 0.5801 -0.5760
vn -0.0981 0.0523 0.9938
vn -0.0964 0.1918 0.9767
vn -0.0793 0.5893 0.8040
vn -0.2904 0.0523 0.9555
vn -0.2854 0.1918 0.9390
vn -0.2350 0.5892 0.7731
vn -0.4715 0.0522 0.8803
vn -0.4634 0.1916 0.8652
vn -0.3816 0.5889 0.7124
vn -0.6343 0.0522 0.7713
vn -0.6234 0.1915 0.7581
vn -0.5134 0.5887 0.6244
vn -0.7726 0.0522 0.6328
vn -0.7593 0.1914 0.6219
vn -0.6256 0.5884 0.5124
vn -0.8811 0.0521 0.4700
vn -0.8660 0.1912 0.4620
vn -0.7136 0.5881 0.3807
vn -0.9558 0.0521 0.2893
vn -0.9395 0.1912 0.2844
vn -0.7742 0.5879 0.2344
vn -0.9939 0.0521 0.0977
vn -0.9769 0.1911 0.0960
vn -0.8051 0.5878 0.0791
vn -0.9939 0.0521 -0.0977
vn -0.9769 0.1911 -0.0960
vn -0.8051 0.5879 -0.0791
vn -0.9558 0.0521 -0.2893
vn -0.9394 0.1912 -0.2844
vn -0.7742 0.5880 -0.2344
vn -0.8811 0.0522 -0.4700
vn -0.8660 0.1913 -0.4619
vn -0.7135 0.5883 -0.3806
vn -0.6256 0.5884 -0.5124
vn -0.7593 0.1914 -0.6219
vn -0.7726 0.0522 -0.6328
vn -0.6343 0.0522 -0.7713
vn -0.6234 0.1916 -0.7581
vn -0.5134 0.5889 -0.6243
vn -0.3816 0.5889 -0.7124
vn -0.4634 0.1916 -0.8652
vn -0.4715 0.0523 -0.8803
vn -0.2904 0.0523 -0.9555
vn -0.2854 0.1918 -0.9390
vn -0.2350 0.5893 -0.7730
vn -0.0981 0.0523 -0.9938
vn -0.0964 0.1919 -0.9767
vn -0.0793 0.5894 -0.8040
vn 0.0981 0.0523 -0.9938
vn 0.0964 0.1918 -0.9767
vn 0.0793 0.5893 -0.8040
vn 0.2904 0.0523 -0.9555
vn 0.2854 0.1918 -0.9390
vn 0.2350 0.5892 -0.7731
vn 0.4715 0.0522 -0.8803
vn 0.4634 0.1916 -0.8652
vn 0.3816 0.5889 -0.7124
vn 0.6343 0.0522 -0.7713
vn 0.6234 0.1915 -0.7581
vn 0.5134 0.5887 -0.6244
vn 0.7726 0.0522 -0.6328
vn 0.7593 0.1914 -0.6219
vn 0.6256 0.5884 -0.5124
vn 0.8811 0.0521 -0.4700
vn 0.8660 0.1912 -0.4620
vn 0.7136 0.5881 -0.3807
vn 0.9558 0.0521 -0.2893
vn 0.9395 0.1911 -0.2844
vn 0.7742 0.5879 -0.2344
vn 0.9939 0.0521 -0.0977
vn 0.9769 0.1911 -0.0960
vn 0.8051 0.5878 -0.0791
vn 0.8051 0.5878 0.0791
vn 0.9769 0.1911 0.0960
vn 0.9735 0.1220 0.1933
vn 0.9925 0.1219 -0.0000
vn 0.9558 0.0521 0.2893
vn 0.9394 0.1912 0.2844
vn 0.7742 0.5880 0.2343
vn 0.8811 0.0522 0.4700
vn 0.8660 0.1913 0.4619
vn 0.7135 0.5883 0.3806
vn 0.7726 0.0522 0.6327
vn 0.7593 0.1914 0.6219
vn 0.6255 0.5885 0.5122
vn 0.6343 0.0522 0.7713
vn 0.6234 0.1916 0.7581
vn 0.5134 0.5889 0.6243
vn 0.4715 0.0523 0.8803
vn 0.4634 0.1917 0.8652
vn 0.3815 0.5891 0.7123
vn 0.2904 0.0523 0.9555
vn 0.2854 0.1918 0.9390
vn 0.2350 0.5893 0.7730
vn 0.0981 0.0523 0.9938
vn 0.0964 0.1919 0.9767
vn 0.0793 0.5894 0.8040
vn -0.0793 -0.5893 0.8040
vn -0.0964 -0.1918 0.9767
vn -0.0981 -0.0523 0.9938
vn -0.2350 -0.5892 0.7731
vn -0.2854 -0.1918 0.9390
vn -0.2904 -0.0523 0.9555
vn -0.3816 -0.5889 0.7124
vn -0.4634 -0.1916 0.8652
vn -0.4715 -0.0522 0.8803
vn -0.5134 -0.5886 0.6244
vn -0.6234 -0.1915 0.7581
vn -0.6343 -0.0522 0.7713
vn -0.6256 -0.5884 0.5124
vn -0.7593 -0.1914 0.6219
vn -0.7726 -0.0522 0.6327
vn -0.7136 -0.5881 0.3807
vn -0.8660 -0.1912 0.4620
vn -0.8811 -0.0521 0.4700
vn -0.7742 -0.5879 0.2344
vn -0.9395 -0.1911 0.2844
vn -0.9558 -0.0521 0.2893
vn -0.8051 -0.5878 0.0791
vn -0.9769 -0.1911 0.0960
vn -0.9939 -0.0521 0.0977
vn -0.8051 -0.5879 -0.0791
vn -0.9769 -0.1911 -0.0960
vn -0.9939 -0.0521 -0.0977
vn -0.7742 -0.5880 -0.2344
vn -0.9394 -0.1912 -0.2844
vn -0.9558 -0.0521 -0.2893
vn -0.7135 -0.5883 -0.3806
vn -0.8660 -0.1913 -0.4619
vn -0.8811 -0.0522 -0.4700
vn -0.7726 -0.0522 -0.6328
vn -0.7593 -0.1914 -0.6219
vn -0.6256 -0.5883 -0.5124
vn -0.5134 -0.5888 -0.6243
vn -0.6234 -0.1916 -0.7581
vn -0.6343 -0.0522 -0.7713
vn -0.4715 -0.0523 -0.8803
vn -0.4634 -0.1916 -0.8652
vn -0.3816 -0.5889 -0.7124
vn -0.2350 -0.5893 -0.7730
vn -0.2854 -0.1918 -0.9390
vn -0.2904 -0.0523 -0.9555
vn -0.0793 -0.5894 -0.8040
vn -0.0964 -0.1919 -0.9767
vn -0.0981 -0.0523 -0.9938
vn 0.0793 -0.5893 -0.8040
vn 0.0964 -0.1918 -0.9767
vn 0.0981 -0.0523 -0.9938
vn 0.2350 -0.5892 -0.7731
vn 0.2854 -0.1918 -0.9390
vn 0.2904 -0.0523 -0.9555
vn 0.3816 -0.5889 -0.7124
vn 0.4634 -0.1916 -0.8652
vn 0.4715 -0.0523 -0.8803
vn 0.5135 -0.5886 -0.6244
vn 0.6234 -0.1915 -0.7581
vn 0.6343 -0.0522 -0.7713
vn 0.6256 -0.5884 -0.5124
vn 0.7593 -0.1914 -0.6219
vn 0.7726 -0.0522 -0.6327
vn 0.7136 -0.5881 -0.3807
vn 0.8660 -0.1912 -0.4620
vn 0.8811 -0.0521 -0.4700
vn 0.7742 -0.5879 -0.2344
vn 0.9395 -0.1911 -0.2844
vn 0.9558 -0.0521 -0.2893
vn 0.8051 -0.5878 -0.0791
vn 0.9769 -0.1911 -0.0960
vn 0.9939 -0.0521 -0.0977
vn 0.9735 -0.1220 0.1933
vn 0.9925 -0.1219 -0.0000
vn 0.9009 -0.3956 0.1788
vn 0.9185 -0.3955 -0.0000
vn 0.8051 -0.5878 0.0791
vn 0.7742 -0.5880 0.2344
vn 0.9394 -0.1912 0.2844
vn 0.9558 -0.0521 0.2893
vn 0.7135 -0.5883 0.3806
vn 0.8660 -0.1913 0.4620
vn 0.8811 -0.0522 0.4700
vn 0.6255 -0.5885 0.5123
vn 0.7593 -0.1915 0.6219
vn 0.7726 -0.0522 0.6327
vn 0.5134 -0.5888 0.6243
vn 0.6234 -0.1916 0.7581
vn 0.6343 -0.0522 0.7713
vn 0.3815 -0.5891 0.7123
vn 0.4634 -0.1917 0.8652
vn 0.4715 -0.0523 0.8803
vn 0.2350 -0.5893 0.7730
vn 0.2854 -0.1918 0.9390
vn 0.2904 -0.0523 0.9555
vn 0.0794 -0.5894 0.8040
vn 0.0964 -0.1919 0.9767
vn 0.0981 -0.0523 0.9938
vn -0.3121 -0.9501 -0.0000
vn -0.8162 -0.5778 0.0024
vn -0.9967 -0.0816 -0.0000
vn -0.0000 1.0000 -0.0001
vn -0.3121 0.9500 -0.0000
vn -0.8162 0.5778 -0.0024
vn -0.9967 0.0816 -0.0000
vn -0.0000 -0.9500 -0.3121
vn -0.0000 -0.5773 -0.8165
vn -0.0000 -0.0816 -0.9967
vn -0.0000 0.9218 -0.3876
vn -0.0000 0.5814 -0.8137
vn -0.0000 0.2113 -0.9774
vn -0.0001 -1.0000 -0.0000
vn 0.3121 -0.9501 -0.0000
vn 0.8165 -0.5773 -0.0000
vn 0.9967 -0.0816 -0.0000
vn 0.3876 0.9218 -0.0000
vn 0.8136 0.5814 -0.0000
vn 0.9774 0.2113 -0.0000
vn -0.0015 -0.9217 0.3878
vn -0.0025 -0.5809 0.8140
vn -0.0028 -0.2107 0.9775
vn 0.0015 0.9217 0.3878
vn 0.0025 0.5809 0.8140
vn 0.0028 0.2107 0.9775
vn 0.9723 -0.2336 -0.0000
vn 0.8041 -0.5945 -0.0000
vn 0.3828 -0.9238 -0.0000
vn -0.0000 -0.2336 0.9723
vn -0.0000 -0.5945 0.8041
vn -0.0000 -0.9238 0.3828
vn -0.9723 -0.2336 -0.0000
vn -0.8041 -0.5945 -0.0000
vn -0.3828 -0.9238 -0.0000
vn -0.0000 -0.2336 -0.9723
vn -0.0000 -0.5945 -0.8041
vn -0.0000 -0.9238 -0.3828
vn 0.9823 0.1871 -0.0000
vn 0.8232 0.5678 -0.0000
vn 0.3895 0.9210 -0.0000
vn -0.0000 0.1871 0.9823
vn -0.0000 0.5678 0.8232
vn -0.0000 0.9210 0.3895
vn -0.9823 0.1871 -0.0000
vn -0.8232 0.5678 -0.0000
vn -0.3895 0.9210 -0.0000
vn -0.0000 0.1871 -0.9823
vn -0.0000 0.5678 -0.8232
vn -0.0000 0.9210 -0.3895
vn 0.2907 -0.0304 0.9563
vn 0.7067 -0.0348 0.7066
vn 0.9571 -0.0310 0.2879
vn 0.9572 -0.0308 -0.2876
vn 0.7066 -0.0340 -0.7068
vn 0.2896 -0.0315 -0.9566
vn -0.2907 -0.0315 -0.9563
vn -0.7078 -0.0352 -0.7056
vn -0.9572 -0.0311 -0.2876
vn -0.9572 -0.0301 0.2877
vn -0.7066 -0.0346 0.7067
vn -0.2896 -0.0306 0.9567
vn -0.2617 -0.9652 -0.0000
vn -0.7304 -0.6830 -0.0000
vn -0.9808 -0.1949 -0.0000
vn -0.2573 0.0936 0.9618
vn -0.7032 0.1047 0.7032
vn -0.9623 0.0879 0.2575
vn -0.2527 0.9675 -0.0000
vn -0.6808 0.7325 -0.0000
vn -0.9470 0.3214 -0.0000
vn -0.2580 -0.0576 -0.9644
vn -0.7071 -0.0058 -0.7071
vn -0.9649 0.0476 -0.2582
vn -0.0000 -0.9677 -0.2522
vn -0.0000 -0.7350 -0.6780
vn -0.0000 -0.3283 -0.9446
vn -0.0000 0.9650 -0.2622
vn -0.0000 0.6798 -0.7334
vn 0.9623 -0.0879 -0.2575
vn 0.7032 -0.1047 -0.7032
vn 0.2573 -0.0936 -0.9618
vn 0.2527 -0.9675 -0.0000
vn 0.6808 -0.7325 -0.0000
vn 0.9470 -0.3214 -0.0000
vn 0.2617 0.9652 -0.0000
vn 0.7304 0.6830 -0.0000
vn 0.9808 0.1949 -0.0000
vn 0.2580 0.0576 0.9644
vn 0.7071 0.0058 0.7071
vn 0.9649 -0.0476 0.2582
vn -0.0000 -0.9650 0.2622
vn -0.0000 -0.6798 0.7334
vn -0.0000 -0.1871 0.9823
vn -0.0000 0.9677 0.2522
vn -0.0000 0.7350 0.6780
vn -0.0000 0.3283 0.9446
vn -0.2529 -0.9675 -0.0000
vn -0.6819 -0.7314 -0.0000
vn -0.9479 -0.3185 -0.0000
vn -0.2580 0.0610 0.9642
vn -0.7071 0.0100 0.7071
vn -0.9651 -0.0437 0.2582
vn -0.2615 0.9652 -0.0000
vn -0.7292 0.6843 -0.0000
vn -0.9802 0.1980 -0.0000
vn -0.2573 -0.0953 -0.9616
vn -0.7033 -0.1042 -0.7033
vn -0.9625 -0.0854 -0.2575
vn -0.0000 -0.9677 -0.2520
vn -0.0000 -0.7358 -0.6771
vn -0.0000 -0.3305 -0.9438
vn -0.0000 0.9650 -0.2624
vn -0.0000 0.6788 -0.7343
vn -0.0000 0.1846 -0.9828
vn 0.9651 0.0437 -0.2582
vn 0.7071 -0.0100 -0.7071
vn 0.2580 -0.0610 -0.9642
vn 0.2615 -0.9652 -0.0000
vn 0.7292 -0.6843 -0.0000
vn 0.9802 -0.1980 -0.0000
vn 0.2529 0.9675 -0.0000
vn 0.6819 0.7314 -0.0000
vn 0.9479 0.3185 -0.0000
vn 0.2573 0.0953 0.9616
vn 0.7033 0.1042 0.7033
vn 0.9625 0.0854 0.2575
vn -0.0000 -0.9650 0.2624
vn -0.0000 -0.6788 0.7343
vn -0.0000 -0.1846 0.9828
vn -0.0000 0.9677 0.2520
vn -0.0000 0.7358 0.6771
vn -0.0000 0.3305 0.9438
vn -0.2531 -0.9674 -0.0000
vn -0.6822 -0.7312 -0.0000
vn -0.9480 -0.3183 -0.0000
vn -0.2575 -0.0871 0.9623
vn -0.7037 -0.0982 0.7037
vn -0.9627 -0.0831 0.2576
vn -0.2616 0.9652 -0.0000
vn -0.7294 0.6841 -0.0000
vn -0.2581 0.0528 -0.9647
vn -0.7071 0.0041 -0.7071
vn -0.9650 -0.0458 -0.2582
vn -0.0000 -0.9651 -0.2620
vn -0.0000 -0.6819 -0.7315
vn -0.0000 -0.1925 -0.9813
vn -0.0000 0.9675 -0.2527
vn -0.0000 0.7330 -0.6802
vn -0.0000 0.3232 -0.9463
vn 0.9627 0.0831 -0.2576
vn 0.7037 0.0982 -0.7037
vn 0.2575 0.0871 -0.9623
vn 0.2616 -0.9652 -0.0000
vn 0.7294 -0.6841 -0.0000
vn 0.2531 0.9674 -0.0000
vn 0.6822 0.7312 -0.0000
vn 0.9480 0.3183 -0.0000
vn 0.2581 -0.0528 0.9647
vn 0.7071 -0.0041 0.7071
vn 0.9650 0.0458 0.2582
vn -0.0000 -0.9675 0.2527
vn -0.0000 -0.7330 0.6802
vn -0.0000 -0.3232 0.9463
vn -0.0000 0.9651 0.2620
vn -0.0000 0.6819 0.7315
vn -0.0000 0.1925 0.9813
vn -0.2618 -0.9651 -0.0000
vn -0.7307 -0.6827 -0.0000
vn -0.9809 -0.1944 -0.0000
vn -0.2581 -0.0520 0.9647
vn -0.7071 -0.0015 0.7071
vn -0.9648 0.0495 0.2581
vn -0.2528 0.9675 -0.0000
vn -0.9469 0.3216 -0.0000
vn -0.2574 0.0883 -0.9622
vn -0.7035 0.1010 -0.7035
vn -0.9624 0.0869 -0.2575
vn -0.0000 -0.6819 -0.7314
vn -0.0000 -0.1924 -0.9813
vn -0.0000 0.9676 -0.2526
vn -0.0000 0.7331 -0.6801
vn -0.0000 0.3234 -0.9463
vn 0.9648 -0.0495 -0.2581
vn 0.7071 0.0015 -0.7071
vn 0.2581 0.0520 -0.9647
vn 0.2528 -0.9675 -0.0000
vn 0.9469 -0.3216 -0.0000
vn 0.2618 0.9651 -0.0000
vn 0.7307 0.6827 -0.0000
vn 0.9809 0.1944 -0.0000
vn 0.2574 -0.0883 0.9622
vn 0.7035 -0.1010 0.7035
vn 0.9624 -0.0869 0.2575
vn -0.0000 -0.9676 0.2526
vn -0.0000 -0.7331 0.6801
vn -0.0000 -0.3234 0.9463
vn -0.0000 0.6819 0.7314
vn -0.0000 0.1924 0.9813
vn -0.0981 -0.0000 0.9952
vn 0.0985 -0.0000 0.9951
vn -0.7740 -0.0000 -0.6332
vn -0.6356 -0.0000 -0.7720
vn -0.4724 -0.0000 -0.8814
vn 0.7740 -0.0000 0.6332
vn -0.2911 -0.0000 -0.9567
vn 0.6356 -0.0000 0.7720
vn -0.0983 -0.0000 -0.9952
vn -0.4736 -0.0000 0.8807
vn 0.0983 -0.0000 -0.9952
vn -0.6356 -0.0000 0.7720
vn 0.2911 -0.0000 0.9567
vn 0.2911 -0.0000 -0.9567
vn -0.7746 -0.0000 0.6324
vn 0.4724 -0.0000 -0.8814
vn -0.2911 -0.0000 0.9567
vn 0.6356 -0.0000 -0.7720
vn -0.9573 -0.0000 0.2892
vn 0.7746 -0.0000 -0.6324
vn 0.8830 -0.0000 -0.4694
vn -0.9952 -0.0000 -0.0977
vn 0.9573 -0.0000 -0.2892
vn 0.9952 -0.0000 -0.0977
vn -0.8830 -0.0000 -0.4694
vn 0.9805 -0.0261 0.1947
vn -0.0000 -0.0253 0.9997
vn -0.0000 -0.0257 -0.9997
vn -0.3238 -0.8446 0.4264
vn -0.2420 -0.5160 0.8217
vn -0.2635 -0.1220 0.9569
vn -0.9569 -0.1220 0.2635
vn -0.7896 -0.5421 0.2875
vn -0.3983 0.0130 0.9171
vn -0.3658 0.8492 0.3808
vn -0.9171 0.0130 0.3983
vn -0.7062 -0.0493 0.7062
vn -0.9171 -0.0130 -0.3983
vn -0.7063 0.0493 -0.7062
vn -0.3983 -0.0130 -0.9171
vn -0.3658 -0.8492 -0.3808
vn -0.3238 0.8446 -0.4264
vn -0.2420 0.5160 -0.8217
vn -0.2635 0.1220 -0.9569
vn -0.9569 0.1220 -0.2635
vn -0.7896 0.5421 -0.2875
vn 0.9171 -0.0130 0.3983
vn 0.7063 0.0493 0.7062
vn 0.3983 -0.0130 0.9171
vn 0.3658 -0.8492 0.3808
vn 0.3238 0.8446 0.4264
vn 0.2420 0.5160 0.8217
vn 0.2635 0.1220 0.9569
vn 0.9569 0.1220 0.2635
vn 0.7896 0.5421 0.2875
vn 0.3983 -0.0130 -0.9171
vn 0.7062 0.0493 -0.7063
vn 0.9171 -0.0130 -0.3983
vn 0.3808 -0.8492 -0.3658
vn 0.4264 0.8446 -0.3238
vn 0.8217 0.5160 -0.2420
vn 0.9569 0.1220 -0.2635
vn 0.2635 0.1220 -0.9569
vn 0.2875 0.5421 -0.7896
vn 0.6952 -0.5287 0.4870
vn 0.0797 -0.8784 0.4713
vn 0.2445 -0.9383 0.2445
vn 0.3794 -0.7178 0.5838
vn 0.4870 -0.5287 0.6952
vn 0.6952 -0.5287 -0.4870
vn 0.4870 -0.5287 -0.6952
vn 0.4713 -0.8784 -0.0797
vn 0.2445 -0.9383 -0.2445
vn 0.5838 -0.7178 -0.3794
vn -0.4870 -0.5287 0.6952
vn -0.4713 -0.8784 0.0797
vn -0.2445 -0.9383 0.2445
vn -0.5838 -0.7178 0.3794
vn -0.6952 -0.5287 0.4870
vn -0.6952 -0.5287 -0.4870
vn -0.0797 -0.8784 -0.4713
vn -0.2445 -0.9383 -0.2445
vn -0.3794 -0.7178 -0.5838
vn -0.4870 -0.5287 -0.6952
vn 0.6915 0.5052 -0.5162
vn 0.0609 0.8696 -0.4900
vn 0.2465 0.9373 -0.2465
vn 0.4055 0.7122 -0.5730
vn 0.5162 0.5052 -0.6915
vn 0.6915 0.5052 0.5162
vn 0.5162 0.5052 0.6915
vn 0.4900 0.8696 0.0608
vn 0.2465 0.9373 0.2465
vn 0.5730 0.7122 0.4055
vn -0.5162 0.5052 0.6915
vn -0.6915 0.5052 0.5162
vn -0.0609 0.8696 0.4900
vn -0.2465 0.9373 0.2465
vn -0.4055 0.7122 0.5730
vn -0.6915 0.5052 -0.5162
vn -0.5162 0.5052 -0.6915
vn -0.4900 0.8696 -0.0608
vn -0.2465 0.9373 -0.2465
vn -0.5730 0.7122 -0.4055
vn -0.2722 -0.9272 0.2572
vn -0.2688 -0.1770 0.9468
vn -0.9458 -0.1824 0.2685
vn -0.2569 0.3333 0.9071
vn -0.2530 0.9338 0.2530
vn -0.9080 0.3415 0.2429
vn -0.2617 -0.9290 -0.2617
vn -0.9420 -0.2218 -0.2520
vn -0.2593 -0.3142 -0.9133
vn -0.2115 -0.7115 -0.6701
vn -0.2628 0.9284 -0.2627
vn -0.2526 0.2124 -0.9440
vn -0.6908 0.2136 -0.6908
vn -0.9160 0.3055 -0.2601
vn -0.6735 0.7080 -0.2125
vn 0.2627 -0.9284 0.2627
vn 0.9160 -0.3055 0.2601
vn 0.2671 -0.1984 0.9430
vn 0.2617 0.9290 0.2617
vn 0.2114 0.7115 0.6701
vn 0.2593 0.3142 0.9133
vn 0.9411 0.2079 0.2665
vn 0.7034 0.6752 0.2220
vn 0.2530 -0.9338 -0.2530
vn 0.2425 -0.3463 -0.9063
vn 0.9087 -0.3286 -0.2573
vn 0.2572 0.9272 -0.2722
vn 0.9458 0.1824 -0.2685
vn 0.2688 0.1770 -0.9468
vn -0.2631 -0.9282 0.2631
vn -0.2235 -0.6696 0.7083
vn -0.2527 -0.2093 0.9446
vn -0.9170 -0.3021 0.2604
vn -0.2590 0.3171 0.9123
vn -0.2613 0.9292 0.2613
vn -0.9412 0.2254 0.2518
vn -0.2531 -0.9338 -0.2531
vn -0.9087 -0.3394 -0.2431
vn -0.2568 -0.3347 -0.9067
vn -0.2069 -0.7262 -0.6556
vn -0.2721 0.9273 -0.2571
vn -0.2689 0.1755 -0.9471
vn -0.9454 0.1848 -0.2684
vn 0.2572 -0.9272 0.2722
vn 0.9454 -0.1848 0.2684
vn 0.2689 -0.1755 0.9471
vn 0.2531 0.9338 0.2531
vn 0.2069 0.7262 0.6556
vn 0.2423 0.3477 0.9058
vn 0.9094 0.3265 0.2575
vn 0.2613 -0.9292 -0.2613
vn 0.2590 -0.3171 -0.9123
vn 0.6884 -0.2282 -0.6885
vn 0.9404 -0.2116 -0.2663
vn 0.2631 0.9282 -0.2631
vn 0.9170 0.3021 -0.2604
vn 0.2672 0.1952 -0.9437
vn 0.2235 0.6696 -0.7082
vn -0.2537 -0.9334 0.2537
vn -0.2430 -0.3407 0.9082
vn -0.9102 -0.3243 0.2578
vn -0.2685 0.1831 0.9457
vn -0.2568 0.9275 0.2718
vn -0.9450 0.1869 0.2683
vn -0.2627 -0.9284 -0.2627
vn -0.9165 -0.3038 -0.2602
vn -0.2668 -0.2027 -0.9422
vn -0.2620 0.9288 -0.2620
vn -0.2597 0.3100 -0.9146
vn -0.9408 0.2094 -0.2664
vn 0.2620 -0.9288 0.2620
vn 0.9416 -0.2233 0.2519
vn 0.2597 -0.3100 0.9146
vn 0.2627 0.9284 0.2627
vn 0.2523 0.2167 0.9431
vn 0.9165 0.3038 0.2602
vn 0.2718 -0.9275 -0.2567
vn 0.2685 -0.1831 -0.9457
vn 0.9450 -0.1869 -0.2683
vn 0.2537 0.9334 -0.2537
vn 0.9094 0.3373 -0.2433
vn 0.2574 0.3277 -0.9090
vn -0.2622 -0.9287 0.2622
vn -0.2597 -0.3093 0.9148
vn -0.6898 -0.2202 0.6897
vn -0.9415 -0.2060 0.2666
vn -0.2668 0.2036 0.9420
vn -0.2625 0.9286 0.2624
vn -0.9155 0.3071 0.2599
vn -0.2570 -0.9274 -0.2720
vn -0.9457 -0.1834 -0.2685
vn -0.2686 -0.1820 -0.9459
vn -0.2534 0.9336 -0.2534
vn -0.2429 0.3418 -0.9079
vn -0.9091 0.3275 -0.2574
vn -0.6584 0.7235 -0.2078
vn 0.2534 -0.9336 0.2534
vn 0.6584 -0.7235 0.2078
vn 0.9083 -0.3405 0.2430
vn 0.2573 -0.3288 0.9087
vn 0.2720 0.9274 0.2569
vn 0.2686 0.1820 0.9459
vn 0.9457 0.1834 0.2685
vn 0.2624 -0.9286 -0.2624
vn 0.2523 -0.2175 -0.9429
vn 0.6902 -0.2175 -0.6902
vn 0.9155 -0.3071 -0.2599
vn 0.6730 -0.7085 -0.2124
vn 0.2622 0.9287 -0.2622
vn 0.9424 0.2199 -0.2521
vn 0.2597 0.3093 -0.9148
vn -0.0964 0.1919 0.9767
vn -0.0793 0.5894 0.8039
vn -0.2350 0.5893 0.7730
vn -0.4715 0.0523 0.8803
vn -0.4634 0.1917 0.8652
vn -0.3815 0.5891 0.7123
vn -0.6234 0.1916 0.7581
vn -0.5134 0.5889 0.6243
vn -0.7726 0.0522 0.6327
vn -0.7593 0.1915 0.6219
vn -0.6255 0.5886 0.5122
vn -0.8811 0.0522 0.4700
vn -0.8660 0.1913 0.4619
vn -0.7135 0.5883 0.3806
vn -0.9394 0.1912 0.2844
vn -0.7742 0.5880 0.2343
vn -0.8051 0.5879 0.0791
vn -0.9395 0.1912 -0.2844
vn -0.7742 0.5879 -0.2344
vn -0.8811 0.0521 -0.4700
vn -0.8660 0.1912 -0.4620
vn -0.7136 0.5881 -0.3807
vn -0.6255 0.5885 -0.5122
vn -0.7593 0.1915 -0.6219
vn -0.7726 0.0522 -0.6327
vn -0.6234 0.1915 -0.7581
vn -0.5134 0.5887 -0.6244
vn -0.3815 0.5891 -0.7123
vn -0.4634 0.1917 -0.8652
vn -0.2350 0.5892 -0.7731
vn -0.0964 0.1918 -0.9767
vn -0.0793 0.5893 -0.8040
vn 0.0793 0.5894 -0.8039
vn 0.2350 0.5893 -0.7730
vn 0.4715 0.0523 -0.8803
vn 0.4634 0.1917 -0.8652
vn 0.3815 0.5891 -0.7123
vn 0.6234 0.1916 -0.7581
vn 0.5134 0.5889 -0.6243
vn 0.7726 0.0522 -0.6327
vn 0.7593 0.1915 -0.6219
vn 0.6255 0.5885 -0.5123
vn 0.8811 0.0522 -0.4700
vn 0.8660 0.1913 -0.4619
vn 0.7135 0.5883 -0.3806
vn 0.9394 0.1912 -0.2844
vn 0.7741 0.5880 -0.2344
vn 0.8051 0.5879 -0.0791
vn 0.8051 0.5879 0.0791
vn 0.9395 0.1911 0.2844
vn 0.7742 0.5879 0.2344
vn 0.8811 0.0521 0.4700
vn 0.8660 0.1912 0.4620
vn 0.7136 0.5881 0.3807
vn 0.7726 0.0522 0.6328
vn 0.6255 0.5884 0.5124
vn 0.6234 0.1915 0.7581
vn 0.5134 0.5887 0.6244
vn 0.4715 0.0522 0.8803
vn 0.4634 0.1916 0.8652
vn 0.3816 0.5889 0.7124
vn 0.2350 0.5892 0.7731
vn 0.0964 0.1918 0.9767
vn 0.0793 0.5893 0.8040
vn -0.0793 -0.5894 0.8040
vn -0.0964 -0.1919 0.9767
vn -0.2350 -0.5893 0.7730
vn -0.3815 -0.5891 0.7123
vn -0.4634 -0.1917 0.8652
vn -0.4715 -0.0523 0.8803
vn -0.5134 -0.5888 0.6243
vn -0.6234 -0.1916 0.7581
vn -0.6255 -0.5885 0.5123
vn -0.7593 -0.1915 0.6219
vn -0.7135 -0.5883 0.3806
vn -0.8660 -0.1913 0.4620
vn -0.8811 -0.0522 0.4700
vn -0.7742 -0.5880 0.2344
vn -0.9394 -0.1912 0.2844
vn -0.8051 -0.5879 0.0791
vn -0.8051 -0.5878 -0.0791
vn -0.7742 -0.5879 -0.2344
vn -0.9395 -0.1912 -0.2844
vn -0.7136 -0.5881 -0.3807
vn -0.8660 -0.1912 -0.4620
vn -0.8811 -0.0521 -0.4700
vn -0.7726 -0.0522 -0.6327
vn -0.7593 -0.1915 -0.6219
vn -0.6255 -0.5885 -0.5123
vn -0.5134 -0.5887 -0.6244
vn -0.6234 -0.1915 -0.7581
vn -0.4634 -0.1917 -0.8652
vn -0.3815 -0.5891 -0.7123
vn -0.2350 -0.5892 -0.7731
vn -0.0793 -0.5893 -0.8040
vn -0.0964 -0.1918 -0.9767
vn 0.0793 -0.5894 -0.8040
vn 0.2350 -0.5893 -0.7730
vn 0.3815 -0.5891 -0.7123
vn 0.4634 -0.1917 -0.8652
vn 0.5134 -0.5888 -0.6243
vn 0.6234 -0.1916 -0.7581
vn 0.6255 -0.5885 -0.5123
vn 0.7593 -0.1915 -0.6219
vn 0.7135 -0.5883 -0.3806
vn 0.8660 -0.1913 -0.4619
vn 0.8811 -0.0522 -0.4700
vn 0.7742 -0.5880 -0.2344
vn 0.9394 -0.1912 -0.2844
vn 0.8051 -0.5879 -0.0791
vn 0.8051 -0.5879 0.0791
vn 0.7742 -0.5879 0.2344
vn 0.9395 -0.1911 0.2844
vn 0.7136 -0.5881 0.3807
vn 0.8660 -0.1912 0.4620
vn 0.8811 -0.0521 0.4700
vn 0.6256 -0.5884 0.5124
vn 0.7593 -0.1914 0.6219
vn 0.5135 -0.5886 0.6244
vn 0.6234 -0.1915 0.7581
vn 0.3816 -0.5889 0.7124
vn 0.2350 -0.5892 0.7731
vn 0.0794 -0.5893 0.8040
vn 0.0964 -0.1918 0.9767
vn -0.3879 -0.9217 0.0015
vn -0.8140 -0.5809 0.0025
vn -0.9775 -0.2107 0.0028
vn 0.0001 1.0000 -0.0000
vn -0.3878 0.9217 -0.0015
vn -0.8140 0.5809 -0.0025
vn -0.9775 0.2107 -0.0028
vn 0.0001 -1.0000 -0.0000
vn -0.0000 -0.5774 -0.8165
vn -0.0000 0.5814 -0.8136
vn 0.3121 -0.9500 -0.0000
vn 0.8165 -0.5774 -0.0000
vn -0.0000 -0.9500 0.3121
vn -0.0024 -0.5778 0.8162
vn -0.0000 -0.0816 0.9967
vn -0.0000 0.9500 0.3121
vn 0.0024 0.5778 0.8162
vn -0.0000 0.0816 0.9967
vn 0.2880 -0.0320 0.9571
vn 0.7066 -0.0358 0.7067
vn 0.9565 -0.0308 0.2902
vn 0.9565 -0.0305 -0.2903
vn 0.7064 -0.0350 -0.7069
vn 0.2885 -0.0311 -0.9570
vn -0.2880 -0.0307 -0.9571
vn -0.7056 -0.0349 -0.7077
vn -0.9564 -0.0311 -0.2905
vn -0.9564 -0.0314 0.2902
vn -0.7064 -0.0351 0.7069
vn -0.2886 -0.0315 0.9569
vn 0.2617 0.9651 -0.0000
vn -0.0983 -0.0000 0.9952
vt 0.000000 0.000000
vt 0.000000 0.000000
vt 0.000000 0.000000
vt 0.000000 0.000000
vt 0.000000 0.000000
vt 0.000000 0.000000
vt 0.000000 0.000000
vt 0.000000 0.000000
vt 0.000000 0.000000
vt 0.000000 0.000000
vt 0.000000 0.000000
vt 0.000000 0.000000
vt 0.000000 0.000000
vt 0.000000 0.000000
vt 0.000000 0.000000
vt 0.000000 0.000000
vt 0.000000 0.000000
vt 0.000000 0.000000
vt 0.000000 0.000000
vt 0.000000 0.000000
vt 0.000000 0.000000
vt 0.000000 0.000000
vt 0.000000 0.000000
vt 0.000000 0.000000
vt 0.000000 0.000000
vt 0.000000 0.000000
vt 0.000000 0.000000
vt 0.000000 0.000000
vt 0.000000 0.000000
vt 0.000000 0.000000
vt 0.000000 0.000000
vt 0.000000 0.000000
vt 0.000000 0.000000
vt 0.000000 0.000000
vt 0.000000 0.000000
vt 0.000000 0.000000
vt 0.000000 0.000000
vt 0.000000 0.000000
vt 0.000000 0.000000
vt 0.000000 0.000000
vt 0.000000 0.000000
vt 0.000000 0.000000
vt 0.000000 0.000000
vt 0.000000 0.000000
vt 0.000000 0.000000
vt 0.000000 0.000000
vt 0.000000 0.000000
vt 0.000000 0.000000
vt 0.000000 0.000000
vt 0.000000 0.000000
vt 0.000000 0.000000
vt 0.000000 0.000000
vt 0.000000 0.000000
vt 0.000000 0.000000
vt 0.000000 0.000000
vt 0.000000 0.000000
vt 0.000000 0.000000
vt 0.000000 0.000000
vt 0.000000 0.000000
vt 0.000000 0.000000
vt 0.000000 0.000000
vt 0.000000 0.000000
vt 0.000000 0.000000
vt 0.000000 0.000000
vt 0.000000 0.000000
vt 0.000000 0.000000
vt 0.000000 0.000000
vt 0.000000 0.000000
vt 0.000000 0.000000
vt 0.000000 0.000000
vt 0.000000 0.000000
vt 0.000000 0.000000
vt 0.000000 0.000000
vt 0.000000 0.000000
vt 0.000000 0.000000
vt 0.000000 0.000000
vt 0.000000 0.000000
vt 0.000000 0.000000
vt 0.000000 0.000000
vt 0.000000 0.000000
vt 0.000000 0.000000
vt 0.000000 0.000000
vt 0.000000 0.000000
vt 0.000000 0.000000
vt 0.000000 0.000000
vt 0.000000 0.000000
vt 0.000000 0.000000
vt 0.000000 0.000000
vt 0.000000 0.000000
vt 0.000000 0.000000
vt 0.000000 0.000000
vt 0.000000 0.000000
vt 0.000000 0.000000
vt 0.000000 0.000000
vt 0.000000 0.000000
vt 0.000000 0.000000
vt 0.000000 0.000000
vt 0.000000 0.000000
vt 0.000000 0.000000
vt 0.000000 0.000000
vt 0.000000 0.000000
vt 0.000000 0.000000
vt 0.000000 0.000000
vt 0.000000 0.000000
vt 0.000000 0.000000
vt 0.000000 0.000000
vt 0.000000 0.000000
vt 0.000000 0.000000
vt 0.000000 0.000000
vt 0.000000 0.000000
vt 0.000000 0.000000
vt 0.000000 0.000000
vt 0.000000 0.000000
vt 0.000000 0.000000
vt 0.000000 0.000000
vt 0.000000 0.000000
vt 0.000000 0.000000
vt 0.000000 0.000000
vt 0.000000 0.000000
vt 0.000000 0.000000
vt 0.000000 0.000000
vt 0.000000 0.000000
vt 0.000000 0.000000
vt 0.000000 0.000000
vt 0.000000 0.000000
vt 0.000000 0.000000
vt 0.000000 0.000000
vt 0.000000 0.000000
vt 0.000000 0.000000
vt 0.000000 0.000000
vt 0.000000 0.000000
vt 0.000000 0.000000
vt 0.000000 0.000000
vt 0.000000 0.000000
vt 0.000000 0.000000
vt 0.000000 0.000000
vt 0.000000 0.000000
vt 0.000000 0.000000
vt 0.000000 0.000000
vt 0.000000 0.000000
vt 0.000000 0.000000
vt 0.000000 0.000000
vt 0.000000 0.000000
vt 0.000000 0.000000
vt 0.000000 0.000000
vt 0.000000 0.000000
vt 0.000000 0.000000
vt 0.000000 0.000000
vt 0.000000 0.000000
vt 0.000000 0.000000
vt 0.000000 0.000000
vt 0.000000 0.000000
vt 0.000000 0.000000
vt 0.000000 0.000000
vt 0.000000 0.000000
vt 0.000000 0.000000
vt 0.000000 0.000000
vt 0.000000 0.000000
vt 0.000000 0.000000
vt 0.000000 0.000000
vt 0.000000 0.000000
vt 0.000000 0.000000
vt 0.000000 0.000000
vt 0.000000 0.000000
vt 0.000000 0.000000
vt 0.000000 0.000000
vt 0.000000 0.000000
vt 0.000000 0.000000
vt 0.000000 0.000000
vt 0.000000 0.000000
vt 0.000000 0.000000
vt 0.000000 0.000000
vt 0.000000 0.000000
vt 0.000000 0.000000
vt 0.000000 0.000000
vt 0.000000 0.000000
vt 0.000000 0.000000
vt 0.000000 0.000000
vt 0.000000 0.000000
vt 0.000000 0.000000
vt 0.000000 0.000000
vt 0.000000 0.000000
vt 0.000000 0.000000
vt 0.000000 0.000000
vt 0.000000 0.000000
vt 0.000000 0.000000
vt 0.000000 0.000000
vt 0.000000 0.000000
vt 0.000000 0.000000
vt 0.000000 0.000000
vt 0.000000 0.000000
vt 0.000000 0.000000
vt 0.000000 0.000000
vt 0.000000 0.000000
vt 0.000000 0.000000
vt 0.000000 0.000000
vt 0.000000 0.000000
vt 0.000000 0.000000
vt 0.000000 0.000000
vt 0.000000 0.000000
vt 0.000000 0.000000
vt 0.000000 0.000000
vt 0.000000 0.000000
vt 0.000000 0.000000
vt 0.000000 0.000000
vt 0.000000 0.000000
vt 0.000000 0.000000
vt 0.000000 0.000000
vt 0.000000 0.000000
vt 0.000000 0.000000
vt 0.000000 0.000000
vt 0.000000 0.000000
vt 0.000000 0.000000
vt 0.000000 0.000000
vt 0.000000 0.000000
vt 0.000000 0.000000
vt 0.000000 0.000000
vt 0.000000 0.000000
vt 0.000000 0.000000
vt 0.000000 0.000000
vt 0.000000 0.000000
vt 0.000000 0.000000
vt 0.000000 0.000000
vt 0.000000 0.000000
vt 0.000000 0.000000
vt 0.000000 0.000000
vt 0.000000 0.000000
vt 0.000000 0.000000
vt 0.000000 0.000000
vt 0.000000 0.000000
vt 0.000000 0.000000
vt 0.000000 0.000000
vt 0.000000 0.000000
vt 0.000000 0.000000
vt 0.000000 0.000000
vt 0.000000 0.000000
vt 0.000000 0.000000
vt 0.000000 0.000000
vt 0.000000 0.000000
vt 0.000000 0.000000
vt 0.000000 0.000000
vt 0.000000 0.000000
vt 0.000000 0.000000
vt 0.000000 0.000000
vt 0.000000 0.000000
vt 0.000000 0.000000
vt 0.000000 0.000000
vt 0.000000 0.000000
vt 0.000000 0.000000
vt 0.000000 0.000000
vt 0.000000 0.000000
vt 0.000000 0.000000
vt 0.000000 0.000000
vt 0.000000 0.000000
vt 0.000000 0.000000
vt 0.000000 0.000000
vt 0.375000 0.000000
vt 0.375000 1.000000
vt 0.500000 0.990007
vt 0.500000 0.009954
vt 0.375000 0.995687
vt 0.375000 1.004475
vt 0.375000 0.004296
vt 0.406802 0.004187
vt 0.375000 1.000000
vt 0.500000 1.000000
vt 0.500000 0.000000
vt 0.438057 0.991121
vt 0.440077 1.000000
vt 0.440077 0.000000
vt 0.438057 0.008844
vt 0.500000 0.005069
vt 0.440077 0.004636
vt 0.500000 0.990007
vt 0.625000 0.000000
vt 0.625000 1.000000
vt 0.500000 0.009954
vt 0.562418 0.990933
vt 0.499999 1.000000
vt 0.499999 0.000000
vt 0.559776 1.000000
vt 0.559776 0.000000
vt 0.625000 0.005111
vt 0.625000 -0.005351
vt 0.625000 0.994869
vt 0.592079 0.004057
vt 0.625000 0.000000
vt 0.499999 0.005517
vt 0.562418 0.009032
vt 0.559776 0.004810
vt 0.500000 0.240046
vt 0.500000 0.259993
vt 0.375000 0.250000
vt 0.500000 0.244483
vt 0.437582 0.240968
vt 0.440223 0.245190
vt 0.437582 0.259067
vt 0.500000 0.255539
vt 0.440223 0.254829
vt 0.375000 0.244891
vt 0.375000 0.255345
vt 0.375000 0.255130
vt 0.375000 0.250000
vt 0.625000 0.250000
vt 0.500000 0.259993
vt 0.500000 0.240046
vt 0.625000 0.254315
vt 0.625000 0.245521
vt 0.625000 0.245702
vt 0.625000 0.250000
vt 0.500000 0.255088
vt 0.561943 0.258879
vt 0.559923 0.254654
vt 0.561943 0.241156
vt 0.500000 0.244931
vt 0.559923 0.245364
vt 0.500000 0.740046
vt 0.500000 0.759993
vt 0.375000 0.750000
vt 0.500000 0.744483
vt 0.437582 0.740968
vt 0.440223 0.745190
vt 0.437582 0.759067
vt 0.500000 0.755539
vt 0.440223 0.754829
vt 0.375000 0.744891
vt 0.375000 0.755345
vt 0.375000 0.755130
vt 0.375000 0.750000
vt 0.625000 0.750000
vt 0.500000 0.759993
vt 0.500000 0.740046
vt 0.625000 0.754315
vt 0.625000 0.745521
vt 0.625000 0.745702
vt 0.625000 0.750000
vt 0.500000 0.755088
vt 0.561943 0.758879
vt 0.559923 0.754654
vt 0.561943 0.741156
vt 0.500000 0.744931
vt 0.559923 0.745364
vt 0.500000 0.490007
vt 0.500000 0.509954
vt 0.375000 0.500000
vt 0.500000 0.494461
vt 0.437582 0.490933
vt 0.440223 0.495171
vt 0.437582 0.509032
vt 0.500000 0.505517
vt 0.440223 0.504810
vt 0.375000 0.494870
vt 0.375000 0.505368
vt 0.375000 0.505109
vt 0.375000 0.500000
vt 0.625000 0.500000
vt 0.500000 0.509954
vt 0.500000 0.490007
vt 0.625000 0.504298
vt 0.625000 0.495539
vt 0.625000 0.495685
vt 0.625000 0.500000
vt 0.500000 0.505069
vt 0.561943 0.508844
vt 0.559923 0.504636
vt 0.561943 0.491121
vt 0.500000 0.494912
vt 0.559923 0.495346
vt 0.499922 0.235648
vt 0.375000 0.250000
vt 0.499922 0.264433
vt 0.437953 0.244861
vt 0.501453 0.242694
vt 0.440744 0.247380
vt 0.375000 0.251099
vt 0.375000 0.248906
vt 0.375000 0.250000
vt 0.501453 0.257347
vt 0.437953 0.255168
vt 0.440744 0.252635
vt 0.499922 0.014352
vt 0.499922 0.043298
vt 0.375000 0.000000
vt 0.375000 1.000000
vt 0.501453 0.007306
vt 0.437953 0.005139
vt 0.375000 0.002418
vt 0.440744 0.002620
vt 0.375000 0.994662
vt 0.375000 -0.002551
vt 0.375000 0.016014
vt 0.501453 0.022043
vt 0.375000 -0.001371
vt 0.375000 0.008453
vt 0.375000 0.001094
vt 0.375000 -0.001073
vt 0.375000 0.998901
vt 0.375000 0.000000
vt 0.499922 0.485567
vt 0.375000 0.500000
vt 0.499922 0.514351
vt 0.437953 0.494832
vt 0.501453 0.492652
vt 0.440744 0.497365
vt 0.375000 0.501094
vt 0.375000 0.498901
vt 0.375000 0.500000
vt 0.501453 0.507306
vt 0.437953 0.505139
vt 0.440744 0.502620
vt 0.499922 0.735649
vt 0.375000 0.750000
vt 0.499922 0.706702
vt 0.437953 0.744861
vt 0.501453 0.742694
vt 0.375000 0.749176
vt 0.440744 0.747380
vt 0.375000 0.751099
vt 0.375000 0.748906
vt 0.375000 0.750000
vt 0.501453 0.727957
vt 0.375000 0.733986
vt 0.375000 0.755338
vt 0.375000 0.752818
vt 0.375000 0.741547
vt 0.500078 0.014352
vt 0.625000 0.000000
vt 0.625000 1.000000
vt 0.500078 0.043298
vt 0.561427 0.004990
vt 0.501609 0.007306
vt 0.560252 0.002565
vt 0.625000 0.000000
vt 0.625000 1.000000
vt 0.625000 1.000970
vt 0.625000 0.000983
vt 0.593098 -0.001564
vt 0.625000 1.000000
vt 0.593098 -0.004718
vt 0.501608 0.022043
vt 0.561427 0.015055
vt 0.560717 0.000423
vt 0.560252 0.007738
vt 0.500078 0.235648
vt 0.500078 0.264433
vt 0.625000 0.250000
vt 0.501609 0.242694
vt 0.561427 0.245010
vt 0.560252 0.247435
vt 0.561427 0.255018
vt 0.501608 0.257347
vt 0.560252 0.252579
vt 0.625000 0.249017
vt 0.625000 0.250966
vt 0.625000 0.250000
vt 0.500078 0.485567
vt 0.500078 0.514352
vt 0.625000 0.500000
vt 0.501608 0.492652
vt 0.561427 0.494982
vt 0.560252 0.497421
vt 0.561427 0.504990
vt 0.501608 0.507306
vt 0.560252 0.502565
vt 0.625000 0.499013
vt 0.625000 0.500970
vt 0.625000 0.500000
vt 0.500078 0.735648
vt 0.500078 0.706702
vt 0.625000 0.750000
vt 0.501608 0.742694
vt 0.561427 0.745010
vt 0.560717 0.748724
vt 0.560252 0.747435
vt 0.561427 0.734945
vt 0.501608 0.727957
vt 0.560252 0.742262
vt 0.625000 0.749017
vt 0.625000 0.750000
vt 0.625000 0.750000
vt 0.203074 0.671926
vt 0.383979 0.921926
vt 0.383980 0.078074
vt 0.203804 0.710097
vt 0.164818 0.671111
vt 0.167177 0.707656
vt 0.384388 1.000000
vt 0.384388 0.000000
vt 0.375000 0.919191
vt 0.205809 0.750000
vt 0.375353 -0.000240
vt 0.168588 0.750000
vt 0.375000 0.956412
vt 0.125000 0.668873
vt 0.375000 0.081127
vt 0.384064 0.039031
vt 0.375000 0.043919
vt 0.125000 0.706081
vt 0.616021 0.921926
vt 0.796926 0.671926
vt 0.616021 0.078074
vt 0.620598 0.921983
vt 0.616429 1.000000
vt 0.616429 0.000000
vt 0.620827 1.000000
vt 0.620827 0.000000
vt 0.875000 0.672740
vt 0.625000 0.077260
vt 0.797655 0.750000
vt 0.625000 0.922655
vt 0.625353 1.000215
vt 0.875000 0.710867
vt 0.625000 0.039133
vt 0.616105 0.039031
vt 0.620589 0.078017
vt 0.620481 0.040625
vt 0.203074 0.578074
vt 0.383980 0.171926
vt 0.383979 0.328074
vt 0.164818 0.577260
vt 0.203804 0.538274
vt 0.167177 0.539133
vt 0.384064 0.210854
vt 0.125000 0.575022
vt 0.375000 0.174978
vt 0.125000 0.537557
vt 0.375000 0.212443
vt 0.205809 0.500000
vt 0.375000 0.330809
vt 0.383885 0.289146
vt 0.375000 0.293588
vt 0.168588 0.500000
vt 0.796926 0.578074
vt 0.616020 0.328074
vt 0.616021 0.171926
vt 0.797655 0.500000
vt 0.625000 0.327345
vt 0.875000 0.578889
vt 0.625000 0.171111
vt 0.875000 0.542344
vt 0.624618 0.250232
vt 0.625000 0.207656
vt 0.615926 0.289146
vt 0.620410 0.328132
vt 0.620644 0.229214
vt 0.620129 0.290851
vt 0.620589 0.171868
vt 0.616105 0.210854
vt 0.620481 0.209149
vt 0.296926 0.671926
vt 0.383979 0.671926
vt 0.383980 0.828074
vt 0.336641 0.671111
vt 0.297655 0.710097
vt 0.335700 0.707656
vt 0.383895 0.710854
vt 0.379411 0.671868
vt 0.357288 0.706081
vt 0.379519 0.709149
vt 0.299660 0.750000
vt 0.375000 0.825340
vt 0.384074 0.789146
vt 0.337112 0.750000
vt 0.375000 0.787888
vt 0.703074 0.671926
vt 0.616021 0.828074
vt 0.616021 0.671926
vt 0.625000 0.828804
vt 0.703804 0.750000
vt 0.664818 0.672740
vt 0.625000 0.792177
vt 0.667177 0.750000
vt 0.616115 0.789146
vt 0.620598 0.828132
vt 0.620500 0.790851
vt 0.620420 0.671868
vt 0.615936 0.710854
vt 0.620682 0.770786
vt 0.620148 0.709149
vt 0.296926 0.578074
vt 0.383979 0.421926
vt 0.383980 0.578074
vt 0.297655 0.538274
vt 0.336641 0.577260
vt 0.335700 0.539133
vt 0.383885 0.460969
vt 0.299660 0.500000
vt 0.375000 0.424660
vt 0.337112 0.500000
vt 0.375000 0.462112
vt 0.379411 0.578017
vt 0.383895 0.539031
vt 0.357288 0.537557
vt 0.379519 0.540625
vt 0.703074 0.578074
vt 0.616020 0.578074
vt 0.616021 0.421926
vt 0.664818 0.578889
vt 0.703804 0.500000
vt 0.625000 0.421196
vt 0.667177 0.500000
vt 0.625000 0.457823
vt 0.615936 0.539031
vt 0.620420 0.578017
vt 0.619947 0.479661
vt 0.620148 0.540625
vt 0.620410 0.421983
vt 0.615926 0.460969
vt 0.620129 0.459375
vt 0.203048 0.671952
vt 0.383966 0.921952
vt 0.383966 0.078048
vt 0.202353 0.710083
vt 0.163380 0.671111
vt 0.164355 0.707616
vt 0.383763 0.000000
vt 0.383763 1.000000
vt 0.200445 0.750000
vt 0.375000 0.924555
vt 0.374707 0.000206
vt 0.163011 0.750000
vt 0.375000 0.961989
vt 0.125000 0.668798
vt 0.375000 0.081202
vt 0.383886 0.039132
vt 0.375000 0.044012
vt 0.125000 0.705988
vt 0.616034 0.921952
vt 0.796952 0.671952
vt 0.616034 0.078048
vt 0.620608 0.921896
vt 0.615832 1.000000
vt 0.615832 0.000000
vt 0.620201 1.000000
vt 0.620201 0.000000
vt 0.875000 0.672794
vt 0.625000 0.077206
vt 0.796257 0.750000
vt 0.625000 0.921257
vt 0.625364 0.999789
vt 0.875000 0.710935
vt 0.625000 0.039065
vt 0.615954 0.039132
vt 0.620431 0.078104
vt 0.620163 0.040836
vt 0.203048 0.578048
vt 0.383966 0.171952
vt 0.383966 0.328048
vt 0.163380 0.577206
vt 0.202353 0.538233
vt 0.164355 0.539065
vt 0.383886 0.210981
vt 0.125000 0.574894
vt 0.375000 0.175106
vt 0.125000 0.537437
vt 0.375000 0.212563
vt 0.200445 0.500000
vt 0.375000 0.325445
vt 0.383869 0.289019
vt 0.163011 0.500000
vt 0.375000 0.288011
vt 0.796952 0.578048
vt 0.616034 0.328048
vt 0.616034 0.171952
vt 0.625000 0.328743
vt 0.796257 0.500000
vt 0.875000 0.578890
vt 0.625000 0.171110
vt 0.624605 0.249771
vt 0.875000 0.542384
vt 0.625000 0.207616
vt 0.615937 0.289019
vt 0.620414 0.327992
vt 0.620008 0.229665
vt 0.620130 0.290614
vt 0.620431 0.172008
vt 0.615954 0.210981
vt 0.620163 0.209387
vt 0.296952 0.671952
vt 0.383966 0.671952
vt 0.383966 0.828048
vt 0.335230 0.671110
vt 0.296257 0.710083
vt 0.332906 0.707616
vt 0.384046 0.710981
vt 0.379569 0.672008
vt 0.351731 0.705988
vt 0.379837 0.709387
vt 0.294349 0.750000
vt 0.375000 0.830651
vt 0.384063 0.789019
vt 0.375000 0.793438
vt 0.331562 0.750000
vt 0.703048 0.671952
vt 0.616034 0.828048
vt 0.616034 0.671952
vt 0.702353 0.750000
vt 0.625000 0.827353
vt 0.663380 0.672794
vt 0.625000 0.789355
vt 0.664355 0.750000
vt 0.616131 0.789019
vt 0.620608 0.827992
vt 0.620513 0.790613
vt 0.620592 0.672008
vt 0.616114 0.710981
vt 0.620701 0.770335
vt 0.620480 0.709387
vt 0.296952 0.578048
vt 0.383966 0.421952
vt 0.383966 0.578048
vt 0.296257 0.538234
vt 0.335230 0.577206
vt 0.332906 0.539065
vt 0.383869 0.460869
vt 0.375000 0.419349
vt 0.294349 0.500000
vt 0.331562 0.500000
vt 0.375000 0.456562
vt 0.379569 0.578104
vt 0.384046 0.539132
vt 0.351731 0.537437
vt 0.379837 0.540836
vt 0.703048 0.578048
vt 0.616034 0.578048
vt 0.616034 0.421952
vt 0.663380 0.578890
vt 0.702353 0.500000
vt 0.625000 0.422647
vt 0.664355 0.500000
vt 0.625000 0.460645
vt 0.616114 0.539132
vt 0.620592 0.578104
vt 0.619942 0.479225
vt 0.620480 0.540836
vt 0.620414 0.421896
vt 0.615937 0.460868
vt 0.620130 0.459164
vt 0.203048 0.671952
vt 0.383984 0.921952
vt 0.383984 0.078048
vt 0.202354 0.711679
vt 0.163381 0.672706
vt 0.164357 0.710762
vt 0.383598 1.000000
vt 0.383598 0.000000
vt 0.200448 0.750000
vt 0.375000 0.924552
vt 0.163015 0.750000
vt 0.375000 0.961985
vt 0.374707 -0.000184
vt 0.125000 0.674778
vt 0.375000 0.075222
vt 0.383904 0.039025
vt 0.125000 0.712220
vt 0.375000 0.037780
vt 0.616016 0.921952
vt 0.796952 0.671952
vt 0.616016 0.078048
vt 0.620415 0.922002
vt 0.615629 1.000000
vt 0.615629 0.000000
vt 0.619829 1.000000
vt 0.619829 0.000000
vt 0.625000 0.078802
vt 0.875000 0.671198
vt 0.796258 0.750000
vt 0.625000 0.921258
vt 0.625000 0.042211
vt 0.624647 1.000204
vt 0.875000 0.707789
vt 0.615935 0.039025
vt 0.620422 0.077997
vt 0.620154 0.040625
vt 0.203048 0.578048
vt 0.383984 0.171952
vt 0.383984 0.328048
vt 0.163381 0.578802
vt 0.202354 0.539829
vt 0.164357 0.542211
vt 0.383904 0.210874
vt 0.375000 0.169126
vt 0.125000 0.580874
vt 0.125000 0.543670
vt 0.375000 0.206330
vt 0.200448 0.500000
vt 0.375000 0.325448
vt 0.384072 0.289126
vt 0.163015 0.500000
vt 0.375000 0.288015
vt 0.796952 0.578048
vt 0.616016 0.328048
vt 0.616016 0.171952
vt 0.625000 0.328742
vt 0.796258 0.500000
vt 0.875000 0.577294
vt 0.625000 0.172706
vt 0.625328 0.250190
vt 0.875000 0.539238
vt 0.625000 0.210762
vt 0.616103 0.289126
vt 0.620589 0.328098
vt 0.619999 0.229248
vt 0.620484 0.290824
vt 0.620422 0.171902
vt 0.615935 0.210874
vt 0.620154 0.209176
vt 0.296952 0.671952
vt 0.383984 0.671952
vt 0.383984 0.828048
vt 0.335231 0.672706
vt 0.296258 0.711679
vt 0.332908 0.710762
vt 0.384065 0.710874
vt 0.379578 0.671902
vt 0.351735 0.712221
vt 0.379846 0.709176
vt 0.294352 0.750000
vt 0.375000 0.830648
vt 0.383897 0.789126
vt 0.375000 0.793434
vt 0.331566 0.750000
vt 0.703048 0.671952
vt 0.616016 0.828048
vt 0.616016 0.671952
vt 0.702354 0.750000
vt 0.625000 0.827354
vt 0.663381 0.671198
vt 0.625000 0.789357
vt 0.664357 0.750000
vt 0.615928 0.789126
vt 0.620415 0.828098
vt 0.620140 0.790824
vt 0.620582 0.671902
vt 0.616096 0.710874
vt 0.619972 0.770752
vt 0.620470 0.709176
vt 0.296952 0.578048
vt 0.383984 0.421952
vt 0.383984 0.578048
vt 0.296258 0.539829
vt 0.335231 0.578802
vt 0.332908 0.542211
vt 0.384072 0.460975
vt 0.375000 0.419352
vt 0.294352 0.500000
vt 0.331566 0.500000
vt 0.375000 0.456566
vt 0.379578 0.577997
vt 0.384065 0.539025
vt 0.351735 0.543669
vt 0.379846 0.540625
vt 0.703048 0.578048
vt 0.616016 0.578048
vt 0.616016 0.421952
vt 0.663381 0.577294
vt 0.702354 0.500000
vt 0.625000 0.422646
vt 0.664357 0.500000
vt 0.625000 0.460643
vt 0.616096 0.539025
vt 0.620582 0.577997
vt 0.620653 0.479642
vt 0.620470 0.540625
vt 0.620589 0.422002
vt 0.616103 0.460975
vt 0.620484 0.459375
vt 0.203048 0.671952
vt 0.383991 0.921952
vt 0.383991 0.078048
vt 0.203782 0.711681
vt 0.164809 0.672708
vt 0.167171 0.710766
vt 0.384221 1.000000
vt 0.384221 0.000000
vt 0.375000 0.919201
vt 0.205799 0.750000
vt 0.168591 0.750000
vt 0.375000 0.956409
vt 0.375355 0.000224
vt 0.125000 0.674785
vt 0.375000 0.075215
vt 0.384076 0.039129
vt 0.125000 0.712228
vt 0.375000 0.037772
vt 0.616009 0.921952
vt 0.796952 0.671952
vt 0.616009 0.078048
vt 0.620411 0.921899
vt 0.616238 1.000000
vt 0.616238 0.000000
vt 0.620467 1.000000
vt 0.620467 0.000000
vt 0.625000 0.078804
vt 0.875000 0.671196
vt 0.797686 0.750000
vt 0.625000 0.922686
vt 0.625000 0.042215
vt 0.624646 0.999784
vt 0.875000 0.707785
vt 0.616094 0.039129
vt 0.620583 0.078102
vt 0.620476 0.040830
vt 0.203048 0.578048
vt 0.383991 0.171952
vt 0.383991 0.328048
vt 0.164809 0.578804
vt 0.203782 0.539831
vt 0.167171 0.542215
vt 0.384076 0.210978
vt 0.375000 0.169119
vt 0.125000 0.580881
vt 0.125000 0.543677
vt 0.375000 0.206323
vt 0.205799 0.500000
vt 0.375000 0.330799
vt 0.384079 0.289022
vt 0.375000 0.293591
vt 0.168591 0.500000
vt 0.796952 0.578048
vt 0.616009 0.328048
vt 0.616009 0.171952
vt 0.797686 0.500000
vt 0.625000 0.327314
vt 0.875000 0.577292
vt 0.625000 0.172708
vt 0.875000 0.539234
vt 0.625329 0.249799
vt 0.625000 0.210766
vt 0.616096 0.289022
vt 0.620586 0.327995
vt 0.620640 0.229654
vt 0.620481 0.290619
vt 0.620583 0.172006
vt 0.616094 0.210978
vt 0.620476 0.209381
vt 0.296952 0.671952
vt 0.383991 0.671952
vt 0.383991 0.828048
vt 0.336659 0.672708
vt 0.297686 0.711681
vt 0.335723 0.710766
vt 0.383906 0.710978
vt 0.379417 0.672006
vt 0.357311 0.712228
vt 0.379524 0.709381
vt 0.299703 0.750000
vt 0.375000 0.825297
vt 0.383904 0.789022
vt 0.337142 0.750000
vt 0.375000 0.787858
vt 0.703048 0.671952
vt 0.616009 0.828048
vt 0.616009 0.671952
vt 0.625000 0.828782
vt 0.703782 0.750000
vt 0.664809 0.671196
vt 0.625000 0.792171
vt 0.667171 0.750000
vt 0.615921 0.789022
vt 0.620411 0.827995
vt 0.620136 0.790619
vt 0.620413 0.672005
vt 0.615924 0.710978
vt 0.619967 0.770347
vt 0.620141 0.709381
vt 0.296952 0.578048
vt 0.383991 0.421952
vt 0.383991 0.578048
vt 0.297686 0.539831
vt 0.336659 0.578804
vt 0.335723 0.542215
vt 0.384079 0.460871
vt 0.299703 0.500000
vt 0.375000 0.424703
vt 0.337142 0.500000
vt 0.375000 0.462142
vt 0.379417 0.578101
vt 0.383906 0.539129
vt 0.357311 0.543677
vt 0.379524 0.540830
vt 0.703048 0.578048
vt 0.616009 0.578048
vt 0.616009 0.421952
vt 0.664809 0.577292
vt 0.703782 0.500000
vt 0.625000 0.421218
vt 0.667171 0.500000
vt 0.625000 0.457829
vt 0.615924 0.539129
vt 0.620413 0.578101
vt 0.620650 0.479236
vt 0.620141 0.540830
vt 0.620586 0.421899
vt 0.616096 0.460871
vt 0.620481 0.459170
s 0
g off
g Сфера_Материал
usemtl Материал
f 1/1/1 253/253/1 126/126/1
f 257/257/2 354/370/2 367/383/2
f 50/50/3 173/173/3 46/46/3
f 106/106/4 229/229/4 102/102/4
f 54/54/5 177/177/5 50/50/5
f 110/110/6 233/233/6 106/106/6
f 58/58/7 181/181/7 54/54/7
f 114/114/8 237/237/8 110/110/8
f 62/62/9 185/185/9 58/58/9
f 73/73/10 41/41/10 9/9/10
f 118/118/11 241/241/11 114/114/11
f 66/66/12 189/189/12 62/62/12
f 14/14/13 137/137/13 10/10/13
f 122/122/14 245/245/14 118/118/14
f 70/70/15 193/193/15 66/66/15
f 18/18/16 141/141/16 14/14/16
f 126/126/17 249/249/17 122/122/17
f 74/74/18 197/197/18 70/70/18
f 22/22/19 145/145/19 18/18/19
f 194/194/2 226/226/2 129/129/2
f 78/78/20 201/201/20 74/74/20
f 26/26/21 149/149/21 22/22/21
f 10/10/22 133/133/22 6/6/22
f 82/82/23 205/205/23 78/78/23
f 30/30/24 153/153/24 26/26/24
f 86/86/25 209/209/25 82/82/25
f 34/34/26 157/157/26 30/30/26
f 90/90/27 213/213/27 86/86/27
f 38/38/28 161/161/28 34/34/28
f 94/94/29 217/217/29 90/90/29
f 42/42/30 165/165/30 38/38/30
f 98/98/31 221/221/31 94/94/31
f 46/46/32 169/169/32 42/42/32
s 2
f 102/102/33 225/225/34 98/98/35
s 0
f 306/318/10 269/274/10 258/259/10
f 283/293/2 378/400/2 354/370/2
f 341/356/10 439/470/10 317/330/10
f 307/319/2 367/384/2 390/412/2
f 270/275/10 415/446/10 293/304/10
f 331/345/2 390/412/2 378/400/2
f 425/456/36 355/371/36 377/399/36
f 293/304/10 427/458/10 341/356/10
f 259/260/10 295/306/10 281/291/10
f 330/344/10 319/332/10 305/317/10
f 413/444/37 365/381/37 353/369/37
f 317/330/10 402/428/10 270/276/10
f 282/292/10 343/358/10 329/343/10
f 437/468/38 379/401/38 389/411/38
f 521/580/2 449/481/2 473/517/2
f 403/429/39 391/413/39 366/382/39
f 499/552/40 461/499/40 450/482/40
f 523/582/41 511/567/41 498/551/41
f 617/709/2 545/610/2 569/646/2
f 485/533/10 509/565/10 533/595/10
f 463/501/42 474/518/42 451/483/42
f 486/534/43 522/581/43 475/519/43
f 606/695/44 546/611/44 595/681/44
f 619/711/45 607/696/45 594/680/45
f 713/838/2 641/739/2 665/775/2
f 581/662/10 605/694/10 629/724/10
f 559/630/46 570/647/46 547/612/46
f 571/648/47 631/726/47 618/710/47
f 702/824/48 642/740/48 691/810/48
f 726/854/49 690/809/49 715/840/49
f 809/967/2 737/868/2 761/904/2
f 677/791/10 701/823/10 725/853/10
f 643/741/50 679/793/50 666/776/50
f 667/777/51 727/855/51 714/839/51
f 787/939/52 749/886/52 738/869/52
f 822/983/53 786/938/53 811/969/53
f 773/920/10 797/952/10 821/982/10
f 739/870/54 775/922/54 762/905/54
f 774/921/55 810/968/55 763/906/55
f 257/258/56 262/265/56 261/262/56
f 260/261/57 265/269/57 262/265/57
f 263/266/58 264/268/58 258/259/58
f 267/272/59 265/270/59 263/267/59
f 266/271/60 267/272/60 259/260/60
f 261/262/61 268/273/61 266/271/61
f 262/264/62 265/270/62 268/273/62
f 272/278/63 273/279/63 269/274/63
f 276/284/64 274/281/64 272/278/64
f 270/275/65 277/287/65 276/284/65
f 275/283/66 280/290/66 277/287/66
f 278/288/67 279/289/67 271/277/67
f 278/288/68 274/282/68 280/290/68
f 274/282/69 277/286/69 280/290/69
f 284/294/70 285/295/70 281/291/70
f 284/294/71 289/299/71 286/296/71
f 287/297/72 288/298/72 282/292/72
f 291/301/73 289/299/73 287/297/73
f 283/293/74 292/303/74 291/301/74
f 290/300/75 286/296/75 292/303/75
f 286/296/76 289/299/76 292/303/76
f 293/304/77 298/310/77 297/308/77
f 296/307/78 301/313/78 298/310/78
f 299/311/79 300/312/79 294/305/79
f 299/311/80 304/316/80 301/313/80
f 302/314/81 303/315/81 295/306/81
f 297/308/82 304/316/82 302/314/82
f 298/310/83 301/313/83 304/316/83
f 308/320/84 309/321/84 305/317/84
f 308/320/85 313/325/85 310/322/85
f 311/323/86 312/324/86 306/318/86
f 315/327/87 313/325/87 311/323/87
f 307/319/88 316/329/88 315/327/88
f 314/326/89 310/322/89 316/329/89
f 310/322/90 313/325/90 316/329/90
f 317/330/91 322/336/91 321/334/91
f 320/333/92 325/339/92 322/336/92
f 323/337/93 324/338/93 318/331/93
f 323/337/94 328/342/94 325/339/94
f 326/340/95 327/341/95 319/332/95
f 321/334/96 328/342/96 326/340/96
f 322/336/97 325/339/97 328/342/97
f 332/346/98 333/347/98 329/343/98
f 336/350/99 334/348/99 332/346/99
f 335/349/100 336/350/100 330/344/100
f 339/353/101 337/351/101 335/349/101
f 331/345/102 340/355/102 339/353/102
f 338/352/103 334/348/103 340/355/103
f 334/348/104 337/351/104 340/355/104
f 341/356/105 346/362/105 345/360/105
f 344/359/106 349/365/106 346/362/106
f 347/363/107 348/364/107 342/357/107
f 347/363/108 352/368/108 349/365/108
f 350/366/109 351/367/109 343/358/109
f 345/360/110 352/368/110 350/366/110
f 346/362/111 349/365/111 352/368/111
f 356/372/112 357/373/112 353/369/112
f 356/372/113 361/377/113 358/374/113
f 359/375/114 360/376/114 354/370/114
f 363/379/115 361/377/115 359/375/115
f 362/378/116 363/379/116 355/371/116
f 362/378/117 358/374/117 364/380/117
f 358/374/118 361/377/118 364/380/118
f 368/385/119 369/386/119 365/381/119
f 372/392/120 370/388/120 368/385/120
f 371/391/121 372/392/121 366/382/121
f 371/390/122 376/398/122 373/393/122
f 374/395/123 375/396/123 367/383/123
f 369/386/124 376/398/124 374/395/124
f 370/387/125 373/393/125 376/398/125
f 380/402/126 381/403/126 377/399/126
f 380/402/127 385/407/127 382/404/127
f 383/405/128 384/406/128 378/400/128
f 387/409/129 385/407/129 383/405/129
f 386/408/130 387/409/130 379/401/130
f 381/403/131 388/410/131 386/408/131
f 382/404/132 385/407/132 388/410/132
f 392/414/133 393/415/133 389/411/133
f 392/414/134 397/420/134 394/417/134
f 395/418/135 396/419/135 390/412/135
f 399/423/136 397/420/136 395/418/136
f 398/421/137 399/422/137 391/413/137
f 398/421/138 394/417/138 400/425/138
f 394/416/139 397/420/139 400/424/139
f 404/430/140 405/431/140 401/426/140
f 404/430/141 409/438/141 406/432/141
f 407/434/142 408/435/142 402/428/142
f 411/441/143 409/439/143 407/433/143
f 410/440/144 411/441/144 403/429/144
f 405/431/145 412/443/145 410/440/145
f 406/432/146 409/437/146 412/442/146
f 416/447/147 417/448/147 413/444/147
f 420/451/148 418/449/148 416/447/148
f 419/450/149 420/451/149 414/445/149
f 419/450/150 424/455/150 421/452/150
f 422/453/151 423/454/151 415/446/151
f 417/448/152 424/455/152 422/453/152
f 418/449/153 421/452/153 424/455/153
f 428/459/154 429/460/154 425/456/154
f 432/463/155 430/461/155 428/459/155
f 431/462/156 432/463/156 426/457/156
f 431/462/157 436/467/157 433/464/157
f 434/465/158 435/466/158 427/458/158
f 429/460/159 436/467/159 434/465/159
f 430/461/160 433/464/160 436/467/160
f 440/471/161 441/472/161 437/468/161
f 444/476/162 442/474/162 440/471/162
f 443/475/163 444/476/163 438/469/163
f 443/475/164 448/480/164 445/477/164
f 446/478/165 447/479/165 439/470/165
f 441/472/166 448/480/166 446/478/166
f 442/473/167 445/477/167 448/480/167
f 449/481/168 454/486/168 453/485/168
f 452/484/169 457/492/169 454/486/169
f 455/487/170 456/489/170 450/482/170
f 455/488/171 460/497/171 457/491/171
f 458/495/172 459/496/172 451/483/172
f 453/485/173 460/498/173 458/494/173
f 454/486/174 457/492/174 460/498/174
f 461/499/175 466/505/175 465/503/175
f 464/502/176 469/511/176 466/505/176
f 467/507/177 468/509/177 462/500/177
f 471/515/178 469/513/178 467/508/178
f 463/501/179 472/516/179 471/515/179
f 470/514/180 466/506/180 472/516/180
f 466/506/181 469/513/181 472/516/181
f 476/520/182 477/521/182 473/517/182
f 480/524/183 478/522/183 476/520/183
f 474/518/184 481/527/184 480/525/184
f 479/523/185 484/531/185 481/527/185
f 482/529/186 483/530/186 475/519/186
f 477/521/187 484/532/187 482/528/187
f 478/522/188 481/526/188 484/532/188
f 488/536/189 489/538/189 485/533/189
f 492/544/190 490/541/190 488/537/190
f 486/534/191 493/546/191 492/544/191
f 491/543/192 496/549/192 493/546/192
f 494/547/193 495/548/193 487/535/193
f 489/539/194 496/549/194 494/547/194
f 490/542/195 493/545/195 496/549/195
f 500/553/196 501/554/196 497/550/196
f 500/553/197 505/559/197 502/555/197
f 503/556/198 504/557/198 498/551/198
f 507/562/199 505/559/199 503/556/199
f 499/552/200 508/564/200 507/562/200
f 506/560/201 502/555/201 508/563/201
f 502/555/202 505/558/202 508/563/202
f 512/569/203 513/570/203 509/565/203
f 512/568/204 517/575/204 514/571/204
f 515/573/205 516/574/205 510/566/205
f 519/577/206 517/575/206 515/573/206
f 511/567/207 520/579/207 519/577/207
f 518/576/208 514/572/208 520/579/208
f 514/571/209 517/575/209 520/578/209
f 524/583/210 525/584/210 521/580/210
f 528/587/211 526/585/211 524/583/211
f 522/581/212 529/590/212 528/588/212
f 531/592/213 529/590/213 527/586/213
f 523/582/214 532/594/214 531/592/214
f 530/591/215 526/585/215 532/594/215
f 526/585/216 529/589/216 532/593/216
f 533/595/217 538/601/217 537/599/217
f 536/598/218 541/606/218 538/601/218
f 539/603/219 540/604/219 534/596/219
f 543/608/220 541/606/220 539/603/220
f 542/607/221 543/608/221 535/597/221
f 537/600/222 544/609/222 542/607/222
f 538/602/223 541/605/223 544/609/223
f 548/613/224 549/614/224 545/610/224
f 552/618/225 550/615/225 548/613/225
f 546/611/226 553/622/226 552/619/226
f 551/616/227 556/626/227 553/620/227
f 554/624/228 555/625/228 547/612/228
f 549/614/229 556/627/229 554/623/229
f 550/615/230 553/621/230 556/627/230
f 560/631/231 561/632/231 557/628/231
f 564/639/232 562/634/232 560/631/232
f 563/636/233 564/638/233 558/629/233
f 567/644/234 565/642/234 563/637/234
f 559/630/235 568/645/235 567/644/235
f 566/643/236 562/635/236 568/645/236
f 562/635/237 565/642/237 568/645/237
f 572/649/238 573/650/238 569/646/238
f 576/653/239 574/651/239 572/649/239
f 570/647/240 577/656/240 576/654/240
f 575/652/241 580/661/241 577/656/241
f 571/648/242 580/661/242 579/659/242
f 578/657/243 574/651/243 580/660/243
f 574/651/244 577/655/244 580/660/244
f 581/662/245 586/670/245 585/667/245
f 584/665/246 589/675/246 586/669/246
f 587/672/247 588/673/247 582/663/247
f 587/672/248 592/678/248 589/675/248
f 590/676/249 591/677/249 583/664/249
f 585/668/250 592/678/250 590/676/250
f 586/671/251 589/674/251 592/678/251
f 593/679/252 598/684/252 597/683/252
f 596/682/253 601/688/253 598/684/253
f 599/685/254 600/686/254 594/680/254
f 603/691/255 601/688/255 599/685/255
f 602/690/256 603/691/256 595/681/256
f 597/683/257 604/693/257 602/689/257
f 598/684/258 601/687/258 604/693/258
f 608/697/259 609/699/259 605/694/259
f 612/703/260 610/700/260 608/698/260
f 606/695/261 613/704/261 612/703/261
f 615/706/262 613/704/262 611/702/262
f 607/696/263 616/708/263 615/706/263
f 614/705/264 610/701/264 616/708/264
f 610/700/265 613/704/265 616/707/265
f 620/712/266 621/713/266 617/709/266
f 620/712/267 625/718/267 622/714/267
f 623/715/268 624/716/268 618/710/268
f 627/721/269 625/719/269 623/715/269
f 619/711/270 628/723/270 627/721/270
f 626/720/271 622/714/271 628/723/271
f 622/714/272 625/718/272 628/722/272
f 632/727/273 633/728/273 629/724/273
f 632/727/274 637/735/274 634/730/274
f 635/732/275 636/733/275 630/725/275
f 639/737/276 637/735/276 635/732/276
f 631/726/277 640/738/277 639/737/277
f 638/736/278 634/731/278 640/738/278
f 634/731/279 637/734/279 640/738/279
f 644/742/280 645/743/280 641/739/280
f 648/747/281 646/744/281 644/742/281
f 642/740/282 649/750/282 648/748/282
f 651/754/283 649/751/283 647/746/283
f 643/741/284 652/756/284 651/754/284
f 650/752/285 646/744/285 652/755/285
f 646/744/286 649/749/286 652/755/286
f 656/760/287 657/761/287 653/757/287
f 660/768/288 658/763/288 656/760/288
f 654/758/289 661/771/289 660/767/289
f 659/765/290 664/774/290 661/769/290
f 662/772/291 663/773/291 655/759/291
f 657/762/292 664/774/292 662/772/292
f 658/764/293 661/769/293 664/774/293
f 668/778/294 669/779/294 665/775/294
f 668/778/295 673/784/295 670/780/295
f 671/781/296 672/782/296 666/776/296
f 675/788/297 673/785/297 671/781/297
f 667/777/298 676/790/298 675/788/298
f 674/786/299 670/780/299 676/789/299
f 670/780/300 673/784/300 676/789/300
f 680/795/301 681/796/301 677/791/301
f 680/794/302 685/804/302 682/798/302
f 683/801/303 684/802/303 678/792/303
f 687/806/304 685/804/304 683/801/304
f 679/793/305 688/807/305 687/806/305
f 686/805/306 682/800/306 688/807/306
f 682/800/307 685/803/307 688/807/307
f 692/811/308 693/812/308 689/808/308
f 696/815/309 694/813/309 692/811/309
f 690/809/310 697/817/310 696/815/310
f 695/814/311 700/821/311 697/817/311
f 698/819/312 699/820/312 691/810/312
f 693/812/313 700/822/313 698/818/313
f 694/813/314 697/816/314 700/822/314
f 704/826/315 705/828/315 701/823/315
f 708/832/316 706/829/316 704/827/316
f 702/824/317 709/833/317 708/832/317
f 707/831/318 712/837/318 709/833/318
f 710/834/319 711/835/319 703/825/319
f 705/828/320 712/837/320 710/834/320
f 706/829/321 709/833/321 712/836/321
f 713/838/322 718/843/322 717/842/322
f 716/841/323 721/847/323 718/843/323
f 719/844/324 720/845/324 714/839/324
f 719/844/325 724/852/325 721/848/325
f 722/849/326 723/850/326 715/840/326
f 717/842/327 724/852/327 722/849/327
f 718/843/328 721/847/328 724/851/328
f 728/856/329 729/857/329 725/853/329
f 732/862/330 730/859/330 728/856/330
f 726/854/331 733/864/331 732/862/331
f 731/861/332 736/867/332 733/864/332
f 727/855/333 736/867/333 735/866/333
f 734/865/334 730/860/334 736/867/334
f 730/860/335 733/863/335 736/867/335
f 740/871/336 741/872/336 737/868/336
f 740/871/337 745/878/337 742/873/337
f 743/874/338 744/876/338 738/869/338
f 747/883/339 745/880/339 743/875/339
f 739/870/340 748/885/340 747/883/340
f 746/881/341 742/873/341 748/884/341
f 742/873/342 745/878/342 748/884/342
f 749/886/343 754/892/343 753/890/343
f 752/889/344 757/899/344 754/892/344
f 755/895/345 756/896/345 750/887/345
f 755/894/346 760/903/346 757/898/346
f 758/901/347 759/902/347 751/888/347
f 753/891/348 760/903/348 758/901/348
f 754/893/349 757/898/349 760/903/349
f 761/904/350 766/909/350 765/908/350
f 764/907/351 769/913/351 766/909/351
f 767/910/352 768/911/352 762/905/352
f 771/917/353 769/914/353 767/910/353
f 770/916/354 771/917/354 763/906/354
f 765/908/355 772/919/355 770/915/355
f 766/909/356 769/913/356 772/919/356
f 776/923/357 777/925/357 773/920/357
f 780/931/358 778/928/358 776/924/358
f 774/921/359 781/933/359 780/931/359
f 783/935/360 781/933/360 779/930/360
f 775/922/361 784/936/361 783/935/361
f 782/934/362 778/929/362 784/936/362
f 778/929/363 781/932/363 784/936/363
f 788/940/364 789/941/364 785/937/364
f 792/944/365 790/942/365 788/940/365
f 786/938/366 793/946/366 792/944/366
f 791/943/367 796/951/367 793/946/367
f 787/939/368 796/951/368 795/949/368
f 794/947/369 790/942/369 796/950/369
f 790/942/370 793/945/370 796/950/370
f 797/952/371 802/959/371 801/957/371
f 800/955/372 805/962/372 802/958/372
f 803/960/373 804/961/373 798/953/373
f 803/960/374 808/966/374 805/962/374
f 806/963/375 807/964/375 799/954/375
f 801/957/376 808/966/376 806/963/376
f 802/958/377 805/962/377 808/965/377
f 812/970/378 813/971/378 809/967/378
f 816/974/379 814/972/379 812/970/379
f 810/968/380 817/977/380 816/975/380
f 815/973/381 820/981/381 817/977/381
f 818/978/382 819/979/382 811/969/382
f 813/971/383 820/981/383 818/978/383
f 814/972/384 817/976/384 820/980/384
f 824/985/385 825/986/385 821/982/385
f 828/991/386 826/988/386 824/985/386
f 822/983/387 829/993/387 828/991/387
f 827/990/388 832/996/388 829/993/388
f 830/994/389 831/995/389 823/984/389
f 825/987/390 832/996/390 830/994/390
f 826/989/391 829/992/391 832/996/391
f 6/6/392 3/3/392 8/8/392
f 8/8/393 4/4/393 7/7/393
f 7/7/394 2/2/394 5/5/394
f 10/10/395 8/8/395 12/12/395
f 12/12/396 7/7/396 11/11/396
f 11/11/397 5/5/397 9/9/397
f 14/14/398 12/12/398 16/16/398
f 16/16/399 11/11/399 15/15/399
f 15/15/400 9/9/400 13/13/400
f 18/18/401 16/16/401 20/20/401
f 20/20/402 15/15/402 19/19/402
f 19/19/403 13/13/403 17/17/403
f 22/22/404 20/20/404 24/24/404
f 24/24/405 19/19/405 23/23/405
f 23/23/406 17/17/406 21/21/406
f 26/26/407 24/24/407 28/28/407
f 28/28/408 23/23/408 27/27/408
f 27/27/409 21/21/409 25/25/409
f 30/30/410 28/28/410 32/32/410
f 32/32/411 27/27/411 31/31/411
f 31/31/412 25/25/412 29/29/412
f 34/34/413 32/32/413 36/36/413
f 36/36/414 31/31/414 35/35/414
f 35/35/415 29/29/415 33/33/415
f 34/34/416 40/40/416 38/38/416
f 36/36/417 39/39/417 40/40/417
f 35/35/418 37/37/418 39/39/418
f 38/38/419 44/44/419 42/42/419
f 40/40/420 43/43/420 44/44/420
f 39/39/421 41/41/421 43/43/421
f 42/42/422 48/48/422 46/46/422
f 44/44/423 47/47/423 48/48/423
f 43/43/424 45/45/424 47/47/424
f 49/49/425 47/47/425 45/45/425
f 51/51/426 48/48/426 47/47/426
f 52/52/427 46/46/427 48/48/427
f 50/50/428 56/56/428 54/54/428
f 52/52/429 55/55/429 56/56/429
f 51/51/430 53/53/430 55/55/430
f 57/57/431 55/55/431 53/53/431
f 59/59/432 56/56/432 55/55/432
f 60/60/433 54/54/433 56/56/433
f 58/58/434 64/64/434 62/62/434
f 60/60/435 63/63/435 64/64/435
f 59/59/436 61/61/436 63/63/436
f 62/62/437 68/68/437 66/66/437
f 64/64/438 67/67/438 68/68/438
f 63/63/439 65/65/439 67/67/439
f 70/70/440 68/68/440 72/72/440
f 72/72/441 67/67/441 71/71/441
f 71/71/442 65/65/442 69/69/442
f 74/74/443 72/72/443 76/76/443
f 76/76/444 71/71/444 75/75/444
f 75/75/445 69/69/445 73/73/445
f 78/78/446 76/76/446 80/80/446
f 80/80/447 75/75/447 79/79/447
f 79/79/448 73/73/448 77/77/448
f 82/82/449 80/80/449 84/84/449
f 84/84/450 79/79/450 83/83/450
f 83/83/451 77/77/451 81/81/451
f 86/86/452 84/84/452 88/88/452
f 88/88/453 83/83/453 87/87/453
f 87/87/454 81/81/454 85/85/454
f 90/90/455 88/88/455 92/92/455
f 92/92/456 87/87/456 91/91/456
f 91/91/457 85/85/457 89/89/457
f 94/94/458 92/92/458 96/96/458
f 96/96/459 91/91/459 95/95/459
f 95/95/460 89/89/460 93/93/460
f 98/98/461 96/96/461 100/100/461
f 100/100/462 95/95/462 99/99/462
f 99/99/463 93/93/463 97/97/463
f 101/101/464 99/99/464 97/97/464
f 103/103/465 100/100/465 99/99/465
s 2
f 104/104/466 98/98/35 100/100/467
s 0
f 102/102/468 108/108/468 106/106/468
f 104/104/469 107/107/469 108/108/469
f 103/103/470 105/105/470 107/107/470
f 106/106/471 112/112/471 110/110/471
f 108/108/472 111/111/472 112/112/472
f 107/107/473 109/109/473 111/111/473
f 110/110/474 116/116/474 114/114/474
f 112/112/475 115/115/475 116/116/475
f 111/111/476 113/113/476 115/115/476
f 114/114/477 120/120/477 118/118/477
f 116/116/478 119/119/478 120/120/478
f 115/115/479 117/117/479 119/119/479
f 118/118/480 124/124/480 122/122/480
f 120/120/481 123/123/481 124/124/481
f 119/119/482 121/121/482 123/123/482
f 122/122/483 128/128/483 126/126/483
f 124/124/484 127/127/484 128/128/484
f 123/123/485 125/125/485 127/127/485
f 126/126/486 3/3/486 1/1/486
f 128/128/487 4/4/487 3/3/487
f 127/127/488 2/2/488 4/4/488
f 129/129/489 136/136/489 134/134/489
f 131/131/490 135/135/490 136/136/490
f 132/132/491 133/133/491 135/135/491
f 134/134/492 140/140/492 138/138/492
f 136/136/493 139/139/493 140/140/493
f 135/135/494 137/137/494 139/139/494
f 138/138/495 144/144/495 142/142/495
f 140/140/496 143/143/496 144/144/496
f 139/139/497 141/141/497 143/143/497
f 142/142/498 148/148/498 146/146/498
f 144/144/499 147/147/499 148/148/499
f 143/143/500 145/145/500 147/147/500
f 146/146/501 152/152/501 150/150/501
f 148/148/502 151/151/502 152/152/502
f 147/147/503 149/149/503 151/151/503
f 150/150/504 156/156/504 154/154/504
f 152/152/505 155/155/505 156/156/505
f 151/151/506 153/153/506 155/155/506
f 154/154/507 160/160/507 158/158/507
f 156/156/508 159/159/508 160/160/508
f 155/155/509 157/157/509 159/159/509
f 158/158/510 164/164/510 162/162/510
f 160/160/511 163/163/511 164/164/511
f 159/159/512 161/161/512 163/163/512
f 166/166/513 164/164/513 168/168/513
f 168/168/514 163/163/514 167/167/514
f 167/167/515 161/161/515 165/165/515
f 170/170/516 168/168/516 172/172/516
f 172/172/517 167/167/517 171/171/517
f 171/171/518 165/165/518 169/169/518
f 174/174/519 172/172/519 176/176/519
f 176/176/520 171/171/520 175/175/520
f 175/175/521 169/169/521 173/173/521
f 173/173/522 179/179/522 175/175/522
f 175/175/523 180/180/523 176/176/523
f 176/176/524 178/178/524 174/174/524
f 182/182/525 180/180/525 184/184/525
f 184/184/526 179/179/526 183/183/526
f 183/183/527 177/177/527 181/181/527
f 181/181/528 187/187/528 183/183/528
f 183/183/529 188/188/529 184/184/529
f 184/184/530 186/186/530 182/182/530
f 190/190/531 188/188/531 192/192/531
f 192/192/532 187/187/532 191/191/532
f 191/191/533 185/185/533 189/189/533
f 194/194/534 192/192/534 196/196/534
f 196/196/535 191/191/535 195/195/535
f 195/195/536 189/189/536 193/193/536
f 194/194/537 200/200/537 198/198/537
f 196/196/538 199/199/538 200/200/538
f 195/195/539 197/197/539 199/199/539
f 198/198/540 204/204/540 202/202/540
f 200/200/541 203/203/541 204/204/541
f 199/199/542 201/201/542 203/203/542
f 202/202/543 208/208/543 206/206/543
f 204/204/544 207/207/544 208/208/544
f 203/203/545 205/205/545 207/207/545
f 206/206/546 212/212/546 210/210/546
f 208/208/547 211/211/547 212/212/547
f 207/207/548 209/209/548 211/211/548
f 210/210/549 216/216/549 214/214/549
f 212/212/550 215/215/550 216/216/550
f 211/211/551 213/213/551 215/215/551
f 214/214/552 220/220/552 218/218/552
f 216/216/553 219/219/553 220/220/553
f 215/215/554 217/217/554 219/219/554
f 218/218/555 224/224/555 222/222/555
f 220/220/556 223/223/556 224/224/556
f 219/219/557 221/221/557 223/223/557
f 222/222/558 228/228/558 226/226/558
f 224/224/559 227/227/559 228/228/559
f 223/223/560 225/225/560 227/227/560
s 2
f 225/225/34 231/231/561 227/227/562
f 227/227/562 232/232/563 228/228/564
s 0
f 228/228/565 230/230/565 226/226/565
f 234/234/566 232/232/566 236/236/566
f 236/236/567 231/231/567 235/235/567
f 235/235/568 229/229/568 233/233/568
f 238/238/569 236/236/569 240/240/569
f 240/240/570 235/235/570 239/239/570
f 239/239/571 233/233/571 237/237/571
f 242/242/572 240/240/572 244/244/572
f 244/244/573 239/239/573 243/243/573
f 243/243/574 237/237/574 241/241/574
f 246/246/575 244/244/575 248/248/575
f 248/248/576 243/243/576 247/247/576
f 247/247/577 241/241/577 245/245/577
f 250/250/578 248/248/578 252/252/578
f 252/252/579 247/247/579 251/251/579
f 251/251/580 245/245/580 249/249/580
f 254/254/581 252/252/581 256/256/581
f 256/256/582 251/251/582 255/255/582
f 255/255/583 249/249/583 253/253/583
f 129/129/584 256/256/584 131/131/584
f 131/131/585 255/255/585 132/132/585
f 132/132/586 253/253/586 130/130/586
f 257/257/587 290/300/587 283/293/587
f 290/300/588 266/271/588 285/295/588
f 285/295/589 259/260/589 281/291/589
f 258/259/590 273/279/590 263/266/590
f 263/267/590 278/288/590 267/272/590
f 267/272/10 271/277/10 259/260/10
f 293/304/591 275/283/591 270/275/591
f 275/283/592 302/314/592 279/289/592
f 279/289/593 295/306/593 271/277/593
f 294/305/2 288/298/2 299/311/2
f 299/311/2 284/294/2 303/315/2
f 303/315/10 281/291/10 295/306/10
f 283/293/594 338/352/594 331/345/594
f 291/302/595 333/347/595 338/352/595
f 287/297/596 329/343/596 333/347/596
f 293/304/597 345/361/597 296/307/597
f 345/361/598 300/312/598 296/307/598
f 350/366/599 294/305/599 300/312/599
f 342/357/600 336/350/600 347/363/600
f 336/350/2 351/367/2 347/363/2
f 351/367/10 329/343/10 343/358/10
f 331/345/601 314/326/601 307/319/601
f 339/354/602 309/321/602 314/326/602
f 335/349/603 305/317/603 309/321/603
f 317/330/604 344/359/604 341/356/604
f 344/359/605 326/340/605 348/364/605
f 326/340/606 342/357/606 348/364/606
f 318/331/2 312/324/2 323/337/2
f 323/337/2 308/320/2 327/341/2
f 327/341/10 305/317/10 319/332/10
f 257/258/607 315/328/607 260/261/607
f 315/328/608 264/268/608 260/261/608
f 311/323/609 258/259/609 264/268/609
f 317/330/610 276/285/610 320/333/610
f 276/285/611 324/338/611 320/333/611
f 272/278/612 318/331/612 324/338/612
f 365/381/613 356/372/613 353/369/613
f 369/386/614 360/376/614 356/372/614
f 374/395/615 354/370/615 360/376/615
f 355/371/616 380/402/616 377/399/616
f 363/379/617 384/406/617 380/402/617
f 359/375/618 378/400/618 384/406/618
f 379/401/619 392/414/619 389/411/619
f 387/409/620 396/419/620 392/414/620
f 383/405/621 390/412/621 396/419/621
f 391/413/622 371/391/622 366/382/622
f 399/423/623 375/397/623 371/389/623
f 395/418/624 367/384/624 375/397/624
f 413/444/625 404/430/625 401/426/625
f 404/430/626 422/453/626 408/436/626
f 408/436/627 415/446/627 402/427/627
f 425/456/628 419/450/628 414/445/628
f 419/450/629 434/465/629 423/454/629
f 434/465/630 415/446/630 423/454/630
f 437/468/631 431/462/631 426/457/631
f 431/462/632 446/478/632 435/466/632
f 446/478/633 427/458/633 435/466/633
f 403/429/634 443/475/634 438/469/634
f 443/475/635 407/433/635 447/479/635
f 407/434/636 439/470/636 447/479/636
f 414/445/637 362/378/637 355/371/637
f 362/378/638 416/447/638 357/373/638
f 357/373/639 413/444/639 353/369/639
f 401/426/640 368/385/640 365/381/640
f 405/431/641 372/392/641 368/385/641
f 410/440/642 366/382/642 372/392/642
f 438/469/643 398/421/643 391/413/643
f 444/476/644 393/415/644 398/421/644
f 440/471/645 389/411/645 393/415/645
f 379/401/646 432/463/646 386/408/646
f 432/463/647 381/403/647 386/408/647
f 381/403/648 425/456/648 377/399/648
f 473/517/649 453/485/649 476/520/649
f 476/520/650 458/494/650 480/524/650
f 480/525/651 451/483/651 474/518/651
f 450/482/652 465/503/652 455/487/652
f 465/504/653 459/496/653 455/488/653
f 470/514/654 451/483/654 459/496/654
f 462/500/655 489/538/655 467/507/655
f 467/508/656 494/547/656 471/515/656
f 471/515/657 487/535/657 463/501/657
f 475/519/658 491/543/658 486/534/658
f 483/530/659 495/548/659 491/543/659
f 479/523/660 487/535/660 495/548/660
f 521/580/661 477/521/661 524/583/661
f 524/583/662 482/528/662 528/587/662
f 528/588/663 475/519/663 522/581/663
f 485/533/664 537/599/664 488/536/664
f 488/537/665 542/607/665 492/544/665
f 492/544/634 535/597/634 486/534/634
f 534/596/666 531/592/666 539/603/666
f 539/603/667 527/586/667 543/608/667
f 527/586/668 535/597/668 543/608/668
f 521/580/669 500/553/669 497/550/669
f 525/584/670 504/557/670 500/553/670
f 530/591/671 498/551/671 504/557/671
f 509/565/672 536/598/672 533/595/672
f 513/570/673 540/604/673 536/598/673
f 518/576/674 534/596/674 540/604/674
f 510/566/675 507/562/675 515/573/675
f 515/573/676 503/556/676 519/577/676
f 519/577/677 498/551/677 511/567/677
f 497/550/678 452/484/678 449/481/678
f 501/554/679 456/490/679 452/484/679
f 506/561/680 450/482/680 456/489/680
f 462/500/681 512/569/681 509/565/681
f 468/510/682 516/574/682 512/568/682
f 464/502/683 510/566/683 516/574/683
f 569/646/684 549/614/684 572/649/684
f 572/649/685 554/623/685 576/653/685
f 576/654/686 547/612/686 570/647/686
f 557/628/687 551/617/687 546/611/687
f 561/633/688 555/625/688 551/616/688
f 566/643/689 547/612/689 555/625/689
f 558/629/690 585/667/690 563/636/690
f 563/637/691 590/676/691 567/644/691
f 567/644/692 583/664/692 559/630/692
f 582/663/693 579/659/693 587/672/693
f 579/659/694 591/677/694 587/672/694
f 575/652/695 583/664/695 591/677/695
f 569/646/696 620/712/696 617/709/696
f 573/650/697 624/717/697 620/712/697
f 578/658/698 618/710/698 624/716/698
f 629/724/699 584/666/699 581/662/699
f 633/729/700 588/673/700 584/665/700
f 638/736/701 582/663/701 588/673/701
f 630/725/702 627/721/702 635/732/702
f 635/732/703 623/715/703 639/737/703
f 639/737/704 618/710/704 631/726/704
f 617/709/705 596/682/705 593/679/705
f 621/713/706 600/686/706 596/682/706
f 626/720/707 594/680/707 600/686/707
f 605/694/708 632/727/708 629/724/708
f 609/699/709 636/733/709 632/727/709
f 614/705/710 630/725/710 636/733/710
f 595/681/711 611/702/711 606/695/711
f 611/702/712 599/685/712 615/706/712
f 615/706/713 594/680/713 607/696/713
f 545/610/714 597/683/714 548/613/714
f 548/613/715 602/689/715 552/618/715
f 552/619/716 595/681/716 546/611/716
f 605/694/717 564/638/717 608/697/717
f 608/698/718 560/631/718 612/703/718
f 612/703/719 557/628/719 606/695/719
f 641/739/720 668/778/720 665/775/720
f 645/743/721 672/783/721 668/778/721
f 650/753/722 666/776/722 672/782/722
f 653/757/723 647/745/723 642/740/723
f 647/746/724 662/772/724 651/754/724
f 651/754/725 655/759/725 643/741/725
f 677/791/726 659/766/726 654/758/726
f 681/797/727 663/773/727 659/765/727
f 686/805/692 655/759/692 663/773/692
f 678/792/728 675/788/728 683/801/728
f 683/801/729 671/781/729 687/806/729
f 687/806/730 666/776/730 679/793/730
f 665/775/731 716/841/731 713/838/731
f 669/779/732 720/846/732 716/841/732
f 674/787/733 714/839/733 720/845/733
f 725/853/734 680/795/734 677/791/734
f 729/858/735 684/802/735 680/794/735
f 734/865/736 678/792/736 684/802/736
f 715/840/737 731/861/737 726/854/737
f 723/850/738 735/866/738 731/861/738
f 735/866/739 714/839/739 727/855/739
f 689/808/740 717/842/740 692/811/740
f 692/811/741 722/849/741 696/815/741
f 696/815/707 715/840/707 690/809/707
f 725/853/742 705/828/742 728/856/742
f 728/856/743 710/834/743 732/862/743
f 732/862/744 703/825/744 726/854/744
f 691/810/745 707/831/745 702/824/745
f 699/820/746 711/835/746 707/831/746
f 695/814/747 703/825/747 711/835/747
f 641/739/748 693/812/748 644/742/748
f 644/742/749 698/818/749 648/747/749
f 648/748/750 691/810/750 642/740/750
f 701/823/751 660/767/751 704/826/751
f 704/827/752 656/760/752 708/832/752
f 708/832/753 653/757/753 702/824/753
f 737/868/754 764/907/754 761/904/754
f 741/872/755 768/912/755 764/907/755
f 746/882/756 762/905/756 768/911/756
f 738/869/757 753/890/757 743/874/757
f 743/875/758 758/901/758 747/883/758
f 747/883/759 751/888/759 739/870/759
f 773/920/760 755/895/760 750/887/760
f 777/926/656 759/902/656 755/894/656
f 782/934/761 751/888/761 759/902/761
f 763/906/762 779/930/762 774/921/762
f 779/930/763 767/910/763 783/935/763
f 783/935/764 762/905/764 775/922/764
f 809/967/731 765/908/731 812/970/731
f 812/970/765 770/915/765 816/974/765
f 816/975/766 763/906/766 810/968/766
f 773/920/767 825/986/767 776/923/767
f 776/924/768 830/994/768 780/931/768
f 780/931/769 823/984/769 774/921/769
f 811/969/770 827/990/770 822/983/770
f 819/979/771 831/995/771 827/990/771
f 815/973/772 823/984/772 831/995/772
f 785/937/773 813/971/773 788/940/773
f 788/940/670 818/978/670 792/944/670
f 792/944/774 811/969/774 786/938/774
f 821/982/775 801/957/775 824/985/775
f 824/985/776 806/963/776 828/991/776
f 828/991/777 799/954/777 822/983/777
f 798/953/778 795/949/778 803/960/778
f 795/949/779 807/964/779 803/960/779
f 791/943/780 799/954/780 807/964/780
f 785/937/781 740/871/781 737/868/781
f 789/941/782 744/877/782 740/871/782
f 794/948/783 738/869/783 744/876/783
f 750/887/751 800/956/751 797/952/751
f 756/897/784 804/961/784 800/955/784
f 752/889/785 798/953/785 804/961/785
f 6/6/786 130/130/786 1/1/786
f 1/1/787 130/130/787 253/253/787
f 257/257/2 283/293/2 354/370/2
f 50/50/788 177/177/788 173/173/788
f 106/106/4 233/233/4 229/229/4
f 54/54/789 181/181/789 177/177/789
f 110/110/6 237/237/6 233/233/6
f 58/58/790 185/185/790 181/181/790
f 114/114/791 241/241/791 237/237/791
f 62/62/792 189/189/792 185/185/792
f 9/9/10 5/5/10 2/2/10
f 2/2/10 125/125/10 121/121/10
f 121/121/10 117/117/10 113/113/10
f 113/113/10 109/109/10 105/105/10
f 105/105/10 101/101/10 97/97/10
f 97/97/10 93/93/10 89/89/10
f 89/89/10 85/85/10 81/81/10
f 81/81/10 77/77/10 73/73/10
f 73/73/10 69/69/10 65/65/10
f 65/65/10 61/61/10 57/57/10
f 57/57/10 53/53/10 49/49/10
f 49/49/10 45/45/10 41/41/10
f 41/41/10 37/37/10 33/33/10
f 33/33/10 29/29/10 25/25/10
f 25/25/10 21/21/10 17/17/10
f 17/17/10 13/13/10 9/9/10
f 9/9/10 2/2/10 121/121/10
f 121/121/10 113/113/10 105/105/10
f 105/105/10 97/97/10 89/89/10
f 89/89/10 81/81/10 73/73/10
f 73/73/10 65/65/10 57/57/10
f 57/57/10 49/49/10 41/41/10
f 41/41/10 33/33/10 25/25/10
f 25/25/10 17/17/10 9/9/10
f 9/9/10 121/121/10 105/105/10
f 105/105/10 89/89/10 73/73/10
f 73/73/10 57/57/10 41/41/10
f 41/41/10 25/25/10 9/9/10
f 9/9/10 105/105/10 73/73/10
f 118/118/793 245/245/793 241/241/793
f 66/66/794 193/193/794 189/189/794
f 14/14/795 141/141/795 137/137/795
f 122/122/14 249/249/14 245/245/14
f 70/70/796 197/197/796 193/193/796
f 18/18/797 145/145/797 141/141/797
f 126/126/798 253/253/798 249/249/798
f 74/74/799 201/201/799 197/197/799
f 22/22/800 149/149/800 145/145/800
f 129/129/2 134/134/2 138/138/2
f 138/138/2 142/142/2 146/146/2
f 146/146/2 150/150/2 154/154/2
f 154/154/2 158/158/2 162/162/2
f 162/162/2 166/166/2 170/170/2
f 170/170/2 174/174/2 178/178/2
f 178/178/2 182/182/2 186/186/2
f 186/186/2 190/190/2 194/194/2
f 194/194/2 198/198/2 202/202/2
f 202/202/2 206/206/2 210/210/2
f 210/210/2 214/214/2 218/218/2
f 218/218/2 222/222/2 226/226/2
f 226/226/2 230/230/2 234/234/2
f 234/234/2 238/238/2 242/242/2
f 242/242/2 246/246/2 250/250/2
f 250/250/2 254/254/2 129/129/2
f 129/129/2 138/138/2 146/146/2
f 146/146/2 154/154/2 162/162/2
f 162/162/2 170/170/2 178/178/2
f 178/178/2 186/186/2 194/194/2
f 194/194/2 202/202/2 210/210/2
f 210/210/2 218/218/2 226/226/2
f 226/226/2 234/234/2 242/242/2
f 242/242/2 250/250/2 129/129/2
f 129/129/2 146/146/2 162/162/2
f 162/162/2 178/178/2 194/194/2
f 194/194/2 210/210/2 226/226/2
f 226/226/2 242/242/2 129/129/2
f 129/129/2 162/162/2 194/194/2
f 78/78/801 205/205/801 201/201/801
f 26/26/21 153/153/21 149/149/21
f 10/10/802 137/137/802 133/133/802
f 82/82/803 209/209/803 205/205/803
f 30/30/804 157/157/804 153/153/804
f 86/86/805 213/213/805 209/209/805
f 34/34/26 161/161/26 157/157/26
f 90/90/806 217/217/806 213/213/806
f 38/38/807 165/165/807 161/161/807
f 94/94/808 221/221/808 217/217/808
f 42/42/30 169/169/30 165/165/30
f 98/98/809 225/225/809 221/221/809
f 46/46/810 173/173/810 169/169/810
s 2
f 102/102/33 229/229/811 225/225/34
s 0
f 306/318/10 318/331/10 269/274/10
f 283/293/2 331/345/2 378/400/2
f 341/356/10 427/458/10 439/470/10
f 307/319/2 257/258/2 367/384/2
f 270/275/10 402/427/10 415/446/10
f 331/345/2 307/319/2 390/412/2
f 425/456/812 414/445/812 355/371/812
f 293/304/10 415/446/10 427/458/10
f 259/260/10 271/277/10 295/306/10
f 330/344/10 342/357/10 319/332/10
f 413/444/37 401/426/37 365/381/37
f 317/330/10 439/470/10 402/428/10
f 282/292/10 294/305/10 343/358/10
f 437/468/38 426/457/38 379/401/38
f 521/580/2 497/550/2 449/481/2
f 403/429/813 438/469/813 391/413/813
f 499/552/40 510/566/40 461/499/40
f 523/582/41 534/596/41 511/567/41
f 617/709/2 593/679/2 545/610/2
f 485/533/10 462/500/10 509/565/10
f 463/501/42 487/535/42 474/518/42
f 486/534/43 535/597/43 522/581/43
f 606/695/44 557/628/44 546/611/44
f 619/711/45 630/725/45 607/696/45
f 713/838/2 689/808/2 641/739/2
f 581/662/10 558/629/10 605/694/10
f 559/630/46 583/664/46 570/647/46
f 571/648/47 582/663/47 631/726/47
f 702/824/48 653/757/48 642/740/48
f 726/854/49 703/825/49 690/809/49
f 809/967/2 785/937/2 737/868/2
f 677/791/10 654/758/10 701/823/10
f 643/741/50 655/759/50 679/793/50
f 667/777/51 678/792/51 727/855/51
f 787/939/52 798/953/52 749/886/52
f 822/983/53 799/954/53 786/938/53
f 773/920/10 750/887/10 797/952/10
f 739/870/54 751/888/54 775/922/54
f 774/921/55 823/984/55 810/968/55
f 257/258/814 260/261/814 262/265/814
f 260/261/815 264/268/815 265/269/815
f 263/266/816 265/269/816 264/268/816
f 267/272/59 268/273/59 265/270/59
f 266/271/817 268/273/817 267/272/817
f 261/262/818 262/265/818 268/273/818
f 272/278/819 274/281/819 273/279/819
f 276/284/64 277/287/64 274/281/64
f 270/275/820 275/283/820 277/287/820
f 275/283/66 279/289/66 280/290/66
f 278/288/821 280/290/821 279/289/821
f 278/288/822 273/280/822 274/282/822
f 284/294/823 286/296/823 285/295/823
f 284/294/824 288/298/824 289/299/824
f 287/297/825 289/299/825 288/298/825
f 291/301/73 292/303/73 289/299/73
f 283/293/826 290/300/826 292/303/826
f 290/300/75 285/295/75 286/296/75
f 293/304/827 296/307/827 298/310/827
f 296/307/828 300/312/828 301/313/828
f 299/311/829 301/313/829 300/312/829
f 299/311/80 303/315/80 304/316/80
f 302/314/830 304/316/830 303/315/830
f 297/308/831 298/310/831 304/316/831
f 308/320/832 310/322/832 309/321/832
f 308/320/833 312/324/833 313/325/833
f 311/323/834 313/325/834 312/324/834
f 315/327/87 316/329/87 313/325/87
f 307/319/835 314/326/835 316/329/835
f 314/326/89 309/321/89 310/322/89
f 317/330/836 320/333/836 322/336/836
f 320/333/837 324/338/837 325/339/837
f 323/337/838 325/339/838 324/338/838
f 323/337/94 327/341/94 328/342/94
f 326/340/839 328/342/839 327/341/839
f 321/334/840 322/336/840 328/342/840
f 332/346/841 334/348/841 333/347/841
f 336/350/842 337/351/842 334/348/842
f 335/349/843 337/351/843 336/350/843
f 339/353/101 340/355/101 337/351/101
f 331/345/844 338/352/844 340/355/844
f 338/352/103 333/347/103 334/348/103
f 341/356/845 344/359/845 346/362/845
f 344/359/846 348/364/846 349/365/846
f 347/363/847 349/365/847 348/364/847
f 347/363/108 351/367/108 352/368/108
f 350/366/848 352/368/848 351/367/848
f 345/360/849 346/362/849 352/368/849
f 356/372/850 358/374/850 357/373/850
f 356/372/851 360/376/851 361/377/851
f 359/375/852 361/377/852 360/376/852
f 363/379/853 364/380/853 361/377/853
f 362/378/854 364/380/854 363/379/854
f 362/378/117 357/373/117 358/374/117
f 368/385/855 370/388/855 369/386/855
f 372/392/120 373/394/120 370/388/120
f 371/391/856 373/394/856 372/392/856
f 371/390/857 375/396/857 376/398/857
f 374/395/858 376/398/858 375/396/858
f 369/386/859 370/388/859 376/398/859
f 380/402/860 382/404/860 381/403/860
f 380/402/861 384/406/861 385/407/861
f 383/405/862 385/407/862 384/406/862
f 387/409/863 388/410/863 385/407/863
f 386/408/864 388/410/864 387/409/864
f 381/403/131 382/404/131 388/410/131
f 392/414/865 394/417/865 393/415/865
f 392/414/866 396/419/866 397/420/866
f 395/418/867 397/420/867 396/419/867
f 399/423/868 400/424/868 397/420/868
f 398/421/869 400/425/869 399/422/869
f 398/421/138 393/415/138 394/417/138
f 404/430/870 406/432/870 405/431/870
f 404/430/871 408/435/871 409/438/871
f 407/434/872 409/438/872 408/435/872
f 411/441/873 412/443/873 409/439/873
f 410/440/874 412/443/874 411/441/874
f 405/431/145 406/432/145 412/443/145
f 416/447/875 418/449/875 417/448/875
f 420/451/148 421/452/148 418/449/148
f 419/450/876 421/452/876 420/451/876
f 419/450/877 423/454/877 424/455/877
f 422/453/878 424/455/878 423/454/878
f 417/448/879 418/449/879 424/455/879
f 428/459/880 430/461/880 429/460/880
f 432/463/155 433/464/155 430/461/155
f 431/462/881 433/464/881 432/463/881
f 431/462/882 435/466/882 436/467/882
f 434/465/883 436/467/883 435/466/883
f 429/460/884 430/461/884 436/467/884
f 440/471/885 442/474/885 441/472/885
f 444/476/162 445/477/162 442/474/162
f 443/475/886 445/477/886 444/476/886
f 443/475/887 447/479/887 448/480/887
f 446/478/888 448/480/888 447/479/888
f 441/472/889 442/474/889 448/480/889
f 449/481/890 452/484/890 454/486/890
f 452/484/169 456/490/169 457/492/169
f 455/487/891 457/493/891 456/489/891
f 455/488/171 459/496/171 460/497/171
f 458/495/892 460/497/892 459/496/892
f 453/485/173 454/486/173 460/498/173
f 461/499/893 464/502/893 466/505/893
f 464/502/176 468/510/176 469/511/176
f 467/507/894 469/512/894 468/509/894
f 471/515/178 472/516/178 469/513/178
f 463/501/895 470/514/895 472/516/895
f 470/514/180 465/504/180 466/506/180
f 476/520/896 478/522/896 477/521/896
f 480/524/183 481/526/183 478/522/183
f 474/518/897 479/523/897 481/527/897
f 479/523/185 483/530/185 484/531/185
f 482/529/898 484/531/898 483/530/898
f 477/521/899 478/522/899 484/532/899
f 488/536/900 490/540/900 489/538/900
f 492/544/190 493/546/190 490/541/190
f 486/534/901 491/543/901 493/546/901
f 491/543/902 495/548/902 496/549/902
f 494/547/903 496/549/903 495/548/903
f 489/539/904 490/542/904 496/549/904
f 500/553/905 502/555/905 501/554/905
f 500/553/197 504/557/197 505/559/197
f 503/556/906 505/559/906 504/557/906
f 507/562/199 508/564/199 505/559/199
f 499/552/907 506/561/907 508/564/907
f 506/560/201 501/554/201 502/555/201
f 512/569/908 514/572/908 513/570/908
f 512/568/909 516/574/909 517/575/909
f 515/573/910 517/575/910 516/574/910
f 519/577/206 520/579/206 517/575/206
f 511/567/911 518/576/911 520/579/911
f 518/576/912 513/570/912 514/572/912
f 524/583/913 526/585/913 525/584/913
f 528/587/211 529/589/211 526/585/211
f 522/581/914 527/586/914 529/590/914
f 531/592/213 532/594/213 529/590/213
f 523/582/915 530/591/915 532/594/915
f 530/591/215 525/584/215 526/585/215
f 533/595/916 536/598/916 538/601/916
f 536/598/218 540/604/218 541/606/218
f 539/603/917 541/606/917 540/604/917
f 543/608/220 544/609/220 541/606/220
f 542/607/918 544/609/918 543/608/918
f 537/600/222 538/602/222 544/609/222
f 548/613/919 550/615/919 549/614/919
f 552/618/920 553/621/920 550/615/920
f 546/611/921 551/617/921 553/622/921
f 551/616/227 555/625/227 556/626/227
f 554/624/922 556/626/922 555/625/922
f 549/614/229 550/615/229 556/627/229
f 560/631/923 562/634/923 561/632/923
f 564/639/232 565/640/232 562/634/232
f 563/636/924 565/641/924 564/638/924
f 567/644/234 568/645/234 565/642/234
f 559/630/925 566/643/925 568/645/925
f 566/643/236 561/633/236 562/635/236
f 572/649/926 574/651/926 573/650/926
f 576/653/239 577/655/239 574/651/239
f 570/647/927 575/652/927 577/656/927
f 575/652/241 579/659/241 580/661/241
f 571/648/928 578/658/928 580/661/928
f 578/657/929 573/650/929 574/651/929
f 581/662/930 584/666/930 586/670/930
f 584/665/246 588/673/246 589/675/246
f 587/672/931 589/675/931 588/673/931
f 587/672/248 591/677/248 592/678/248
f 590/676/932 592/678/932 591/677/932
f 585/668/250 586/671/250 592/678/250
f 593/679/933 596/682/933 598/684/933
f 596/682/253 600/686/253 601/688/253
f 599/685/934 601/688/934 600/686/934
f 603/691/255 604/692/255 601/688/255
f 602/690/935 604/692/935 603/691/935
f 597/683/257 598/684/257 604/693/257
f 608/697/936 610/701/936 609/699/936
f 612/703/937 613/704/937 610/700/937
f 606/695/938 611/702/938 613/704/938
f 615/706/262 616/708/262 613/704/262
f 607/696/939 614/705/939 616/708/939
f 614/705/264 609/699/264 610/701/264
f 620/712/940 622/714/940 621/713/940
f 620/712/267 624/717/267 625/718/267
f 623/715/941 625/719/941 624/716/941
f 627/721/942 628/723/942 625/719/942
f 619/711/943 626/720/943 628/723/943
f 626/720/271 621/713/271 622/714/271
f 632/727/944 634/730/944 633/728/944
f 632/727/274 636/733/274 637/735/274
f 635/732/945 637/735/945 636/733/945
f 639/737/276 640/738/276 637/735/276
f 631/726/946 638/736/946 640/738/946
f 638/736/947 633/729/947 634/731/947
f 644/742/948 646/744/948 645/743/948
f 648/747/281 649/749/281 646/744/281
f 642/740/949 647/745/949 649/750/949
f 651/754/283 652/756/283 649/751/283
f 643/741/950 650/753/950 652/756/950
f 650/752/285 645/743/285 646/744/285
f 656/760/951 658/763/951 657/761/951
f 660/768/288 661/770/288 658/763/288
f 654/758/952 659/766/952 661/771/952
f 659/765/290 663/773/290 664/774/290
f 662/772/953 664/774/953 663/773/953
f 657/762/292 658/764/292 664/774/292
f 668/778/954 670/780/954 669/779/954
f 668/778/295 672/783/295 673/784/295
f 671/781/955 673/785/955 672/782/955
f 675/788/297 676/790/297 673/785/297
f 667/777/956 674/787/956 676/790/956
f 674/786/299 669/779/299 670/780/299
f 680/795/957 682/799/957 681/796/957
f 680/794/302 684/802/302 685/804/302
f 683/801/958 685/804/958 684/802/958
f 687/806/304 688/807/304 685/804/304
f 679/793/959 686/805/959 688/807/959
f 686/805/306 681/797/306 682/800/306
f 692/811/960 694/813/960 693/812/960
f 696/815/309 697/817/309 694/813/309
f 690/809/961 695/814/961 697/817/961
f 695/814/311 699/820/311 700/821/311
f 698/819/962 700/821/962 699/820/962
f 693/812/313 694/813/313 700/822/313
f 704/826/963 706/830/963 705/828/963
f 708/832/316 709/833/316 706/829/316
f 702/824/964 707/831/964 709/833/964
f 707/831/318 711/835/318 712/837/318
f 710/834/965 712/837/965 711/835/965
f 705/828/320 706/830/320 712/837/320
f 713/838/966 716/841/966 718/843/966
f 716/841/323 720/846/323 721/847/323
f 719/844/967 721/848/967 720/845/967
f 719/844/325 723/850/325 724/852/325
f 722/849/968 724/852/968 723/850/968
f 717/842/327 718/843/327 724/852/327
f 728/856/969 730/859/969 729/857/969
f 732/862/330 733/864/330 730/859/330
f 726/854/970 731/861/970 733/864/970
f 731/861/332 735/866/332 736/867/332
f 727/855/971 734/865/971 736/867/971
f 734/865/334 729/858/334 730/860/334
f 740/871/972 742/873/972 741/872/972
f 740/871/337 744/877/337 745/878/337
f 743/874/973 745/879/973 744/876/973
f 747/883/974 748/885/974 745/880/974
f 739/870/975 746/882/975 748/885/975
f 746/881/341 741/872/341 742/873/341
f 749/886/976 752/889/976 754/892/976
f 752/889/344 756/897/344 757/899/344
f 755/895/977 757/900/977 756/896/977
f 755/894/346 759/902/346 760/903/346
f 758/901/978 760/903/978 759/902/978
f 753/891/348 754/893/348 760/903/348
f 761/904/979 764/907/979 766/909/979
f 764/907/351 768/912/351 769/913/351
f 767/910/980 769/914/980 768/911/980
f 771/917/353 772/918/353 769/914/353
f 770/916/981 772/918/981 771/917/981
f 765/908/355 766/909/355 772/919/355
f 776/923/982 778/927/982 777/925/982
f 780/931/358 781/933/358 778/928/358
f 774/921/983 779/930/983 781/933/983
f 783/935/360 784/936/360 781/933/360
f 775/922/984 782/934/984 784/936/984
f 782/934/985 777/926/985 778/929/985
f 788/940/986 790/942/986 789/941/986
f 792/944/987 793/946/987 790/942/987
f 786/938/988 791/943/988 793/946/988
f 791/943/367 795/949/367 796/951/367
f 787/939/989 794/948/989 796/951/989
f 794/947/369 789/941/369 790/942/369
f 797/952/990 800/956/990 802/959/990
f 800/955/372 804/961/372 805/962/372
f 803/960/991 805/962/991 804/961/991
f 803/960/374 807/964/374 808/966/374
f 806/963/992 808/966/992 807/964/992
f 801/957/376 802/959/376 808/966/376
f 812/970/993 814/972/993 813/971/993
f 816/974/379 817/976/379 814/972/379
f 810/968/994 815/973/994 817/977/994
f 815/973/995 819/979/995 820/981/995
f 818/978/996 820/981/996 819/979/996
f 813/971/997 814/972/997 820/981/997
f 824/985/998 826/988/998 825/986/998
f 828/991/386 829/993/386 826/988/386
f 822/983/999 827/990/999 829/993/999
f 827/990/388 831/995/388 832/996/388
f 830/994/1000 832/996/1000 831/995/1000
f 825/987/390 826/989/390 832/996/390
f 6/6/392 1/1/392 3/3/392
f 8/8/1001 3/3/1001 4/4/1001
f 7/7/1002 4/4/1002 2/2/1002
f 10/10/395 6/6/395 8/8/395
f 12/12/396 8/8/396 7/7/396
f 11/11/1003 7/7/1003 5/5/1003
f 14/14/1004 10/10/1004 12/12/1004
f 16/16/1005 12/12/1005 11/11/1005
f 15/15/1006 11/11/1006 9/9/1006
f 18/18/401 14/14/401 16/16/401
f 20/20/1007 16/16/1007 15/15/1007
f 19/19/1008 15/15/1008 13/13/1008
f 22/22/1009 18/18/1009 20/20/1009
f 24/24/1010 20/20/1010 19/19/1010
f 23/23/1011 19/19/1011 17/17/1011
f 26/26/1012 22/22/1012 24/24/1012
f 28/28/1013 24/24/1013 23/23/1013
f 27/27/1014 23/23/1014 21/21/1014
f 30/30/410 26/26/410 28/28/410
f 32/32/1015 28/28/1015 27/27/1015
f 31/31/1016 27/27/1016 25/25/1016
f 34/34/413 30/30/413 32/32/413
f 36/36/414 32/32/414 31/31/414
f 35/35/1017 31/31/1017 29/29/1017
f 34/34/416 36/36/416 40/40/416
f 36/36/417 35/35/417 39/39/417
f 35/35/418 33/33/418 37/37/418
f 38/38/419 40/40/419 44/44/419
f 40/40/1018 39/39/1018 43/43/1018
f 39/39/1019 37/37/1019 41/41/1019
f 42/42/1020 44/44/1020 48/48/1020
f 44/44/1021 43/43/1021 47/47/1021
f 43/43/1022 41/41/1022 45/45/1022
f 49/49/1023 51/51/1023 47/47/1023
f 51/51/1024 52/52/1024 48/48/1024
f 52/52/1025 50/50/1025 46/46/1025
f 50/50/428 52/52/428 56/56/428
f 52/52/1026 51/51/1026 55/55/1026
f 51/51/1027 49/49/1027 53/53/1027
f 57/57/1028 59/59/1028 55/55/1028
f 59/59/1029 60/60/1029 56/56/1029
f 60/60/433 58/58/433 54/54/433
f 58/58/434 60/60/434 64/64/434
f 60/60/435 59/59/435 63/63/435
f 59/59/1030 57/57/1030 61/61/1030
f 62/62/437 64/64/437 68/68/437
f 64/64/1031 63/63/1031 67/67/1031
f 63/63/1032 61/61/1032 65/65/1032
f 70/70/440 66/66/440 68/68/440
f 72/72/441 68/68/441 67/67/441
f 71/71/1033 67/67/1033 65/65/1033
f 74/74/443 70/70/443 72/72/443
f 76/76/444 72/72/444 71/71/444
f 75/75/1034 71/71/1034 69/69/1034
f 78/78/1035 74/74/1035 76/76/1035
f 80/80/1036 76/76/1036 75/75/1036
f 79/79/1037 75/75/1037 73/73/1037
f 82/82/449 78/78/449 80/80/449
f 84/84/1038 80/80/1038 79/79/1038
f 83/83/1039 79/79/1039 77/77/1039
f 86/86/1040 82/82/1040 84/84/1040
f 88/88/1041 84/84/1041 83/83/1041
f 87/87/1042 83/83/1042 81/81/1042
f 90/90/1043 86/86/1043 88/88/1043
f 92/92/1044 88/88/1044 87/87/1044
f 91/91/1045 87/87/1045 85/85/1045
f 94/94/458 90/90/458 92/92/458
f 96/96/1046 92/92/1046 91/91/1046
f 95/95/1047 91/91/1047 89/89/1047
f 98/98/461 94/94/461 96/96/461
f 100/100/462 96/96/462 95/95/462
f 99/99/1048 95/95/1048 93/93/1048
f 101/101/1049 103/103/1049 99/99/1049
f 103/103/465 104/104/465 100/100/465
s 2
f 104/104/466 102/102/33 98/98/35
s 0
f 102/102/468 104/104/468 108/108/468
f 104/104/1050 103/103/1050 107/107/1050
f 103/103/1051 101/101/1051 105/105/1051
f 106/106/1052 108/108/1052 112/112/1052
f 108/108/1053 107/107/1053 111/111/1053
f 107/107/1054 105/105/1054 109/109/1054
f 110/110/1055 112/112/1055 116/116/1055
f 112/112/475 111/111/475 115/115/475
f 111/111/1056 109/109/1056 113/113/1056
f 114/114/477 116/116/477 120/120/477
f 116/116/1057 115/115/1057 119/119/1057
f 115/115/1058 113/113/1058 117/117/1058
f 118/118/1059 120/120/1059 124/124/1059
f 120/120/1060 119/119/1060 123/123/1060
f 119/119/1061 117/117/1061 121/121/1061
f 122/122/483 124/124/483 128/128/483
f 124/124/484 123/123/484 127/127/484
f 123/123/1062 121/121/1062 125/125/1062
f 126/126/486 128/128/486 3/3/486
f 128/128/1063 127/127/1063 4/4/1063
f 127/127/1064 125/125/1064 2/2/1064
f 129/129/1065 131/131/1065 136/136/1065
f 131/131/1066 132/132/1066 135/135/1066
f 132/132/491 130/130/491 133/133/491
f 134/134/1067 136/136/1067 140/140/1067
f 136/136/493 135/135/493 139/139/493
f 135/135/494 133/133/494 137/137/494
f 138/138/1068 140/140/1068 144/144/1068
f 140/140/1069 139/139/1069 143/143/1069
f 139/139/1070 137/137/1070 141/141/1070
f 142/142/1071 144/144/1071 148/148/1071
f 144/144/1072 143/143/1072 147/147/1072
f 143/143/500 141/141/500 145/145/500
f 146/146/1073 148/148/1073 152/152/1073
f 148/148/1074 147/147/1074 151/151/1074
f 147/147/503 145/145/503 149/149/503
f 150/150/1075 152/152/1075 156/156/1075
f 152/152/1076 151/151/1076 155/155/1076
f 151/151/1077 149/149/1077 153/153/1077
f 154/154/1078 156/156/1078 160/160/1078
f 156/156/1079 155/155/1079 159/159/1079
f 155/155/509 153/153/509 157/157/509
f 158/158/1080 160/160/1080 164/164/1080
f 160/160/511 159/159/511 163/163/511
f 159/159/512 157/157/512 161/161/512
f 166/166/1081 162/162/1081 164/164/1081
f 168/168/514 164/164/514 163/163/514
f 167/167/515 163/163/515 161/161/515
f 170/170/1082 166/166/1082 168/168/1082
f 172/172/1083 168/168/1083 167/167/1083
f 171/171/518 167/167/518 165/165/518
f 174/174/1084 170/170/1084 172/172/1084
f 176/176/1085 172/172/1085 171/171/1085
f 175/175/1086 171/171/1086 169/169/1086
f 173/173/1087 177/177/1087 179/179/1087
f 175/175/1088 179/179/1088 180/180/1088
f 176/176/1089 180/180/1089 178/178/1089
f 182/182/1090 178/178/1090 180/180/1090
f 184/184/1091 180/180/1091 179/179/1091
f 183/183/527 179/179/527 177/177/527
f 181/181/528 185/185/528 187/187/528
f 183/183/1092 187/187/1092 188/188/1092
f 184/184/1093 188/188/1093 186/186/1093
f 190/190/1094 186/186/1094 188/188/1094
f 192/192/532 188/188/532 187/187/532
f 191/191/533 187/187/533 185/185/533
f 194/194/1095 190/190/1095 192/192/1095
f 196/196/1096 192/192/1096 191/191/1096
f 195/195/536 191/191/536 189/189/536
f 194/194/1097 196/196/1097 200/200/1097
f 196/196/538 195/195/538 199/199/538
f 195/195/539 193/193/539 197/197/539
f 198/198/1098 200/200/1098 204/204/1098
f 200/200/541 199/199/541 203/203/541
f 199/199/542 197/197/542 201/201/542
f 202/202/1099 204/204/1099 208/208/1099
f 204/204/1100 203/203/1100 207/207/1100
f 203/203/545 201/201/545 205/205/545
f 206/206/1101 208/208/1101 212/212/1101
f 208/208/1102 207/207/1102 211/211/1102
f 207/207/548 205/205/548 209/209/548
f 210/210/1103 212/212/1103 216/216/1103
f 212/212/1104 211/211/1104 215/215/1104
f 211/211/551 209/209/551 213/213/551
f 214/214/1105 216/216/1105 220/220/1105
f 216/216/1106 215/215/1106 219/219/1106
f 215/215/1107 213/213/1107 217/217/1107
f 218/218/1108 220/220/1108 224/224/1108
f 220/220/1109 219/219/1109 223/223/1109
f 219/219/557 217/217/557 221/221/557
f 222/222/1110 224/224/1110 228/228/1110
f 224/224/559 223/223/559 227/227/559
f 223/223/560 221/221/560 225/225/560
s 2
f 225/225/34 229/229/811 231/231/561
f 227/227/562 231/231/561 232/232/563
s 0
f 228/228/1111 232/232/1111 230/230/1111
f 234/234/1112 230/230/1112 232/232/1112
f 236/236/1113 232/232/1113 231/231/1113
f 235/235/568 231/231/568 229/229/568
f 238/238/1114 234/234/1114 236/236/1114
f 240/240/1115 236/236/1115 235/235/1115
f 239/239/1116 235/235/1116 233/233/1116
f 242/242/1117 238/238/1117 240/240/1117
f 244/244/1118 240/240/1118 239/239/1118
f 243/243/574 239/239/574 237/237/574
f 246/246/1119 242/242/1119 244/244/1119
f 248/248/1120 244/244/1120 243/243/1120
f 247/247/577 243/243/577 241/241/577
f 250/250/1121 246/246/1121 248/248/1121
f 252/252/579 248/248/579 247/247/579
f 251/251/580 247/247/580 245/245/580
f 254/254/1122 250/250/1122 252/252/1122
f 256/256/582 252/252/582 251/251/582
f 255/255/583 251/251/583 249/249/583
f 129/129/1123 254/254/1123 256/256/1123
f 131/131/1124 256/256/1124 255/255/1124
f 132/132/586 255/255/586 253/253/586
f 257/257/1125 261/263/1125 290/300/1125
f 290/300/1126 261/263/1126 266/271/1126
f 285/295/1127 266/271/1127 259/260/1127
f 258/259/10 269/274/10 273/279/10
f 263/267/590 273/280/590 278/288/590
f 267/272/1128 278/288/1128 271/277/1128
f 293/304/1129 297/309/1129 275/283/1129
f 275/283/1130 297/309/1130 302/314/1130
f 279/289/1131 302/314/1131 295/306/1131
f 294/305/10 282/292/10 288/298/10
f 299/311/2 288/298/2 284/294/2
f 303/315/1132 284/294/1132 281/291/1132
f 283/293/594 291/302/594 338/352/594
f 291/302/1133 287/297/1133 333/347/1133
f 287/297/596 282/292/596 329/343/596
f 293/304/597 341/356/597 345/361/597
f 345/361/1134 350/366/1134 300/312/1134
f 350/366/599 343/358/599 294/305/599
f 342/357/10 330/344/10 336/350/10
f 336/350/2 332/346/2 351/367/2
f 351/367/2 332/346/2 329/343/2
f 331/345/1135 339/354/1135 314/326/1135
f 339/354/1136 335/349/1136 309/321/1136
f 335/349/603 330/344/603 305/317/603
f 317/330/604 321/335/604 344/359/604
f 344/359/605 321/335/605 326/340/605
f 326/340/606 319/332/606 342/357/606
f 318/331/10 306/318/10 312/324/10
f 323/337/2 312/324/2 308/320/2
f 327/341/600 308/320/600 305/317/600
f 257/258/1137 307/319/1137 315/328/1137
f 315/328/1138 311/323/1138 264/268/1138
f 311/323/1139 306/318/1139 258/259/1139
f 317/330/1140 270/276/1140 276/285/1140
f 276/285/1141 272/278/1141 324/338/1141
f 272/278/1142 269/274/1142 318/331/1142
f 365/381/613 369/386/613 356/372/613
f 369/386/614 374/395/614 360/376/614
f 374/395/615 367/383/615 354/370/615
f 355/371/616 363/379/616 380/402/616
f 363/379/617 359/375/617 384/406/617
f 359/375/618 354/370/618 378/400/618
f 379/401/619 387/409/619 392/414/619
f 387/409/620 383/405/620 396/419/620
f 383/405/621 378/400/621 390/412/621
f 391/413/622 399/422/622 371/391/622
f 399/423/623 395/418/623 375/397/623
f 395/418/624 390/412/624 367/384/624
f 413/444/625 417/448/625 404/430/625
f 404/430/626 417/448/626 422/453/626
f 408/436/627 422/453/627 415/446/627
f 425/456/628 429/460/628 419/450/628
f 419/450/629 429/460/629 434/465/629
f 434/465/630 427/458/630 415/446/630
f 437/468/631 441/472/631 431/462/631
f 431/462/632 441/472/632 446/478/632
f 446/478/633 439/470/633 427/458/633
f 403/429/634 411/441/634 443/475/634
f 443/475/635 411/441/635 407/433/635
f 407/434/636 402/428/636 439/470/636
f 414/445/1143 420/451/1143 362/378/1143
f 362/378/1144 420/451/1144 416/447/1144
f 357/373/1145 416/447/1145 413/444/1145
f 401/426/1146 405/431/1146 368/385/1146
f 405/431/1147 410/440/1147 372/392/1147
f 410/440/1148 403/429/1148 366/382/1148
f 438/469/1149 444/476/1149 398/421/1149
f 444/476/1150 440/471/1150 393/415/1150
f 440/471/1151 437/468/1151 389/411/1151
f 379/401/1152 426/457/1152 432/463/1152
f 432/463/1153 428/459/1153 381/403/1153
f 381/403/1154 428/459/1154 425/456/1154
f 473/517/649 449/481/649 453/485/649
f 476/520/650 453/485/650 458/494/650
f 480/525/651 458/495/651 451/483/651
f 450/482/652 461/499/652 465/503/652
f 465/504/653 470/514/653 459/496/653
f 470/514/654 463/501/654 451/483/654
f 462/500/655 485/533/655 489/538/655
f 467/508/656 489/539/656 494/547/656
f 471/515/657 494/547/657 487/535/657
f 475/519/658 483/530/658 491/543/658
f 483/530/659 479/523/659 495/548/659
f 479/523/660 474/518/660 487/535/660
f 521/580/661 473/517/661 477/521/661
f 524/583/662 477/521/662 482/528/662
f 528/588/663 482/529/663 475/519/663
f 485/533/664 533/595/664 537/599/664
f 488/537/665 537/600/665 542/607/665
f 492/544/634 542/607/634 535/597/634
f 534/596/666 523/582/666 531/592/666
f 539/603/667 531/592/667 527/586/667
f 527/586/668 522/581/668 535/597/668
f 521/580/669 525/584/669 500/553/669
f 525/584/670 530/591/670 504/557/670
f 530/591/671 523/582/671 498/551/671
f 509/565/1155 513/570/1155 536/598/1155
f 513/570/673 518/576/673 540/604/673
f 518/576/674 511/567/674 534/596/674
f 510/566/675 499/552/675 507/562/675
f 515/573/676 507/562/676 503/556/676
f 519/577/677 503/556/677 498/551/677
f 497/550/678 501/554/678 452/484/678
f 501/554/679 506/560/679 456/490/679
f 506/561/680 499/552/680 450/482/680
f 462/500/681 468/509/681 512/569/681
f 468/510/682 464/502/682 516/574/682
f 464/502/683 461/499/683 510/566/683
f 569/646/684 545/610/684 549/614/684
f 572/649/685 549/614/685 554/623/685
f 576/654/686 554/624/686 547/612/686
f 557/628/687 561/632/687 551/617/687
f 561/633/688 566/643/688 555/625/688
f 566/643/689 559/630/689 547/612/689
f 558/629/690 581/662/690 585/667/690
f 563/637/691 585/668/691 590/676/691
f 567/644/692 590/676/692 583/664/692
f 582/663/693 571/648/693 579/659/693
f 579/659/694 575/652/694 591/677/694
f 575/652/695 570/647/695 583/664/695
f 569/646/696 573/650/696 620/712/696
f 573/650/697 578/657/697 624/717/697
f 578/658/698 571/648/698 618/710/698
f 629/724/699 633/728/699 584/666/699
f 633/729/700 638/736/700 588/673/700
f 638/736/701 631/726/701 582/663/701
f 630/725/702 619/711/702 627/721/702
f 635/732/703 627/721/703 623/715/703
f 639/737/704 623/715/704 618/710/704
f 617/709/705 621/713/705 596/682/705
f 621/713/706 626/720/706 600/686/706
f 626/720/707 619/711/707 594/680/707
f 605/694/708 609/699/708 632/727/708
f 609/699/709 614/705/709 636/733/709
f 614/705/710 607/696/710 630/725/710
f 595/681/711 603/691/711 611/702/711
f 611/702/712 603/691/712 599/685/712
f 615/706/713 599/685/713 594/680/713
f 545/610/714 593/679/714 597/683/714
f 548/613/715 597/683/715 602/689/715
f 552/619/716 602/690/716 595/681/716
f 605/694/717 558/629/717 564/638/717
f 608/698/718 564/639/718 560/631/718
f 612/703/719 560/631/719 557/628/719
f 641/739/720 645/743/720 668/778/720
f 645/743/721 650/752/721 672/783/721
f 650/753/722 643/741/722 666/776/722
f 653/757/723 657/761/723 647/745/723
f 647/746/724 657/762/724 662/772/724
f 651/754/725 662/772/725 655/759/725
f 677/791/726 681/796/726 659/766/726
f 681/797/727 686/805/727 663/773/727
f 686/805/692 679/793/692 655/759/692
f 678/792/728 667/777/728 675/788/728
f 683/801/729 675/788/729 671/781/729
f 687/806/730 671/781/730 666/776/730
f 665/775/731 669/779/731 716/841/731
f 669/779/732 674/786/732 720/846/732
f 674/787/733 667/777/733 714/839/733
f 725/853/734 729/857/734 680/795/734
f 729/858/735 734/865/735 684/802/735
f 734/865/736 727/855/736 678/792/736
f 715/840/737 723/850/737 731/861/737
f 723/850/738 719/844/738 735/866/738
f 735/866/739 719/844/739 714/839/739
f 689/808/740 713/838/740 717/842/740
f 692/811/741 717/842/741 722/849/741
f 696/815/707 722/849/707 715/840/707
f 725/853/742 701/823/742 705/828/742
f 728/856/743 705/828/743 710/834/743
f 732/862/744 710/834/744 703/825/744
f 691/810/745 699/820/745 707/831/745
f 699/820/746 695/814/746 711/835/746
f 695/814/747 690/809/747 703/825/747
f 641/739/748 689/808/748 693/812/748
f 644/742/749 693/812/749 698/818/749
f 648/748/750 698/819/750 691/810/750
f 701/823/751 654/758/751 660/767/751
f 704/827/752 660/768/752 656/760/752
f 708/832/753 656/760/753 653/757/753
f 737/868/754 741/872/754 764/907/754
f 741/872/755 746/881/755 768/912/755
f 746/882/756 739/870/756 762/905/756
f 738/869/757 749/886/757 753/890/757
f 743/875/758 753/891/758 758/901/758
f 747/883/759 758/901/759 751/888/759
f 773/920/760 777/925/760 755/895/760
f 777/926/656 782/934/656 759/902/656
f 782/934/761 775/922/761 751/888/761
f 763/906/762 771/917/762 779/930/762
f 779/930/763 771/917/763 767/910/763
f 783/935/764 767/910/764 762/905/764
f 809/967/731 761/904/731 765/908/731
f 812/970/765 765/908/765 770/915/765
f 816/975/766 770/916/766 763/906/766
f 773/920/767 821/982/767 825/986/767
f 776/924/768 825/987/768 830/994/768
f 780/931/769 830/994/769 823/984/769
f 811/969/770 819/979/770 827/990/770
f 819/979/771 815/973/771 831/995/771
f 815/973/772 810/968/772 823/984/772
f 785/937/773 809/967/773 813/971/773
f 788/940/670 813/971/670 818/978/670
f 792/944/774 818/978/774 811/969/774
f 821/982/775 797/952/775 801/957/775
f 824/985/776 801/957/776 806/963/776
f 828/991/777 806/963/777 799/954/777
f 798/953/778 787/939/778 795/949/778
f 795/949/779 791/943/779 807/964/779
f 791/943/780 786/938/780 799/954/780
f 785/937/781 789/941/781 740/871/781
f 789/941/782 794/947/782 744/877/782
f 794/948/783 787/939/783 738/869/783
f 750/887/751 756/896/751 800/956/751
f 756/897/784 752/889/784 804/961/784
f 752/889/785 749/886/785 798/953/785
f 6/6/1156 133/133/1156 130/130/1156
