# Blender 3.4.1
# www.blender.org
mtllib table_circle_110.mtl
o Сфера
v 0.000000 0.764975 -0.546289
v -0.000000 0.740000 -0.541391
v 0.000000 0.752488 -0.545633
v -0.000000 0.743346 -0.543840
v 0.105586 0.740000 -0.530989
v 0.106541 0.764975 -0.535792
v 0.106064 0.743346 -0.533391
v 0.106413 0.752488 -0.535149
v 0.207114 0.740000 -0.500181
v 0.208988 0.764975 -0.504705
v 0.208051 0.743346 -0.502443
v 0.208737 0.752488 -0.504099
v 0.300683 0.740000 -0.450151
v 0.303404 0.764975 -0.454223
v 0.302044 0.743346 -0.452187
v 0.303039 0.752488 -0.453677
v 0.382698 0.740000 -0.382823
v 0.386160 0.764975 -0.386285
v 0.384429 0.743346 -0.384554
v 0.385696 0.752488 -0.385821
v 0.450005 0.740000 -0.300782
v 0.454076 0.764975 -0.303502
v 0.452040 0.743346 -0.302142
v 0.453530 0.752488 -0.303137
v 0.500019 0.740000 -0.207182
v 0.504542 0.764975 -0.209056
v 0.502281 0.743346 -0.208119
v 0.503936 0.752488 -0.208805
v 0.530818 0.740000 -0.105621
v 0.535619 0.764975 -0.106576
v 0.533218 0.743346 -0.106098
v 0.534975 0.752488 -0.106448
v 0.541218 0.740000 -0.000000
v 0.546112 0.764975 0.000000
v 0.543665 0.743346 -0.000000
v 0.545456 0.752488 0.000000
v 0.530818 0.740000 0.105621
v 0.535619 0.764975 0.106576
v 0.533218 0.743346 0.106098
v 0.534975 0.752488 0.106448
v 0.500019 0.740000 0.207182
v 0.504542 0.764975 0.209056
v 0.502280 0.743346 0.208119
v 0.503936 0.752488 0.208805
v 0.450005 0.740000 0.300782
v 0.454075 0.764975 0.303502
v 0.452040 0.743346 0.302142
v 0.453530 0.752488 0.303138
v 0.382697 0.740000 0.382822
v 0.386159 0.764975 0.386285
v 0.384428 0.743346 0.384554
v 0.385695 0.752488 0.385821
v 0.300683 0.740000 0.450151
v 0.303403 0.764975 0.454223
v 0.302043 0.743346 0.452187
v 0.303039 0.752488 0.453677
v 0.207114 0.740000 0.500181
v 0.208988 0.764975 0.504705
v 0.208051 0.743346 0.502443
v 0.208737 0.752488 0.504099
v 0.105586 0.740000 0.530989
v 0.106541 0.764975 0.535792
v 0.106063 0.743346 0.533390
v 0.106413 0.752488 0.535148
v 0.000000 0.740000 0.541391
v -0.000000 0.764975 0.546289
v -0.000000 0.743346 0.543840
v -0.000000 0.752488 0.545632
v -0.105586 0.740000 0.530989
v -0.106541 0.764975 0.535792
v -0.106063 0.743346 0.533390
v -0.106413 0.752488 0.535148
v -0.207114 0.740000 0.500180
v -0.208988 0.764975 0.504705
v -0.208051 0.743346 0.502443
v -0.208737 0.752488 0.504099
v -0.300683 0.740000 0.450151
v -0.303403 0.764975 0.454222
v -0.302043 0.743346 0.452186
v -0.303039 0.752488 0.453677
v -0.382697 0.740000 0.382822
v -0.386159 0.764975 0.386284
v -0.384428 0.743346 0.384553
v -0.385695 0.752488 0.385820
v -0.450005 0.740000 0.300782
v -0.454075 0.764975 0.303501
v -0.452040 0.743346 0.302141
v -0.453530 0.752488 0.303137
v -0.500019 0.740000 0.207182
v -0.504541 0.764975 0.209055
v -0.502280 0.743346 0.208119
v -0.503935 0.752488 0.208804
v -0.530818 0.740000 0.105620
v -0.535618 0.764975 0.106575
v -0.533218 0.743346 0.106098
v -0.534975 0.752488 0.106447
v -0.541217 0.740000 -0.000000
v -0.546111 0.764975 -0.000000
v -0.543664 0.743346 -0.000000
v -0.545456 0.752488 -0.000000
v -0.530817 0.740000 -0.105621
v -0.535618 0.764975 -0.106576
v -0.533218 0.743346 -0.106098
v -0.534975 0.752488 -0.106448
v -0.500019 0.740000 -0.207183
v -0.504541 0.764975 -0.209056
v -0.502280 0.743346 -0.208119
v -0.503935 0.752488 -0.208805
v -0.450004 0.740000 -0.300782
v -0.454075 0.764975 -0.303502
v -0.452040 0.743346 -0.302142
v -0.453530 0.752488 -0.303138
v -0.382697 0.740000 -0.382822
v -0.386159 0.764975 -0.386285
v -0.384428 0.743346 -0.384553
v -0.385695 0.752488 -0.385821
v -0.300683 0.740000 -0.450151
v -0.303403 0.764975 -0.454222
v -0.302043 0.743346 -0.452187
v -0.303038 0.752488 -0.453677
v -0.207113 0.740000 -0.500181
v -0.208987 0.764975 -0.504705
v -0.208050 0.743346 -0.502443
v -0.208736 0.752488 -0.504099
v -0.105586 0.740000 -0.530989
v -0.106541 0.764975 -0.535792
v -0.106063 0.743346 -0.533390
v -0.106413 0.752488 -0.535148
v -0.000000 0.790000 -0.541391
v 0.000000 0.765025 -0.546289
v -0.000000 0.786654 -0.543840
v 0.000000 0.777512 -0.545633
v 0.106541 0.765025 -0.535792
v 0.105586 0.790000 -0.530989
v 0.106413 0.777512 -0.535149
v 0.106064 0.786654 -0.533391
v 0.208988 0.765025 -0.504705
v 0.207114 0.790000 -0.500181
v 0.208737 0.777512 -0.504099
v 0.208051 0.786654 -0.502443
v 0.303404 0.765025 -0.454223
v 0.300683 0.790000 -0.450151
v 0.303039 0.777512 -0.453677
v 0.302044 0.786654 -0.452187
v 0.386160 0.765025 -0.386285
v 0.382698 0.790000 -0.382823
v 0.385696 0.777512 -0.385821
v 0.384429 0.786654 -0.384554
v 0.454076 0.765025 -0.303502
v 0.450005 0.790000 -0.300782
v 0.453530 0.777512 -0.303137
v 0.452040 0.786654 -0.302142
v 0.504542 0.765025 -0.209056
v 0.500019 0.790000 -0.207182
v 0.503936 0.777512 -0.208805
v 0.502281 0.786654 -0.208119
v 0.535619 0.765025 -0.106576
v 0.530818 0.790000 -0.105621
v 0.534975 0.777512 -0.106448
v 0.533218 0.786654 -0.106098
v 0.546112 0.765025 0.000000
v 0.541218 0.790000 -0.000000
v 0.545456 0.777512 0.000000
v 0.543665 0.786654 -0.000000
v 0.535619 0.765025 0.106576
v 0.530818 0.790000 0.105621
v 0.534975 0.777512 0.106448
v 0.533218 0.786654 0.106098
v 0.504542 0.765025 0.209056
v 0.500019 0.790000 0.207182
v 0.503936 0.777512 0.208805
v 0.502280 0.786654 0.208119
v 0.454075 0.765025 0.303502
v 0.450005 0.790000 0.300782
v 0.453530 0.777512 0.303138
v 0.452040 0.786654 0.302142
v 0.386159 0.765025 0.386285
v 0.382697 0.790000 0.382823
v 0.385695 0.777512 0.385821
v 0.384428 0.786654 0.384554
v 0.303403 0.765025 0.454223
v 0.300683 0.790000 0.450151
v 0.303039 0.777512 0.453677
v 0.302043 0.786654 0.452187
v 0.208988 0.765025 0.504705
v 0.207114 0.790000 0.500181
v 0.208737 0.777512 0.504099
v 0.208051 0.786654 0.502443
v 0.106541 0.765025 0.535792
v 0.105586 0.790000 0.530989
v 0.106413 0.777512 0.535148
v 0.106063 0.786654 0.533390
v -0.000000 0.765025 0.546289
v 0.000000 0.790000 0.541391
v -0.000000 0.777512 0.545632
v 0.000000 0.786654 0.543840
v -0.106541 0.765025 0.535792
v -0.105586 0.790000 0.530989
v -0.106413 0.777512 0.535148
v -0.106063 0.786654 0.533390
v -0.208988 0.765025 0.504705
v -0.207114 0.790000 0.500180
v -0.208737 0.777512 0.504099
v -0.208051 0.786654 0.502443
v -0.303403 0.765025 0.454222
v -0.300683 0.790000 0.450151
v -0.303039 0.777512 0.453677
v -0.302043 0.786654 0.452186
v -0.386159 0.765025 0.386284
v -0.382697 0.790000 0.382822
v -0.385695 0.777512 0.385820
v -0.384428 0.786654 0.384553
v -0.454075 0.765025 0.303501
v -0.450005 0.790000 0.300782
v -0.453530 0.777512 0.303137
v -0.452040 0.786654 0.302141
v -0.504541 0.765025 0.209055
v -0.500019 0.790000 0.207182
v -0.503935 0.777512 0.208804
v -0.502280 0.786654 0.208119
v -0.535618 0.765025 0.106575
v -0.530818 0.790000 0.105620
v -0.534975 0.777512 0.106447
v -0.533218 0.786654 0.106098
v -0.546111 0.765025 -0.000000
v -0.541217 0.790000 -0.000000
v -0.545456 0.777512 -0.000000
v -0.543664 0.786654 -0.000000
v -0.535618 0.765025 -0.106576
v -0.530817 0.790000 -0.105621
v -0.534975 0.777512 -0.106448
v -0.533218 0.786654 -0.106098
v -0.504541 0.765025 -0.209056
v -0.500019 0.790000 -0.207183
v -0.503935 0.777512 -0.208805
v -0.502280 0.786654 -0.208119
v -0.454075 0.765025 -0.303502
v -0.450004 0.790000 -0.300782
v -0.453530 0.777512 -0.303138
v -0.452040 0.786654 -0.302142
v -0.386159 0.765025 -0.386285
v -0.382697 0.790000 -0.382822
v -0.385695 0.777512 -0.385821
v -0.384428 0.786654 -0.384553
v -0.303403 0.765025 -0.454222
v -0.300683 0.790000 -0.450151
v -0.303038 0.777512 -0.453677
v -0.302043 0.786654 -0.452187
v -0.208987 0.765025 -0.504705
v -0.207113 0.790000 -0.500181
v -0.208736 0.777512 -0.504099
v -0.208050 0.786654 -0.502443
v -0.106541 0.765025 -0.535792
v -0.105586 0.790000 -0.530989
v -0.106413 0.777512 -0.535148
v -0.106063 0.786654 -0.533390
v -0.326577 0.691661 0.330036
v -0.319261 0.716636 0.347696
v -0.344237 0.716636 0.322720
v -0.324694 0.695255 0.338586
v -0.335127 0.695255 0.328153
v -0.333731 0.698015 0.337190
v -0.331520 0.716636 0.343990
v -0.322048 0.704260 0.345020
v -0.332605 0.704663 0.342164
v -0.341561 0.704260 0.325507
v -0.340531 0.716636 0.334979
v -0.338705 0.704663 0.336064
v -0.319261 0.716636 0.347696
v -0.326577 0.741611 0.330036
v -0.344237 0.716636 0.322720
v -0.321576 0.729107 0.346674
v -0.330395 0.716636 0.343021
v -0.332168 0.728579 0.342081
v -0.336733 0.738275 0.327720
v -0.324262 0.738275 0.340192
v -0.334059 0.735034 0.337518
v -0.339562 0.716636 0.333854
v -0.343215 0.729107 0.325035
v -0.338622 0.728579 0.335627
v -0.344237 0.716636 -0.328035
v -0.319261 0.716636 -0.353010
v -0.326577 0.691661 -0.335350
v -0.339562 0.716636 -0.339168
v -0.343215 0.704165 -0.330350
v -0.338622 0.704693 -0.340942
v -0.321576 0.704165 -0.351989
v -0.330395 0.716636 -0.348336
v -0.332168 0.704693 -0.347396
v -0.336733 0.694997 -0.333035
v -0.324262 0.694997 -0.345506
v -0.334059 0.698238 -0.342832
v -0.326577 0.741611 -0.335350
v -0.319261 0.716636 -0.353010
v -0.344237 0.716636 -0.328035
v -0.324694 0.738017 -0.343900
v -0.335127 0.738017 -0.333467
v -0.333731 0.735257 -0.342504
v -0.331520 0.716636 -0.349304
v -0.322048 0.729012 -0.350334
v -0.332605 0.728609 -0.347479
v -0.341561 0.729012 -0.330821
v -0.340531 0.716636 -0.340293
v -0.338705 0.728609 -0.341378
v 0.350060 0.716636 0.322720
v 0.325085 0.716636 0.347696
v 0.332400 0.691661 0.330036
v 0.345386 0.716636 0.333854
v 0.349039 0.704165 0.325035
v 0.344446 0.704693 0.335627
v 0.327400 0.704165 0.346674
v 0.336218 0.716636 0.343021
v 0.337992 0.704693 0.342081
v 0.342556 0.694997 0.327720
v 0.330085 0.694997 0.340192
v 0.339882 0.698238 0.337518
v 0.332400 0.741611 0.330036
v 0.325085 0.716636 0.347696
v 0.350060 0.716636 0.322720
v 0.330518 0.738017 0.338586
v 0.340951 0.738017 0.328153
v 0.339554 0.735257 0.337190
v 0.337343 0.716636 0.343990
v 0.327871 0.729012 0.345020
v 0.338428 0.728609 0.342164
v 0.347384 0.729012 0.325507
v 0.346354 0.716636 0.334979
v 0.344529 0.728609 0.336064
v 0.325085 0.716636 -0.353010
v 0.350060 0.716636 -0.328035
v 0.332400 0.691661 -0.335350
v 0.336218 0.716636 -0.348336
v 0.327400 0.704165 -0.351989
v 0.337992 0.704693 -0.347396
v 0.349039 0.704165 -0.330350
v 0.345386 0.716636 -0.339168
v 0.344446 0.704693 -0.340942
v 0.330085 0.694997 -0.345506
v 0.342556 0.694997 -0.333035
v 0.339882 0.698238 -0.342832
v 0.332400 0.741611 -0.335350
v 0.350060 0.716636 -0.328035
v 0.325085 0.716636 -0.353010
v 0.340951 0.738017 -0.333467
v 0.330518 0.738017 -0.343900
v 0.339554 0.735257 -0.342504
v 0.346354 0.716636 -0.340293
v 0.347384 0.729012 -0.330821
v 0.344529 0.728609 -0.341378
v 0.327871 0.729012 -0.350334
v 0.337343 0.716636 -0.349304
v 0.338428 0.728609 -0.347479
v -0.248140 0.716621 -0.231938
v -0.266423 0.691661 -0.275197
v -0.223164 0.716621 -0.256913
v -0.251098 0.704305 -0.248273
v -0.244429 0.716834 -0.244191
v -0.247675 0.704777 -0.252647
v -0.255277 0.695231 -0.266580
v -0.257807 0.695231 -0.264050
v -0.251229 0.698000 -0.260002
v -0.235417 0.716834 -0.253202
v -0.239499 0.704305 -0.259872
v -0.243873 0.704777 -0.256448
v -0.248140 0.716621 0.226623
v -0.223164 0.716621 0.251599
v -0.266423 0.691661 0.269882
v -0.244429 0.716834 0.238876
v -0.251098 0.704305 0.242958
v -0.247675 0.704777 0.247332
v -0.239499 0.704305 0.254557
v -0.235417 0.716834 0.247888
v -0.243873 0.704777 0.251134
v -0.257807 0.695231 0.258736
v -0.255277 0.695231 0.261266
v -0.251229 0.698000 0.254688
v 0.228988 0.716621 -0.256913
v 0.272247 0.691661 -0.275197
v 0.253963 0.716621 -0.231938
v 0.245323 0.704305 -0.259872
v 0.241241 0.716834 -0.253202
v 0.249697 0.704777 -0.256448
v 0.263630 0.695231 -0.264050
v 0.261101 0.695231 -0.266580
v 0.257052 0.698000 -0.260002
v 0.250252 0.716834 -0.244191
v 0.256922 0.704305 -0.248273
v 0.253499 0.704777 -0.252647
v 0.253963 0.716621 0.226623
v 0.272247 0.691661 0.269882
v 0.228988 0.716621 0.251599
v 0.256922 0.704305 0.242958
v 0.250252 0.716834 0.238876
v 0.253499 0.704777 0.247332
v 0.261101 0.695231 0.261266
v 0.263630 0.695231 0.258736
v 0.257052 0.698000 0.254688
v 0.241241 0.716834 0.247888
v 0.245323 0.704305 0.254557
v 0.249697 0.704777 0.251134
v -0.248139 0.716652 0.226623
v -0.265176 0.741611 0.268635
v -0.223164 0.716652 0.251598
v -0.250486 0.728976 0.242613
v -0.244428 0.716865 0.238876
v -0.247100 0.728656 0.246836
v -0.254471 0.738045 0.260201
v -0.256742 0.738045 0.257930
v -0.250397 0.735305 0.253856
v -0.235417 0.716865 0.247887
v -0.239154 0.728976 0.253945
v -0.243377 0.728656 0.250559
v -0.248139 0.716652 -0.231937
v -0.223164 0.716652 -0.256912
v -0.265176 0.741611 -0.273949
v -0.244428 0.716865 -0.244190
v -0.250486 0.728976 -0.247927
v -0.247100 0.728656 -0.252150
v -0.239154 0.728976 -0.259259
v -0.235417 0.716865 -0.253201
v -0.243377 0.728656 -0.255874
v -0.256742 0.738045 -0.263244
v -0.254471 0.738045 -0.265515
v -0.250397 0.735305 -0.259170
v 0.228987 0.716652 -0.256912
v 0.253962 0.716652 -0.231937
v 0.270999 0.741611 -0.273949
v 0.241240 0.716865 -0.253201
v 0.244977 0.728976 -0.259259
v 0.249200 0.728656 -0.255874
v 0.256310 0.728976 -0.247927
v 0.250251 0.716865 -0.244190
v 0.252924 0.728656 -0.252150
v 0.260294 0.738045 -0.265515
v 0.262565 0.738045 -0.263244
v 0.256221 0.735305 -0.259170
v 0.253962 0.716652 0.226623
v 0.228987 0.716652 0.251598
v 0.270999 0.741611 0.268635
v 0.250251 0.716865 0.238876
v 0.256310 0.728976 0.242613
v 0.252924 0.728656 0.246836
v 0.244977 0.728976 0.253945
v 0.241240 0.716865 0.247887
v 0.249200 0.728656 0.250559
v 0.262565 0.738045 0.257930
v 0.260294 0.738045 0.260201
v 0.256221 0.735305 0.253856
v -0.353719 0.000731 0.361874
v -0.351972 0.025569 0.384899
v -0.376947 0.025569 0.359924
v -0.353486 0.004050 0.374085
v -0.365957 0.004050 0.361614
v -0.365202 0.007273 0.373304
v -0.364443 0.025569 0.381563
v -0.352844 0.013167 0.382537
v -0.364751 0.013691 0.379254
v -0.374483 0.013167 0.360898
v -0.373610 0.025569 0.372395
v -0.371205 0.013691 0.372800
v -0.306819 0.667404 0.334503
v -0.305071 0.692242 0.307577
v -0.331794 0.667404 0.309527
v -0.305946 0.679807 0.330192
v -0.319290 0.667404 0.331166
v -0.317927 0.679282 0.326992
v -0.317776 0.688924 0.307838
v -0.305305 0.688924 0.320309
v -0.317475 0.685700 0.320034
v -0.328458 0.667404 0.321999
v -0.327585 0.679807 0.308554
v -0.324381 0.679282 0.320538
v -0.353719 0.000731 0.331852
v -0.376947 0.025569 0.329902
v -0.351972 0.025569 0.304926
v -0.365957 0.004050 0.331592
v -0.353486 0.004050 0.319120
v -0.365202 0.007273 0.319395
v -0.373610 0.025569 0.317431
v -0.374483 0.013167 0.330876
v -0.371205 0.013691 0.318891
v -0.352844 0.013167 0.309237
v -0.364443 0.025569 0.308263
v -0.364751 0.013691 0.312437
v -0.305071 0.692242 0.277555
v -0.306819 0.667404 0.254530
v -0.331794 0.667404 0.279505
v -0.305305 0.688924 0.265344
v -0.317776 0.688924 0.277816
v -0.317475 0.685700 0.266125
v -0.319290 0.667404 0.257866
v -0.305946 0.679807 0.256893
v -0.317927 0.679282 0.260175
v -0.327585 0.679807 0.278531
v -0.328458 0.667404 0.267034
v -0.324381 0.679282 0.266629
v -0.323697 0.000731 0.361874
v -0.296974 0.025569 0.359924
v -0.321949 0.025569 0.384899
v -0.310992 0.004050 0.361614
v -0.323463 0.004050 0.374085
v -0.311293 0.007273 0.373304
v -0.300311 0.025569 0.372395
v -0.301183 0.013167 0.360898
v -0.304387 0.013691 0.372800
v -0.322822 0.013167 0.382537
v -0.309478 0.025569 0.381563
v -0.310842 0.013691 0.379254
v -0.275049 0.692242 0.307577
v -0.276797 0.667404 0.334503
v -0.251821 0.667404 0.309527
v -0.275283 0.688924 0.320309
v -0.262811 0.688924 0.307838
v -0.263566 0.685700 0.320034
v -0.264325 0.667404 0.331166
v -0.275924 0.679807 0.330192
v -0.264017 0.679282 0.326992
v -0.254285 0.679807 0.308554
v -0.255158 0.667404 0.321999
v -0.257563 0.679282 0.320538
v -0.323697 0.000731 0.331852
v -0.321949 0.025569 0.304926
v -0.296974 0.025569 0.329902
v -0.323463 0.004050 0.319120
v -0.310992 0.004050 0.331592
v -0.311293 0.007273 0.319395
v -0.309478 0.025569 0.308263
v -0.322822 0.013167 0.309237
v -0.310842 0.013691 0.312437
v -0.301183 0.013167 0.330876
v -0.300311 0.025569 0.317431
v -0.304387 0.013691 0.318891
v -0.275049 0.692242 0.277555
v -0.251821 0.667404 0.279505
v -0.276797 0.667404 0.254530
v -0.262811 0.688924 0.277816
v -0.275283 0.688924 0.265344
v -0.263566 0.685700 0.266125
v -0.255158 0.667404 0.267034
v -0.254285 0.679807 0.278531
v -0.257563 0.679282 0.266629
v -0.275924 0.679807 0.256893
v -0.264325 0.667404 0.257866
v -0.264017 0.679282 0.260175
v 0.326401 0.000433 0.363784
v 0.324737 0.025271 0.386744
v 0.299761 0.025271 0.361769
v 0.326178 0.003752 0.375986
v 0.313707 0.003752 0.363515
v 0.314019 0.006975 0.375197
v 0.312265 0.025271 0.383407
v 0.325568 0.012869 0.384414
v 0.313589 0.013394 0.381130
v 0.303929 0.012869 0.362775
v 0.303098 0.025271 0.374240
v 0.307135 0.013394 0.374676
v 0.281666 0.668173 0.334564
v 0.280002 0.693011 0.307573
v 0.256691 0.668173 0.309589
v 0.280835 0.680576 0.330221
v 0.269195 0.668173 0.331228
v 0.268927 0.680051 0.327023
v 0.267753 0.689693 0.307842
v 0.280224 0.689693 0.320314
v 0.268497 0.686469 0.320048
v 0.260027 0.668173 0.322060
v 0.259196 0.680576 0.308582
v 0.262473 0.680051 0.320568
v 0.326401 0.000433 0.333735
v 0.299761 0.025271 0.331719
v 0.324737 0.025271 0.306744
v 0.313707 0.003752 0.333466
v 0.326179 0.003752 0.320994
v 0.314019 0.006975 0.321261
v 0.303098 0.025271 0.319248
v 0.303929 0.012869 0.332726
v 0.307135 0.013394 0.320740
v 0.325568 0.012869 0.311087
v 0.312266 0.025271 0.310080
v 0.313589 0.013394 0.314286
v 0.280002 0.693011 0.277524
v 0.281666 0.668173 0.254564
v 0.256691 0.668173 0.279540
v 0.280224 0.689693 0.265322
v 0.267753 0.689693 0.277793
v 0.268497 0.686469 0.266111
v 0.269195 0.668173 0.257901
v 0.280835 0.680576 0.256894
v 0.268927 0.680051 0.260178
v 0.259196 0.680576 0.278533
v 0.260027 0.668173 0.267068
v 0.262473 0.680051 0.266632
v 0.356450 0.000433 0.363784
v 0.379761 0.025271 0.361769
v 0.354786 0.025271 0.386744
v 0.368699 0.003752 0.363515
v 0.356228 0.003752 0.375986
v 0.367955 0.006975 0.375197
v 0.376425 0.025271 0.374240
v 0.377256 0.012869 0.362775
v 0.373980 0.013394 0.374676
v 0.355617 0.012869 0.384414
v 0.367257 0.025271 0.383407
v 0.367525 0.013394 0.381130
v 0.310051 0.693011 0.307573
v 0.311715 0.668173 0.334564
v 0.336691 0.668173 0.309589
v 0.310274 0.689693 0.320314
v 0.322745 0.689693 0.307842
v 0.322433 0.686469 0.320047
v 0.324187 0.668173 0.331228
v 0.310884 0.680576 0.330221
v 0.322863 0.680051 0.327023
v 0.332523 0.680576 0.308582
v 0.333354 0.668173 0.322060
v 0.329317 0.680051 0.320568
v 0.356450 0.000433 0.333735
v 0.354786 0.025271 0.306744
v 0.379761 0.025271 0.331719
v 0.356228 0.003752 0.320994
v 0.368699 0.003752 0.333466
v 0.367955 0.006975 0.321261
v 0.367257 0.025271 0.310080
v 0.355617 0.012869 0.311087
v 0.367525 0.013394 0.314286
v 0.377256 0.012869 0.332726
v 0.376425 0.025271 0.319248
v 0.373980 0.013394 0.320740
v 0.310051 0.693011 0.277524
v 0.336691 0.668173 0.279540
v 0.311715 0.668173 0.254564
v 0.322745 0.689693 0.277793
v 0.310274 0.689693 0.265322
v 0.322433 0.686469 0.266111
v 0.333354 0.668173 0.267068
v 0.332523 0.680576 0.278533
v 0.329317 0.680051 0.266632
v 0.310884 0.680576 0.256894
v 0.324187 0.668173 0.257901
v 0.322863 0.680051 0.260178
v 0.326517 0.000368 -0.333979
v 0.324855 0.025223 -0.307197
v 0.299879 0.025223 -0.332173
v 0.326295 0.003689 -0.321266
v 0.313823 0.003689 -0.333737
v 0.314135 0.006914 -0.321559
v 0.312383 0.025223 -0.310534
v 0.325685 0.012812 -0.311436
v 0.313706 0.013337 -0.314639
v 0.304046 0.012812 -0.333074
v 0.303216 0.025223 -0.319701
v 0.307252 0.013337 -0.321093
v 0.281934 0.667114 -0.260553
v 0.280272 0.691968 -0.283722
v 0.256959 0.667114 -0.285528
v 0.281104 0.679525 -0.262988
v 0.269463 0.667114 -0.263890
v 0.269196 0.678999 -0.266267
v 0.268023 0.688648 -0.283963
v 0.280494 0.688648 -0.271492
v 0.268766 0.685422 -0.272254
v 0.260295 0.667114 -0.273057
v 0.259465 0.679525 -0.284626
v 0.262742 0.678999 -0.272721
v 0.326517 0.000368 -0.364028
v 0.299879 0.025223 -0.362222
v 0.324855 0.025223 -0.387197
v 0.313823 0.003689 -0.363787
v 0.326295 0.003689 -0.376258
v 0.314135 0.006914 -0.375496
v 0.303216 0.025223 -0.374693
v 0.304046 0.012812 -0.363124
v 0.307252 0.013337 -0.375029
v 0.325685 0.012812 -0.384762
v 0.312383 0.025223 -0.383861
v 0.313706 0.013337 -0.381483
v 0.280272 0.691968 -0.313771
v 0.281934 0.667114 -0.340553
v 0.256959 0.667114 -0.315578
v 0.280494 0.688648 -0.326484
v 0.268023 0.688648 -0.314013
v 0.268766 0.685422 -0.326191
v 0.269463 0.667114 -0.337216
v 0.281104 0.679525 -0.336314
v 0.269196 0.678999 -0.333112
v 0.259465 0.679525 -0.314676
v 0.260295 0.667114 -0.328049
v 0.262742 0.678999 -0.326657
v 0.356566 0.000368 -0.333979
v 0.379879 0.025223 -0.332173
v 0.354904 0.025223 -0.307197
v 0.368815 0.003689 -0.333737
v 0.356344 0.003689 -0.321266
v 0.368072 0.006914 -0.321559
v 0.376543 0.025223 -0.319701
v 0.377373 0.012812 -0.333074
v 0.374096 0.013337 -0.321093
v 0.355734 0.012812 -0.311436
v 0.367375 0.025223 -0.310534
v 0.367642 0.013337 -0.314639
v 0.310321 0.691968 -0.283722
v 0.311983 0.667114 -0.260553
v 0.336959 0.667114 -0.285528
v 0.310543 0.688648 -0.271492
v 0.323015 0.688648 -0.283963
v 0.322703 0.685422 -0.272254
v 0.324455 0.667114 -0.263890
v 0.311153 0.679525 -0.262988
v 0.323132 0.678999 -0.266267
v 0.332792 0.679525 -0.284626
v 0.333622 0.667114 -0.273057
v 0.329586 0.678999 -0.272721
v 0.356566 0.000368 -0.364028
v 0.354904 0.025223 -0.387197
v 0.379879 0.025223 -0.362222
v 0.356344 0.003689 -0.376258
v 0.368815 0.003689 -0.363787
v 0.368072 0.006914 -0.375496
v 0.367375 0.025223 -0.383861
v 0.355734 0.012812 -0.384762
v 0.367642 0.013337 -0.381483
v 0.377373 0.012812 -0.363124
v 0.376543 0.025223 -0.374693
v 0.374096 0.013337 -0.375029
v 0.310321 0.691968 -0.313771
v 0.336959 0.667114 -0.315578
v 0.311983 0.667114 -0.340553
v 0.323015 0.688648 -0.314013
v 0.310543 0.688648 -0.326484
v 0.322703 0.685422 -0.326191
v 0.333622 0.667114 -0.328049
v 0.332792 0.679525 -0.314676
v 0.329586 0.678999 -0.326657
v 0.311153 0.679525 -0.336314
v 0.324455 0.667114 -0.337216
v 0.323132 0.678999 -0.333112
v -0.353831 0.001196 -0.333908
v -0.352073 0.026044 -0.307122
v -0.377048 0.026044 -0.332098
v -0.353596 0.004516 -0.321195
v -0.366067 0.004516 -0.333667
v -0.365311 0.007740 -0.321488
v -0.364544 0.026044 -0.310459
v -0.352951 0.013636 -0.311363
v -0.364857 0.014161 -0.314566
v -0.374589 0.013636 -0.333002
v -0.373712 0.026044 -0.319626
v -0.371311 0.014161 -0.321020
v -0.306708 0.667216 -0.260398
v -0.304950 0.692063 -0.283562
v -0.331684 0.667216 -0.285373
v -0.305830 0.679623 -0.262830
v -0.319180 0.667216 -0.263734
v -0.317811 0.679098 -0.266110
v -0.317656 0.688744 -0.283804
v -0.305185 0.688744 -0.271333
v -0.317357 0.685519 -0.272096
v -0.328347 0.667216 -0.272902
v -0.327469 0.679623 -0.284469
v -0.324265 0.679098 -0.272564
v -0.353831 0.001196 -0.363958
v -0.377048 0.026044 -0.362147
v -0.352073 0.026044 -0.387122
v -0.366067 0.004516 -0.363716
v -0.353596 0.004516 -0.376187
v -0.365311 0.007740 -0.375424
v -0.373712 0.026044 -0.374618
v -0.374589 0.013636 -0.363051
v -0.371311 0.014161 -0.374957
v -0.352951 0.013636 -0.384690
v -0.364544 0.026044 -0.383786
v -0.364857 0.014161 -0.381411
v -0.304950 0.692063 -0.313612
v -0.306708 0.667216 -0.340398
v -0.331684 0.667216 -0.315422
v -0.305185 0.688744 -0.326325
v -0.317656 0.688744 -0.313854
v -0.317357 0.685519 -0.326032
v -0.319180 0.667216 -0.337061
v -0.305830 0.679623 -0.336157
v -0.317811 0.679098 -0.332954
v -0.327469 0.679623 -0.314518
v -0.328347 0.667216 -0.327894
v -0.324265 0.679098 -0.326500
v -0.323782 0.001196 -0.333908
v -0.297048 0.026044 -0.332098
v -0.322024 0.026044 -0.307122
v -0.311075 0.004516 -0.333667
v -0.323547 0.004516 -0.321195
v -0.311375 0.007740 -0.321488
v -0.300385 0.026044 -0.319626
v -0.301263 0.013636 -0.333002
v -0.304467 0.014161 -0.321020
v -0.322901 0.013636 -0.311363
v -0.309552 0.026044 -0.310459
v -0.310921 0.014161 -0.314566
v -0.274901 0.692063 -0.283562
v -0.276659 0.667216 -0.260398
v -0.251684 0.667216 -0.285373
v -0.275136 0.688744 -0.271333
v -0.262664 0.688744 -0.283804
v -0.263420 0.685519 -0.272096
v -0.264188 0.667216 -0.263734
v -0.275781 0.679623 -0.262830
v -0.263875 0.679098 -0.266110
v -0.254142 0.679623 -0.284469
v -0.255020 0.667216 -0.272902
v -0.257421 0.679098 -0.272564
v -0.323782 0.001196 -0.363958
v -0.322024 0.026044 -0.387122
v -0.297048 0.026044 -0.362147
v -0.323547 0.004516 -0.376187
v -0.311075 0.004516 -0.363716
v -0.311375 0.007740 -0.375424
v -0.309552 0.026044 -0.383786
v -0.322901 0.013636 -0.384690
v -0.310921 0.014161 -0.381411
v -0.301263 0.013636 -0.363051
v -0.300385 0.026044 -0.374618
v -0.304467 0.014161 -0.374957
v -0.274901 0.692063 -0.313612
v -0.251684 0.667216 -0.315422
v -0.276659 0.667216 -0.340398
v -0.262664 0.688744 -0.313854
v -0.275136 0.688744 -0.326325
v -0.263420 0.685519 -0.326032
v -0.255020 0.667216 -0.327894
v -0.254142 0.679623 -0.314518
v -0.257421 0.679098 -0.326500
v -0.275781 0.679623 -0.336157
v -0.264188 0.667216 -0.337061
v -0.263875 0.679098 -0.332954
vn 0.0979 -0.0000 0.9952
vn -0.0000 -1.0000 -0.0000
vn -0.7733 -0.0000 -0.6341
vn 0.9570 -0.0000 0.2902
vn -0.6345 -0.0000 -0.7729
vn 0.8820 -0.0000 0.4712
vn -0.4715 -0.0000 -0.8819
vn 0.7733 -0.0000 0.6341
vn -0.2905 -0.0000 -0.9569
vn -0.0000 1.0000 -0.0000
vn 0.6345 -0.0000 0.7729
vn -0.0981 -0.0000 -0.9952
vn -0.4715 -0.0000 0.8819
vn 0.4715 -0.0000 0.8819
vn 0.0981 -0.0000 -0.9952
vn -0.6345 -0.0000 0.7729
vn 0.2905 -0.0000 0.9569
vn 0.2905 -0.0000 -0.9569
vn -0.7733 -0.0000 0.6341
vn 0.4715 -0.0000 -0.8819
vn -0.8820 -0.0000 0.4712
vn -0.2905 -0.0000 0.9569
vn 0.6345 -0.0000 -0.7729
vn -0.9570 -0.0000 0.2902
vn 0.7733 -0.0000 -0.6341
vn -0.9952 -0.0000 0.0980
vn 0.8820 -0.0000 -0.4712
vn -0.9952 -0.0000 -0.0980
vn 0.9570 -0.0000 -0.2902
vn -0.9570 -0.0000 -0.2902
vn 0.9952 -0.0000 -0.0979
vn -0.8820 -0.0000 -0.4712
vn 0.9997 0.0262 -0.0000
vn 0.9805 0.0262 0.1949
vn 0.9805 -0.0262 0.1949
vn 0.9997 -0.0262 -0.0000
vn -0.0000 -0.0245 0.9997
vn 0.9997 -0.0249 -0.0000
vn -0.9997 -0.0249 -0.0000
vn -0.0000 -0.0248 -0.9997
vn -0.0000 0.0783 0.9969
vn 0.9975 -0.0702 -0.0000
vn -0.9975 0.0702 -0.0000
vn -0.0000 -0.0783 -0.9969
vn -0.0000 0.0809 0.9967
vn 0.9978 0.0668 -0.0000
vn -0.9978 -0.0668 -0.0000
vn -0.0000 -0.0809 -0.9967
vn -0.0000 -0.0725 0.9974
vn 0.9978 0.0667 -0.0000
vn -0.9978 -0.0667 -0.0000
vn -0.0000 0.0725 -0.9974
vn -0.0000 -0.0727 0.9974
vn 0.9975 -0.0706 -0.0000
vn -0.9975 0.0706 -0.0000
vn -0.0000 0.0727 -0.9974
vn -0.3761 -0.8469 0.3761
vn -0.2606 -0.5268 0.8090
vn -0.2761 -0.1321 0.9520
vn -0.7064 -0.0437 0.7064
vn -0.9520 -0.1321 0.2761
vn -0.8090 -0.5268 0.2606
vn -0.6544 -0.3788 0.6544
vn -0.3925 0.0082 0.9197
vn -0.3723 0.4607 0.8057
vn -0.3733 0.8493 0.3733
vn -0.8057 0.4607 0.3723
vn -0.9197 0.0082 0.3925
vn -0.7062 -0.0493 0.7062
vn -0.6786 0.2811 0.6786
vn -0.9197 -0.0082 -0.3925
vn -0.7062 0.0493 -0.7062
vn -0.3925 -0.0082 -0.9197
vn -0.3723 -0.4607 -0.8057
vn -0.3733 -0.8493 -0.3733
vn -0.8057 -0.4607 -0.3723
vn -0.6786 -0.2811 -0.6786
vn -0.3761 0.8469 -0.3761
vn -0.2606 0.5268 -0.8090
vn -0.2761 0.1321 -0.9520
vn -0.7064 0.0437 -0.7064
vn -0.9520 0.1321 -0.2761
vn -0.8090 0.5268 -0.2606
vn -0.6544 0.3788 -0.6544
vn 0.9197 -0.0082 0.3925
vn 0.7062 0.0493 0.7062
vn 0.3925 -0.0082 0.9197
vn 0.3723 -0.4607 0.8057
vn 0.3733 -0.8493 0.3733
vn 0.8057 -0.4607 0.3723
vn 0.6786 -0.2811 0.6786
vn 0.3761 0.8468 0.3761
vn 0.2606 0.5268 0.8090
vn 0.2761 0.1321 0.9520
vn 0.7064 0.0437 0.7064
vn 0.9520 0.1321 0.2761
vn 0.8090 0.5268 0.2606
vn 0.6544 0.3788 0.6544
vn 0.3925 -0.0082 -0.9197
vn 0.7062 0.0493 -0.7062
vn 0.9197 -0.0082 -0.3925
vn 0.8057 -0.4607 -0.3723
vn 0.3733 -0.8493 -0.3733
vn 0.3723 -0.4607 -0.8057
vn 0.6786 -0.2811 -0.6786
vn 0.3761 0.8468 -0.3761
vn 0.8090 0.5268 -0.2606
vn 0.9520 0.1321 -0.2761
vn 0.7064 0.0437 -0.7064
vn 0.2761 0.1321 -0.9520
vn 0.2606 0.5268 -0.8090
vn 0.6544 0.3788 -0.6544
vn 0.7903 -0.5241 0.3175
vn 0.2884 -0.8447 0.4509
vn 0.2001 -0.9591 0.2001
vn 0.4508 -0.8447 0.2884
vn 0.3175 -0.5241 0.7903
vn 0.5830 -0.5659 0.5830
vn 0.4667 -0.7512 0.4667
vn 0.7903 -0.5241 -0.3175
vn 0.5830 -0.5659 -0.5830
vn 0.3175 -0.5241 -0.7903
vn 0.4509 -0.8447 -0.2884
vn 0.2001 -0.9591 -0.2001
vn 0.2884 -0.8447 -0.4509
vn 0.4667 -0.7512 -0.4667
vn -0.3175 -0.5241 0.7903
vn -0.4508 -0.8447 0.2884
vn -0.2001 -0.9591 0.2001
vn -0.2884 -0.8447 0.4509
vn -0.7903 -0.5241 0.3175
vn -0.5830 -0.5659 0.5830
vn -0.4667 -0.7512 0.4667
vn -0.7903 -0.5241 -0.3175
vn -0.2884 -0.8447 -0.4509
vn -0.2001 -0.9591 -0.2001
vn -0.4508 -0.8447 -0.2884
vn -0.3175 -0.5241 -0.7903
vn -0.5830 -0.5659 -0.5830
vn -0.4667 -0.7513 -0.4667
vn 0.7952 0.5025 -0.3393
vn 0.2707 0.8379 -0.4739
vn 0.2042 0.9574 -0.2043
vn 0.4739 0.8379 -0.2707
vn 0.3393 0.5025 -0.7952
vn 0.5962 0.5376 -0.5962
vn 0.4763 0.7391 -0.4763
vn 0.7952 0.5025 0.3393
vn 0.5962 0.5376 0.5962
vn 0.3393 0.5025 0.7952
vn 0.4739 0.8379 0.2707
vn 0.2043 0.9574 0.2042
vn 0.2707 0.8379 0.4739
vn 0.4763 0.7391 0.4763
vn -0.3393 0.5025 0.7952
vn -0.5962 0.5376 0.5962
vn -0.7952 0.5025 0.3393
vn -0.2707 0.8379 0.4739
vn -0.2043 0.9574 0.2043
vn -0.4739 0.8379 0.2707
vn -0.4763 0.7391 0.4763
vn -0.7952 0.5025 -0.3393
vn -0.5962 0.5376 -0.5962
vn -0.3393 0.5025 -0.7952
vn -0.4739 0.8379 -0.2707
vn -0.2043 0.9574 -0.2043
vn -0.2707 0.8379 -0.4739
vn -0.4763 0.7391 -0.4763
vn -0.2647 -0.9273 0.2647
vn -0.2278 -0.6533 0.7220
vn -0.2616 -0.1701 0.9501
vn -0.7021 -0.1183 0.7021
vn -0.9491 -0.1755 0.2614
vn -0.7201 -0.6556 0.2272
vn -0.6048 -0.5181 0.6048
vn -0.2497 0.3398 0.9067
vn -0.2070 0.7258 0.6561
vn -0.2466 0.9372 0.2466
vn -0.6578 0.7240 0.2076
vn -0.9084 0.3351 0.2501
vn -0.6716 0.3131 0.6716
vn -0.5478 0.6324 0.5478
vn -0.2549 -0.9328 -0.2549
vn -0.7034 -0.6752 -0.2220
vn -0.9416 -0.2148 -0.2593
vn -0.6891 -0.2243 -0.6891
vn -0.2526 -0.3082 -0.9172
vn -0.2115 -0.7115 -0.6701
vn -0.5747 -0.5826 -0.5747
vn -0.2559 0.9322 -0.2559
vn -0.2231 0.6711 -0.7070
vn -0.2598 0.2055 -0.9435
vn -0.6908 0.2136 -0.6908
vn -0.9199 0.2995 -0.2533
vn -0.6735 0.7080 -0.2125
vn -0.5779 0.5763 -0.5779
vn 0.2559 -0.9322 0.2559
vn 0.6735 -0.7079 0.2125
vn 0.9199 -0.2995 0.2533
vn 0.6908 -0.2136 0.6908
vn 0.2598 -0.2055 0.9435
vn 0.2231 -0.6711 0.7070
vn 0.5779 -0.5763 0.5778
vn 0.2549 0.9328 0.2549
vn 0.2114 0.7115 0.6701
vn 0.2526 0.3082 0.9172
vn 0.6891 0.2243 0.6891
vn 0.9416 0.2148 0.2593
vn 0.7034 0.6752 0.2220
vn 0.5747 0.5826 0.5747
vn 0.2466 -0.9372 -0.2466
vn 0.2070 -0.7258 -0.6561
vn 0.2497 -0.3398 -0.9067
vn 0.6716 -0.3131 -0.6716
vn 0.9084 -0.3351 -0.2501
vn 0.6578 -0.7240 -0.2076
vn 0.5478 -0.6324 -0.5478
vn 0.2647 0.9273 -0.2647
vn 0.7201 0.6556 -0.2272
vn 0.9491 0.1755 -0.2614
vn 0.7021 0.1183 -0.7021
vn 0.2616 0.1701 -0.9501
vn 0.2278 0.6533 -0.7220
vn 0.6048 0.5181 -0.6048
vn -0.2562 -0.9320 0.2562
vn -0.2235 -0.6697 0.7082
vn -0.2600 -0.2022 0.9442
vn -0.6914 -0.2096 0.6914
vn -0.9209 -0.2961 0.2536
vn -0.6749 -0.7065 0.2130
vn -0.5790 -0.5740 0.5790
vn -0.2523 0.3112 0.9163
vn -0.2111 0.7127 0.6689
vn -0.2545 0.9330 0.2545
vn -0.7020 0.6768 0.2215
vn -0.9408 0.2185 0.2591
vn -0.6884 0.2282 0.6884
vn -0.5736 0.5848 0.5736
vn -0.2466 -0.9372 -0.2466
vn -0.6586 -0.7232 -0.2078
vn -0.9091 -0.3329 -0.2503
vn -0.6717 -0.3126 -0.6717
vn -0.2496 -0.3412 -0.9063
vn -0.2069 -0.7263 -0.6556
vn -0.5479 -0.6321 -0.5479
vn -0.2647 0.9273 -0.2647
vn -0.2280 0.6526 -0.7226
vn -0.2617 0.1685 -0.9503
vn -0.7021 0.1188 -0.7021
vn -0.9487 0.1779 -0.2612
vn -0.7193 0.6566 -0.2270
vn -0.6047 0.5184 -0.6047
vn 0.2647 -0.9273 0.2647
vn 0.7193 -0.6566 0.2270
vn 0.9487 -0.1779 0.2612
vn 0.7021 -0.1188 0.7021
vn 0.2617 -0.1685 0.9503
vn 0.2280 -0.6526 0.7226
vn 0.6047 -0.5184 0.6047
vn 0.2466 0.9372 0.2466
vn 0.2069 0.7263 0.6556
vn 0.2496 0.3412 0.9063
vn 0.6717 0.3126 0.6717
vn 0.9091 0.3329 0.2503
vn 0.6586 0.7232 0.2078
vn 0.5479 0.6321 0.5479
vn 0.2545 -0.9330 -0.2545
vn 0.2111 -0.7127 -0.6689
vn 0.2523 -0.3112 -0.9163
vn 0.6884 -0.2282 -0.6885
vn 0.9408 -0.2185 -0.2591
vn 0.7020 -0.6768 -0.2215
vn 0.5736 -0.5849 -0.5736
vn 0.2562 0.9320 -0.2562
vn 0.6749 0.7065 -0.2130
vn 0.9209 0.2961 -0.2536
vn 0.6914 0.2096 -0.6914
vn 0.2600 0.2022 -0.9442
vn 0.2235 0.6697 -0.7082
vn 0.5790 0.5740 -0.5790
vn -0.2473 -0.9369 0.2473
vn -0.2078 -0.7234 0.6584
vn -0.2502 -0.3342 0.9087
vn -0.6729 -0.3073 0.6729
vn -0.9098 -0.3308 0.2505
vn -0.6597 -0.7221 0.2082
vn -0.5497 -0.6291 0.5497
vn -0.2613 0.1762 0.9490
vn -0.2272 0.6559 0.7199
vn -0.2643 0.9275 0.2643
vn -0.7185 0.6575 0.2267
vn -0.9484 0.1800 0.2611
vn -0.7016 0.1246 0.7016
vn -0.6032 0.5219 0.6032
vn -0.2559 -0.9322 -0.2559
vn -0.6743 -0.7072 -0.2128
vn -0.9204 -0.2978 -0.2534
vn -0.6906 -0.2150 -0.6906
vn -0.2596 -0.2097 -0.9427
vn -0.2227 -0.6727 -0.7056
vn -0.5775 -0.5770 -0.5775
vn -0.2552 0.9326 -0.2552
vn -0.2120 0.7097 -0.6718
vn -0.2529 0.3040 -0.9185
vn -0.6894 0.2226 -0.6894
vn -0.9413 0.2164 -0.2592
vn -0.7031 0.6756 -0.2219
vn -0.5753 0.5814 -0.5753
vn 0.2552 -0.9326 0.2552
vn 0.7031 -0.6756 0.2219
vn 0.9413 -0.2164 0.2592
vn 0.6894 -0.2226 0.6894
vn 0.2529 -0.3040 0.9185
vn 0.2120 -0.7097 0.6718
vn 0.5753 -0.5814 0.5753
vn 0.2559 0.9322 0.2559
vn 0.2227 0.6727 0.7056
vn 0.2596 0.2097 0.9427
vn 0.6906 0.2150 0.6906
vn 0.9204 0.2978 0.2534
vn 0.6743 0.7072 0.2128
vn 0.5775 0.5770 0.5775
vn 0.2643 -0.9275 -0.2643
vn 0.2272 -0.6559 -0.7199
vn 0.2613 -0.1762 -0.9490
vn 0.7016 -0.1246 -0.7016
vn 0.9484 -0.1800 -0.2611
vn 0.7185 -0.6575 -0.2267
vn 0.6032 -0.5219 -0.6032
vn 0.2473 0.9369 -0.2473
vn 0.6597 0.7221 -0.2082
vn 0.9098 0.3308 -0.2505
vn 0.6729 0.3073 -0.6729
vn 0.2502 0.3342 -0.9087
vn 0.2078 0.7234 -0.6584
vn 0.5497 0.6291 -0.5497
vn -0.2553 -0.9325 0.2553
vn -0.2121 -0.7095 0.6721
vn -0.2530 -0.3033 0.9187
vn -0.6897 -0.2202 0.6897
vn -0.9420 -0.2130 0.2594
vn -0.7043 -0.6743 0.2222
vn -0.5760 -0.5801 0.5759
vn -0.2595 0.2105 0.9425
vn -0.2225 0.6732 0.7052
vn -0.2556 0.9324 0.2556
vn -0.6729 0.7086 0.2124
vn -0.9194 0.3011 0.2532
vn -0.6902 0.2175 0.6902
vn -0.5768 0.5785 0.5768
vn -0.2645 -0.9274 -0.2645
vn -0.7198 -0.6560 -0.2271
vn -0.9490 -0.1765 -0.2613
vn -0.7018 -0.1218 -0.7018
vn -0.2614 -0.1751 -0.9492
vn -0.2273 -0.6554 -0.7203
vn -0.6039 -0.5203 -0.6039
vn -0.2470 0.9370 -0.2470
vn -0.2076 0.7239 -0.6579
vn -0.2501 0.3353 -0.9083
vn -0.6723 0.3098 -0.6723
vn -0.9087 0.3341 -0.2502
vn -0.6584 0.7235 -0.2078
vn -0.5488 0.6305 -0.5488
vn 0.2470 -0.9370 0.2470
vn 0.6584 -0.7235 0.2078
vn 0.9087 -0.3341 0.2502
vn 0.6723 -0.3098 0.6723
vn 0.2501 -0.3353 0.9083
vn 0.2076 -0.7239 0.6579
vn 0.5489 -0.6305 0.5488
vn 0.2645 0.9274 0.2645
vn 0.2273 0.6554 0.7203
vn 0.2614 0.1751 0.9492
vn 0.7018 0.1218 0.7018
vn 0.9490 0.1765 0.2613
vn 0.7198 0.6560 0.2271
vn 0.6039 0.5203 0.6039
vn 0.2556 -0.9324 -0.2556
vn 0.2225 -0.6732 -0.7052
vn 0.2595 -0.2105 -0.9425
vn 0.6902 -0.2175 -0.6902
vn 0.9194 -0.3011 -0.2532
vn 0.6729 -0.7086 -0.2124
vn 0.5768 -0.5785 -0.5768
vn 0.2553 0.9325 -0.2553
vn 0.7043 0.6743 -0.2222
vn 0.9420 0.2130 -0.2594
vn 0.6897 0.2202 -0.6897
vn 0.2530 0.3033 -0.9187
vn 0.2121 0.7095 -0.6721
vn 0.5759 0.5801 -0.5760
vn -0.0979 0.0522 0.9938
vn -0.0962 0.1915 0.9768
vn -0.0793 0.5887 0.8044
vn -0.2900 0.0522 0.9556
vn -0.2850 0.1915 0.9392
vn -0.2347 0.5887 0.7735
vn -0.4709 0.0522 0.8807
vn -0.4628 0.1915 0.8655
vn -0.3812 0.5887 0.7129
vn -0.6337 0.0522 0.7719
vn -0.6228 0.1915 0.7586
vn -0.5129 0.5886 0.6248
vn -0.7721 0.0522 0.6334
vn -0.7588 0.1915 0.6225
vn -0.6250 0.5886 0.5128
vn -0.8808 0.0522 0.4706
vn -0.8657 0.1914 0.4626
vn -0.7131 0.5885 0.3810
vn -0.9557 0.0522 0.2898
vn -0.9393 0.1914 0.2848
vn -0.7737 0.5885 0.2346
vn -0.9938 0.0522 0.0979
vn -0.9768 0.1914 0.0962
vn -0.8046 0.5885 0.0792
vn -0.9938 0.0522 -0.0979
vn -0.9768 0.1914 -0.0962
vn -0.8046 0.5885 -0.0792
vn -0.9557 0.0522 -0.2898
vn -0.9393 0.1914 -0.2848
vn -0.7737 0.5885 -0.2346
vn -0.8808 0.0522 -0.4706
vn -0.8657 0.1914 -0.4626
vn -0.7131 0.5885 -0.3810
vn -0.6250 0.5886 -0.5128
vn -0.7588 0.1915 -0.6225
vn -0.7721 0.0522 -0.6334
vn -0.6336 0.0522 -0.7719
vn -0.6228 0.1915 -0.7586
vn -0.5129 0.5886 -0.6248
vn -0.3812 0.5887 -0.7129
vn -0.4628 0.1915 -0.8655
vn -0.4709 0.0522 -0.8807
vn -0.2900 0.0522 -0.9556
vn -0.2850 0.1915 -0.9392
vn -0.2347 0.5887 -0.7735
vn -0.0979 0.0522 -0.9938
vn -0.0962 0.1915 -0.9768
vn -0.0793 0.5887 -0.8044
vn 0.0979 0.0522 -0.9938
vn 0.0962 0.1915 -0.9768
vn 0.0793 0.5887 -0.8044
vn 0.2900 0.0522 -0.9556
vn 0.2850 0.1915 -0.9392
vn 0.2347 0.5887 -0.7735
vn 0.4709 0.0522 -0.8807
vn 0.4628 0.1915 -0.8655
vn 0.3812 0.5887 -0.7129
vn 0.6337 0.0522 -0.7719
vn 0.6228 0.1915 -0.7586
vn 0.5129 0.5886 -0.6248
vn 0.7721 0.0522 -0.6334
vn 0.7588 0.1915 -0.6225
vn 0.6250 0.5886 -0.5128
vn 0.8808 0.0522 -0.4706
vn 0.8657 0.1914 -0.4626
vn 0.7131 0.5885 -0.3810
vn 0.9557 0.0522 -0.2898
vn 0.9393 0.1914 -0.2848
vn 0.7737 0.5885 -0.2346
vn 0.9938 0.0522 -0.0979
vn 0.9768 0.1914 -0.0962
vn 0.8046 0.5885 -0.0792
vn 0.8046 0.5885 0.0792
vn 0.9768 0.1914 0.0962
vn 0.9925 0.1222 -0.0000
vn 0.9735 0.1222 0.1936
vn 0.9557 0.0522 0.2898
vn 0.9393 0.1914 0.2848
vn 0.7737 0.5885 0.2346
vn 0.8808 0.0522 0.4706
vn 0.8657 0.1914 0.4626
vn 0.7131 0.5885 0.3810
vn 0.7721 0.0522 0.6334
vn 0.7588 0.1915 0.6225
vn 0.6250 0.5886 0.5128
vn 0.6336 0.0522 0.7719
vn 0.6228 0.1915 0.7586
vn 0.5129 0.5886 0.6248
vn 0.4709 0.0522 0.8807
vn 0.4628 0.1915 0.8655
vn 0.3812 0.5887 0.7129
vn 0.2900 0.0522 0.9556
vn 0.2850 0.1915 0.9392
vn 0.2347 0.5887 0.7735
vn 0.0979 0.0522 0.9938
vn 0.0962 0.1915 0.9768
vn 0.0793 0.5887 0.8044
vn -0.0793 -0.5887 0.8045
vn -0.0962 -0.1915 0.9768
vn -0.0979 -0.0522 0.9938
vn -0.2347 -0.5887 0.7735
vn -0.2850 -0.1915 0.9392
vn -0.2900 -0.0522 0.9556
vn -0.3812 -0.5887 0.7129
vn -0.4628 -0.1915 0.8655
vn -0.4709 -0.0522 0.8807
vn -0.5130 -0.5886 0.6248
vn -0.6228 -0.1915 0.7586
vn -0.6337 -0.0522 0.7719
vn -0.6250 -0.5886 0.5128
vn -0.7588 -0.1915 0.6225
vn -0.7721 -0.0522 0.6334
vn -0.7131 -0.5885 0.3810
vn -0.8657 -0.1915 0.4626
vn -0.8808 -0.0522 0.4706
vn -0.7737 -0.5885 0.2346
vn -0.9393 -0.1914 0.2848
vn -0.9557 -0.0522 0.2898
vn -0.8046 -0.5885 0.0792
vn -0.9768 -0.1914 0.0962
vn -0.9938 -0.0522 0.0979
vn -0.8046 -0.5885 -0.0792
vn -0.9768 -0.1914 -0.0962
vn -0.9938 -0.0522 -0.0979
vn -0.7737 -0.5885 -0.2346
vn -0.9393 -0.1914 -0.2848
vn -0.9557 -0.0522 -0.2898
vn -0.7131 -0.5885 -0.3810
vn -0.8657 -0.1914 -0.4626
vn -0.8808 -0.0522 -0.4706
vn -0.7721 -0.0522 -0.6334
vn -0.7588 -0.1915 -0.6225
vn -0.6250 -0.5886 -0.5128
vn -0.5129 -0.5886 -0.6248
vn -0.6228 -0.1915 -0.7586
vn -0.6337 -0.0522 -0.7719
vn -0.4709 -0.0522 -0.8807
vn -0.4628 -0.1915 -0.8655
vn -0.3812 -0.5887 -0.7129
vn -0.2347 -0.5887 -0.7735
vn -0.2850 -0.1915 -0.9392
vn -0.2900 -0.0522 -0.9556
vn -0.0793 -0.5887 -0.8045
vn -0.0962 -0.1915 -0.9768
vn -0.0979 -0.0522 -0.9938
vn 0.0793 -0.5887 -0.8045
vn 0.0962 -0.1915 -0.9768
vn 0.0979 -0.0522 -0.9938
vn 0.2347 -0.5887 -0.7735
vn 0.2850 -0.1915 -0.9392
vn 0.2900 -0.0522 -0.9556
vn 0.3812 -0.5887 -0.7129
vn 0.4628 -0.1915 -0.8655
vn 0.4709 -0.0522 -0.8807
vn 0.5130 -0.5886 -0.6248
vn 0.6228 -0.1915 -0.7586
vn 0.6337 -0.0522 -0.7719
vn 0.6250 -0.5886 -0.5128
vn 0.7588 -0.1915 -0.6225
vn 0.7721 -0.0522 -0.6334
vn 0.7131 -0.5885 -0.3810
vn 0.8657 -0.1914 -0.4626
vn 0.8808 -0.0522 -0.4706
vn 0.7737 -0.5885 -0.2346
vn 0.9393 -0.1914 -0.2848
vn 0.9557 -0.0522 -0.2898
vn 0.8046 -0.5885 -0.0792
vn 0.9768 -0.1914 -0.0962
vn 0.9938 -0.0522 -0.0979
vn 0.9735 -0.1222 0.1936
vn 0.9925 -0.1222 -0.0000
vn 0.9006 -0.3960 0.1791
vn 0.9183 -0.3960 -0.0000
vn 0.8046 -0.5885 0.0792
vn 0.7737 -0.5885 0.2346
vn 0.9393 -0.1914 0.2848
vn 0.9557 -0.0522 0.2898
vn 0.7131 -0.5885 0.3810
vn 0.8657 -0.1915 0.4626
vn 0.8808 -0.0522 0.4706
vn 0.6250 -0.5886 0.5128
vn 0.7588 -0.1915 0.6225
vn 0.7721 -0.0522 0.6334
vn 0.5129 -0.5886 0.6248
vn 0.6228 -0.1915 0.7586
vn 0.6336 -0.0522 0.7719
vn 0.3812 -0.5887 0.7129
vn 0.4628 -0.1915 0.8655
vn 0.4709 -0.0522 0.8807
vn 0.2347 -0.5887 0.7735
vn 0.2850 -0.1915 0.9392
vn 0.2900 -0.0522 0.9556
vn 0.0793 -0.5887 0.8045
vn 0.0962 -0.1915 0.9768
vn 0.0979 -0.0522 0.9938
vn -0.3474 -0.9377 0.0006
vn -0.8151 -0.5793 0.0022
vn -0.9891 -0.1472 0.0013
vn -0.0000 1.0000 -0.0001
vn 0.0001 1.0000 -0.0000
vn -0.3474 0.9377 -0.0006
vn -0.8151 0.5793 -0.0022
vn -0.9891 0.1472 -0.0013
vn 0.0001 -1.0000 -0.0000
vn -0.0000 -0.9500 -0.3121
vn -0.0000 -0.5774 -0.8165
vn -0.0000 -0.0816 -0.9967
vn -0.0000 0.9218 -0.3876
vn -0.0000 0.5814 -0.8136
vn -0.0000 0.2113 -0.9774
vn -0.0001 -1.0000 -0.0000
vn 0.3121 -0.9500 -0.0000
vn 0.8165 -0.5774 -0.0000
vn 0.9967 -0.0816 -0.0000
vn 0.3876 0.9218 -0.0000
vn 0.8136 0.5814 -0.0000
vn 0.9774 0.2113 -0.0000
vn -0.0006 -0.9377 0.3474
vn -0.0022 -0.5793 0.8151
vn -0.0013 -0.1472 0.9891
vn 0.0006 0.9377 0.3474
vn 0.0022 0.5793 0.8151
vn 0.0013 0.1472 0.9891
vn 0.9723 -0.2336 -0.0000
vn 0.8041 -0.5945 -0.0000
vn 0.3828 -0.9238 -0.0000
vn -0.0000 -0.2336 0.9723
vn -0.0000 -0.5945 0.8041
vn -0.0000 -0.9238 0.3828
vn -0.9723 -0.2336 -0.0000
vn -0.8041 -0.5945 -0.0000
vn -0.3828 -0.9238 -0.0000
vn -0.0000 -0.2336 -0.9723
vn -0.0000 -0.5945 -0.8041
vn -0.0000 -0.9238 -0.3828
vn 0.9823 0.1871 -0.0000
vn 0.8232 0.5678 -0.0000
vn 0.3895 0.9210 -0.0000
vn -0.0000 0.1871 0.9823
vn -0.0000 0.5678 0.8232
vn -0.0000 0.9210 0.3895
vn -0.9823 0.1871 -0.0000
vn -0.8232 0.5678 -0.0000
vn -0.3895 0.9210 -0.0000
vn -0.0000 0.1871 -0.9823
vn -0.0000 0.5678 -0.8232
vn -0.0000 0.9210 -0.3895
vn 0.2892 -0.0306 0.9568
vn 0.7067 -0.0346 0.7066
vn 0.9566 -0.0309 0.2897
vn 0.9567 -0.0313 -0.2893
vn 0.7066 -0.0352 -0.7067
vn 0.2891 -0.0306 -0.9568
vn -0.2892 -0.0310 -0.9568
vn -0.7067 -0.0344 -0.7066
vn -0.9566 -0.0306 -0.2897
vn -0.9568 -0.0312 0.2890
vn -0.7065 -0.0350 0.7068
vn -0.2891 -0.0310 0.9568
vn -0.2617 -0.9652 -0.0000
vn -0.7304 -0.6830 -0.0000
vn -0.9808 -0.1949 -0.0000
vn -0.2573 0.0936 0.9618
vn -0.7032 0.1047 0.7032
vn -0.9623 0.0879 0.2575
vn -0.2527 0.9675 -0.0000
vn -0.6808 0.7325 -0.0000
vn -0.9470 0.3214 -0.0000
vn -0.2580 -0.0576 -0.9644
vn -0.7071 -0.0058 -0.7071
vn -0.9649 0.0476 -0.2582
vn -0.0000 -0.9677 -0.2522
vn -0.0000 -0.7350 -0.6780
vn -0.0000 -0.3283 -0.9446
vn -0.0000 0.9650 -0.2622
vn -0.0000 0.6798 -0.7334
vn 0.9623 -0.0879 -0.2575
vn 0.7032 -0.1047 -0.7032
vn 0.2573 -0.0936 -0.9618
vn 0.2527 -0.9675 -0.0000
vn 0.6808 -0.7325 -0.0000
vn 0.9470 -0.3214 -0.0000
vn 0.2617 0.9651 -0.0000
vn 0.7304 0.6830 -0.0000
vn 0.9808 0.1949 -0.0000
vn 0.2580 0.0576 0.9644
vn 0.7071 0.0058 0.7071
vn 0.9649 -0.0476 0.2582
vn -0.0000 -0.9650 0.2622
vn -0.0000 -0.6798 0.7334
vn -0.0000 -0.1871 0.9823
vn -0.0000 0.9677 0.2522
vn -0.0000 0.7350 0.6780
vn -0.0000 0.3283 0.9446
vn -0.2529 -0.9675 -0.0000
vn -0.6819 -0.7314 -0.0000
vn -0.9479 -0.3185 -0.0000
vn -0.2580 0.0610 0.9642
vn -0.7071 0.0100 0.7071
vn -0.9651 -0.0437 0.2582
vn -0.2615 0.9652 -0.0000
vn -0.7292 0.6843 -0.0000
vn -0.9802 0.1980 -0.0000
vn -0.2573 -0.0953 -0.9616
vn -0.7033 -0.1042 -0.7033
vn -0.9625 -0.0854 -0.2575
vn -0.0000 -0.9677 -0.2520
vn -0.0000 -0.7358 -0.6771
vn -0.0000 -0.3305 -0.9438
vn -0.0000 0.9650 -0.2624
vn -0.0000 0.6788 -0.7343
vn -0.0000 0.1846 -0.9828
vn 0.9651 0.0437 -0.2582
vn 0.7071 -0.0100 -0.7071
vn 0.2580 -0.0610 -0.9642
vn 0.2615 -0.9652 -0.0000
vn 0.7292 -0.6843 -0.0000
vn 0.9802 -0.1980 -0.0000
vn 0.2529 0.9675 -0.0000
vn 0.6819 0.7314 -0.0000
vn 0.9479 0.3185 -0.0000
vn 0.2573 0.0953 0.9616
vn 0.7033 0.1042 0.7033
vn 0.9625 0.0854 0.2575
vn -0.0000 -0.9650 0.2624
vn -0.0000 -0.6788 0.7343
vn -0.0000 -0.1846 0.9828
vn -0.0000 0.9677 0.2520
vn -0.0000 0.7358 0.6771
vn -0.0000 0.3305 0.9438
vn -0.2531 -0.9674 -0.0000
vn -0.6822 -0.7312 -0.0000
vn -0.9480 -0.3183 -0.0000
vn -0.2575 -0.0871 0.9623
vn -0.7037 -0.0982 0.7037
vn -0.9627 -0.0831 0.2576
vn -0.2616 0.9652 -0.0000
vn -0.7294 0.6841 -0.0000
vn -0.2581 0.0528 -0.9647
vn -0.7071 0.0041 -0.7071
vn -0.9650 -0.0458 -0.2582
vn -0.0000 -0.9651 -0.2620
vn -0.0000 -0.6819 -0.7315
vn -0.0000 -0.1925 -0.9813
vn -0.0000 0.9675 -0.2527
vn -0.0000 0.7330 -0.6802
vn -0.0000 0.3232 -0.9463
vn 0.9627 0.0831 -0.2576
vn 0.7037 0.0982 -0.7037
vn 0.2575 0.0871 -0.9623
vn 0.2616 -0.9652 -0.0000
vn 0.7294 -0.6841 -0.0000
vn 0.2531 0.9674 -0.0000
vn 0.6822 0.7312 -0.0000
vn 0.9480 0.3183 -0.0000
vn 0.2581 -0.0528 0.9647
vn 0.7071 -0.0041 0.7071
vn 0.9650 0.0458 0.2582
vn -0.0000 -0.9675 0.2527
vn -0.0000 -0.7330 0.6802
vn -0.0000 -0.3232 0.9463
vn -0.0000 0.9651 0.2620
vn -0.0000 0.6819 0.7315
vn -0.0000 0.1925 0.9813
vn -0.2618 -0.9651 -0.0000
vn -0.7307 -0.6827 -0.0000
vn -0.9809 -0.1944 -0.0000
vn -0.2581 -0.0520 0.9647
vn -0.7071 -0.0015 0.7071
vn -0.9648 0.0495 0.2581
vn -0.2528 0.9675 -0.0000
vn -0.9469 0.3216 -0.0000
vn -0.2574 0.0883 -0.9622
vn -0.7035 0.1010 -0.7035
vn -0.9624 0.0869 -0.2575
vn -0.0000 -0.6819 -0.7314
vn -0.0000 -0.1924 -0.9813
vn -0.0000 0.9676 -0.2526
vn -0.0000 0.7331 -0.6801
vn -0.0000 0.3234 -0.9463
vn 0.9648 -0.0495 -0.2581
vn 0.7071 0.0015 -0.7071
vn 0.2581 0.0520 -0.9647
vn 0.2528 -0.9675 -0.0000
vn 0.9469 -0.3216 -0.0000
vn 0.2618 0.9651 -0.0000
vn 0.7307 0.6827 -0.0000
vn 0.9809 0.1944 -0.0000
vn 0.2574 -0.0883 0.9622
vn 0.7035 -0.1010 0.7035
vn 0.9624 -0.0869 0.2575
vn -0.0000 -0.9676 0.2526
vn -0.0000 -0.7331 0.6801
vn -0.0000 -0.3234 0.9463
vn -0.0000 0.6819 0.7314
vn -0.0000 0.1924 0.9813
vn -0.0981 -0.0000 0.9952
vt 0.000000 0.000000
vt 0.000000 0.000000
vt 0.000000 0.000000
vt 0.000000 0.000000
vt 0.000000 0.000000
vt 0.000000 0.000000
vt 0.000000 0.000000
vt 0.000000 0.000000
vt 0.000000 0.000000
vt 0.000000 0.000000
vt 0.000000 0.000000
vt 0.000000 0.000000
vt 0.000000 0.000000
vt 0.000000 0.000000
vt 0.000000 0.000000
vt 0.000000 0.000000
vt 0.000000 0.000000
vt 0.000000 0.000000
vt 0.000000 0.000000
vt 0.000000 0.000000
vt 0.000000 0.000000
vt 0.000000 0.000000
vt 0.000000 0.000000
vt 0.000000 0.000000
vt 0.000000 0.000000
vt 0.000000 0.000000
vt 0.000000 0.000000
vt 0.000000 0.000000
vt 0.000000 0.000000
vt 0.000000 0.000000
vt 0.000000 0.000000
vt 0.000000 0.000000
vt 0.000000 0.000000
vt 0.000000 0.000000
vt 0.000000 0.000000
vt 0.000000 0.000000
vt 0.000000 0.000000
vt 0.000000 0.000000
vt 0.000000 0.000000
vt 0.000000 0.000000
vt 0.000000 0.000000
vt 0.000000 0.000000
vt 0.000000 0.000000
vt 0.000000 0.000000
vt 0.000000 0.000000
vt 0.000000 0.000000
vt 0.000000 0.000000
vt 0.000000 0.000000
vt 0.000000 0.000000
vt 0.000000 0.000000
vt 0.000000 0.000000
vt 0.000000 0.000000
vt 0.000000 0.000000
vt 0.000000 0.000000
vt 0.000000 0.000000
vt 0.000000 0.000000
vt 0.000000 0.000000
vt 0.000000 0.000000
vt 0.000000 0.000000
vt 0.000000 0.000000
vt 0.000000 0.000000
vt 0.000000 0.000000
vt 0.000000 0.000000
vt 0.000000 0.000000
vt 0.000000 0.000000
vt 0.000000 0.000000
vt 0.000000 0.000000
vt 0.000000 0.000000
vt 0.000000 0.000000
vt 0.000000 0.000000
vt 0.000000 0.000000
vt 0.000000 0.000000
vt 0.000000 0.000000
vt 0.000000 0.000000
vt 0.000000 0.000000
vt 0.000000 0.000000
vt 0.000000 0.000000
vt 0.000000 0.000000
vt 0.000000 0.000000
vt 0.000000 0.000000
vt 0.000000 0.000000
vt 0.000000 0.000000
vt 0.000000 0.000000
vt 0.000000 0.000000
vt 0.000000 0.000000
vt 0.000000 0.000000
vt 0.000000 0.000000
vt 0.000000 0.000000
vt 0.000000 0.000000
vt 0.000000 0.000000
vt 0.000000 0.000000
vt 0.000000 0.000000
vt 0.000000 0.000000
vt 0.000000 0.000000
vt 0.000000 0.000000
vt 0.000000 0.000000
vt 0.000000 0.000000
vt 0.000000 0.000000
vt 0.000000 0.000000
vt 0.000000 0.000000
vt 0.000000 0.000000
vt 0.000000 0.000000
vt 0.000000 0.000000
vt 0.000000 0.000000
vt 0.000000 0.000000
vt 0.000000 0.000000
vt 0.000000 0.000000
vt 0.000000 0.000000
vt 0.000000 0.000000
vt 0.000000 0.000000
vt 0.000000 0.000000
vt 0.000000 0.000000
vt 0.000000 0.000000
vt 0.000000 0.000000
vt 0.000000 0.000000
vt 0.000000 0.000000
vt 0.000000 0.000000
vt 0.000000 0.000000
vt 0.000000 0.000000
vt 0.000000 0.000000
vt 0.000000 0.000000
vt 0.000000 0.000000
vt 0.000000 0.000000
vt 0.000000 0.000000
vt 0.000000 0.000000
vt 0.000000 0.000000
vt 0.000000 0.000000
vt 0.000000 0.000000
vt 0.000000 0.000000
vt 0.000000 0.000000
vt 0.000000 0.000000
vt 0.000000 0.000000
vt 0.000000 0.000000
vt 0.000000 0.000000
vt 0.000000 0.000000
vt 0.000000 0.000000
vt 0.000000 0.000000
vt 0.000000 0.000000
vt 0.000000 0.000000
vt 0.000000 0.000000
vt 0.000000 0.000000
vt 0.000000 0.000000
vt 0.000000 0.000000
vt 0.000000 0.000000
vt 0.000000 0.000000
vt 0.000000 0.000000
vt 0.000000 0.000000
vt 0.000000 0.000000
vt 0.000000 0.000000
vt 0.000000 0.000000
vt 0.000000 0.000000
vt 0.000000 0.000000
vt 0.000000 0.000000
vt 0.000000 0.000000
vt 0.000000 0.000000
vt 0.000000 0.000000
vt 0.000000 0.000000
vt 0.000000 0.000000
vt 0.000000 0.000000
vt 0.000000 0.000000
vt 0.000000 0.000000
vt 0.000000 0.000000
vt 0.000000 0.000000
vt 0.000000 0.000000
vt 0.000000 0.000000
vt 0.000000 0.000000
vt 0.000000 0.000000
vt 0.000000 0.000000
vt 0.000000 0.000000
vt 0.000000 0.000000
vt 0.000000 0.000000
vt 0.000000 0.000000
vt 0.000000 0.000000
vt 0.000000 0.000000
vt 0.000000 0.000000
vt 0.000000 0.000000
vt 0.000000 0.000000
vt 0.000000 0.000000
vt 0.000000 0.000000
vt 0.000000 0.000000
vt 0.000000 0.000000
vt 0.000000 0.000000
vt 0.000000 0.000000
vt 0.000000 0.000000
vt 0.000000 0.000000
vt 0.000000 0.000000
vt 0.000000 0.000000
vt 0.000000 0.000000
vt 0.000000 0.000000
vt 0.000000 0.000000
vt 0.000000 0.000000
vt 0.000000 0.000000
vt 0.000000 0.000000
vt 0.000000 0.000000
vt 0.000000 0.000000
vt 0.000000 0.000000
vt 0.000000 0.000000
vt 0.000000 0.000000
vt 0.000000 0.000000
vt 0.000000 0.000000
vt 0.000000 0.000000
vt 0.000000 0.000000
vt 0.000000 0.000000
vt 0.000000 0.000000
vt 0.000000 0.000000
vt 0.000000 0.000000
vt 0.000000 0.000000
vt 0.000000 0.000000
vt 0.000000 0.000000
vt 0.000000 0.000000
vt 0.000000 0.000000
vt 0.000000 0.000000
vt 0.000000 0.000000
vt 0.000000 0.000000
vt 0.000000 0.000000
vt 0.000000 0.000000
vt 0.000000 0.000000
vt 0.000000 0.000000
vt 0.000000 0.000000
vt 0.000000 0.000000
vt 0.000000 0.000000
vt 0.000000 0.000000
vt 0.000000 0.000000
vt 0.000000 0.000000
vt 0.000000 0.000000
vt 0.000000 0.000000
vt 0.000000 0.000000
vt 0.000000 0.000000
vt 0.000000 0.000000
vt 0.000000 0.000000
vt 0.000000 0.000000
vt 0.000000 0.000000
vt 0.000000 0.000000
vt 0.000000 0.000000
vt 0.000000 0.000000
vt 0.000000 0.000000
vt 0.000000 0.000000
vt 0.000000 0.000000
vt 0.000000 0.000000
vt 0.000000 0.000000
vt 0.000000 0.000000
vt 0.000000 0.000000
vt 0.000000 0.000000
vt 0.000000 0.000000
vt 0.000000 0.000000
vt 0.000000 0.000000
vt 0.000000 0.000000
vt 0.000000 0.000000
vt 0.000000 0.000000
vt 0.000000 0.000000
vt 0.000000 0.000000
vt 0.000000 0.000000
vt 0.000000 0.000000
vt 0.000000 0.000000
vt 0.000000 0.000000
vt 0.000000 0.000000
vt 0.375000 0.000000
vt 0.375000 1.000000
vt 0.500000 0.991007
vt 0.500000 0.008911
vt 0.375000 0.996133
vt 0.375000 1.003995
vt 0.375000 0.003830
vt 0.375000 1.000000
vt 0.406801 0.003748
vt 0.500000 1.000000
vt 0.500000 0.000000
vt 0.438057 0.992010
vt 0.440077 1.000000
vt 0.440077 0.000000
vt 0.438057 0.007917
vt 0.500000 0.004537
vt 0.440077 0.004150
vt 0.500000 0.991007
vt 0.625000 0.000000
vt 0.625000 1.000000
vt 0.500000 0.008911
vt 0.562418 0.991841
vt 0.499999 1.000000
vt 0.499999 0.000000
vt 0.559776 1.000000
vt 0.559776 0.000000
vt 0.625000 0.004560
vt 0.625000 -0.004748
vt 0.625000 0.995397
vt 0.625000 0.000000
vt 0.592079 0.003631
vt 0.499999 0.004939
vt 0.562418 0.008085
vt 0.559776 0.004306
vt 0.500000 0.241089
vt 0.500000 0.258993
vt 0.375000 0.250000
vt 0.500000 0.245061
vt 0.437582 0.241915
vt 0.440223 0.245694
vt 0.437582 0.258159
vt 0.500000 0.254984
vt 0.440224 0.254346
vt 0.375000 0.245442
vt 0.375000 0.254743
vt 0.375000 0.254602
vt 0.375000 0.250000
vt 0.625000 0.250000
vt 0.500000 0.258993
vt 0.500000 0.241089
vt 0.625000 0.253868
vt 0.625000 0.246001
vt 0.625000 0.246168
vt 0.625000 0.250000
vt 0.500000 0.254579
vt 0.561943 0.257990
vt 0.559923 0.254188
vt 0.561943 0.242083
vt 0.500000 0.245463
vt 0.559923 0.245850
vt 0.500000 0.741089
vt 0.500000 0.758993
vt 0.375000 0.750000
vt 0.500000 0.745062
vt 0.437582 0.741915
vt 0.440223 0.745694
vt 0.437582 0.758160
vt 0.500000 0.754984
vt 0.440224 0.754346
vt 0.375000 0.745442
vt 0.375000 0.754743
vt 0.375000 0.754602
vt 0.375000 0.750000
vt 0.625000 0.750000
vt 0.500000 0.758993
vt 0.500000 0.741089
vt 0.625000 0.753868
vt 0.625000 0.746001
vt 0.625000 0.746168
vt 0.625000 0.750000
vt 0.500000 0.754579
vt 0.561943 0.757990
vt 0.559923 0.754188
vt 0.561943 0.742083
vt 0.500000 0.745463
vt 0.559923 0.745850
vt 0.500000 0.491007
vt 0.500000 0.508911
vt 0.375000 0.500000
vt 0.500000 0.495016
vt 0.437582 0.491841
vt 0.440224 0.495654
vt 0.437582 0.508085
vt 0.500000 0.504938
vt 0.440223 0.504306
vt 0.375000 0.495398
vt 0.375000 0.504790
vt 0.375000 0.504558
vt 0.375000 0.500000
vt 0.625000 0.500000
vt 0.500000 0.508911
vt 0.500000 0.491007
vt 0.625000 0.503832
vt 0.625000 0.496132
vt 0.625000 0.500000
vt 0.500000 0.504537
vt 0.561943 0.507917
vt 0.559923 0.504150
vt 0.561943 0.492010
vt 0.500000 0.495421
vt 0.559923 0.495812
vt 0.499922 0.237722
vt 0.375000 0.250000
vt 0.499922 0.262435
vt 0.437953 0.245603
vt 0.501453 0.243749
vt 0.440744 0.247758
vt 0.375000 0.250978
vt 0.375000 0.249032
vt 0.375000 0.250000
vt 0.501453 0.256330
vt 0.437953 0.254453
vt 0.440744 0.252271
vt 0.499922 0.012278
vt 0.499922 0.037305
vt 0.375000 0.000000
vt 0.375000 1.000000
vt 0.501453 0.006251
vt 0.437953 0.004397
vt 0.440744 0.002242
vt 0.375000 0.002049
vt 0.375000 -0.002418
vt 0.375000 0.013803
vt 0.375000 0.995399
vt 0.501453 0.018991
vt 0.375000 0.007286
vt 0.375000 -0.001296
vt 0.375000 0.000968
vt 0.375000 -0.000951
vt 0.375000 0.999022
vt 0.375000 0.000000
vt 0.499922 0.487565
vt 0.375000 0.500000
vt 0.499922 0.512278
vt 0.437953 0.495547
vt 0.501453 0.493670
vt 0.440744 0.497729
vt 0.375000 0.500968
vt 0.375000 0.499022
vt 0.375000 0.500000
vt 0.501453 0.506251
vt 0.437954 0.504397
vt 0.440744 0.502242
vt 0.499922 0.737722
vt 0.375000 0.750000
vt 0.499922 0.712695
vt 0.437954 0.745603
vt 0.501453 0.743749
vt 0.440744 0.747758
vt 0.375000 0.749177
vt 0.375000 0.750978
vt 0.375000 0.749032
vt 0.375000 0.750000
vt 0.501453 0.731009
vt 0.375000 0.736197
vt 0.375000 0.754601
vt 0.375000 0.742714
vt 0.375000 0.752429
vt 0.500078 0.012278
vt 0.625000 0.000000
vt 0.625000 1.000000
vt 0.500078 0.037305
vt 0.561427 0.004269
vt 0.501608 0.006251
vt 0.560252 0.002194
vt 0.625000 0.000000
vt 0.625000 1.000000
vt 0.625000 1.000865
vt 0.625000 0.000869
vt 0.625000 1.000000
vt 0.593098 -0.004065
vt 0.593098 -0.001338
vt 0.501609 0.018991
vt 0.561427 0.012970
vt 0.560252 0.006667
vt 0.560717 0.000362
vt 0.500078 0.237722
vt 0.500078 0.262435
vt 0.625000 0.250000
vt 0.501608 0.243749
vt 0.561427 0.245731
vt 0.560252 0.247806
vt 0.561427 0.254323
vt 0.501608 0.256330
vt 0.560252 0.252222
vt 0.625000 0.249131
vt 0.625000 0.250878
vt 0.625000 0.250000
vt 0.500078 0.487565
vt 0.500078 0.512278
vt 0.625000 0.500000
vt 0.501608 0.493670
vt 0.561427 0.495677
vt 0.560252 0.497778
vt 0.561427 0.504269
vt 0.501608 0.506251
vt 0.560252 0.502194
vt 0.625000 0.499122
vt 0.625000 0.500869
vt 0.625000 0.500000
vt 0.500078 0.737722
vt 0.500078 0.712695
vt 0.625000 0.750000
vt 0.501608 0.743749
vt 0.561427 0.745731
vt 0.560252 0.747806
vt 0.560717 0.748901
vt 0.561427 0.737030
vt 0.501609 0.731009
vt 0.560251 0.743333
vt 0.625000 0.749131
vt 0.625000 0.750000
vt 0.625000 0.750000
vt 0.203074 0.671926
vt 0.383979 0.921926
vt 0.383980 0.078074
vt 0.203804 0.710097
vt 0.164818 0.671111
vt 0.167177 0.707656
vt 0.384388 1.000000
vt 0.384388 0.000000
vt 0.205809 0.750000
vt 0.375000 0.919191
vt 0.375000 0.956412
vt 0.375353 -0.000240
vt 0.168588 0.750000
vt 0.125000 0.668873
vt 0.375000 0.081127
vt 0.384064 0.039031
vt 0.375000 0.043919
vt 0.125000 0.706081
vt 0.616020 0.921926
vt 0.796926 0.671926
vt 0.616021 0.078074
vt 0.620598 0.921983
vt 0.616429 1.000000
vt 0.616429 0.000000
vt 0.620827 1.000000
vt 0.620827 0.000000
vt 0.875000 0.672740
vt 0.625000 0.077260
vt 0.797655 0.750000
vt 0.625000 0.922655
vt 0.625353 1.000215
vt 0.875000 0.710867
vt 0.625000 0.039133
vt 0.616105 0.039031
vt 0.620589 0.078017
vt 0.620481 0.040625
vt 0.203074 0.578074
vt 0.383980 0.171926
vt 0.383979 0.328074
vt 0.164818 0.577260
vt 0.203804 0.538274
vt 0.167177 0.539133
vt 0.384064 0.210854
vt 0.125000 0.575022
vt 0.375000 0.174978
vt 0.375000 0.212443
vt 0.125000 0.537557
vt 0.205809 0.500000
vt 0.375000 0.330809
vt 0.383885 0.289146
vt 0.375000 0.293588
vt 0.168588 0.500000
vt 0.796926 0.578074
vt 0.616020 0.328074
vt 0.616020 0.171926
vt 0.797655 0.500000
vt 0.625000 0.327345
vt 0.875000 0.578889
vt 0.625000 0.171111
vt 0.875000 0.542344
vt 0.624618 0.250232
vt 0.625000 0.207656
vt 0.615926 0.289146
vt 0.620410 0.328132
vt 0.620129 0.290851
vt 0.620644 0.229214
vt 0.620589 0.171868
vt 0.616105 0.210854
vt 0.620481 0.209149
vt 0.296926 0.671926
vt 0.383979 0.671926
vt 0.383980 0.828074
vt 0.336641 0.671111
vt 0.297655 0.710097
vt 0.335700 0.707656
vt 0.383895 0.710854
vt 0.379411 0.671868
vt 0.379519 0.709149
vt 0.357288 0.706080
vt 0.299660 0.750000
vt 0.375000 0.825340
vt 0.384074 0.789146
vt 0.375000 0.787888
vt 0.337112 0.750000
vt 0.703074 0.671926
vt 0.616020 0.828074
vt 0.616021 0.671926
vt 0.703804 0.750000
vt 0.625000 0.828804
vt 0.664818 0.672740
vt 0.667177 0.750000
vt 0.625000 0.792177
vt 0.616114 0.789146
vt 0.620598 0.828132
vt 0.620500 0.790851
vt 0.620420 0.671868
vt 0.615936 0.710854
vt 0.620148 0.709148
vt 0.620682 0.770786
vt 0.296926 0.578074
vt 0.383979 0.421926
vt 0.383980 0.578074
vt 0.297655 0.538274
vt 0.336641 0.577260
vt 0.335700 0.539133
vt 0.383885 0.460969
vt 0.299660 0.500000
vt 0.375000 0.424660
vt 0.375000 0.462112
vt 0.337112 0.500000
vt 0.379411 0.578017
vt 0.383895 0.539031
vt 0.379519 0.540625
vt 0.357288 0.537557
vt 0.703074 0.578074
vt 0.616021 0.578074
vt 0.616021 0.421926
vt 0.664818 0.578889
vt 0.703804 0.500000
vt 0.625000 0.421196
vt 0.667177 0.500000
vt 0.625000 0.457823
vt 0.615936 0.539031
vt 0.620420 0.578017
vt 0.620148 0.540625
vt 0.619947 0.479661
vt 0.620410 0.421983
vt 0.615926 0.460969
vt 0.620129 0.459375
vt 0.203048 0.671952
vt 0.383966 0.921952
vt 0.383966 0.078048
vt 0.202353 0.710083
vt 0.163380 0.671110
vt 0.164355 0.707616
vt 0.383763 1.000000
vt 0.383763 0.000000
vt 0.200444 0.750000
vt 0.375000 0.924556
vt 0.375000 0.961989
vt 0.374707 0.000206
vt 0.163011 0.750000
vt 0.125000 0.668798
vt 0.375000 0.081202
vt 0.383886 0.039132
vt 0.375000 0.044012
vt 0.125000 0.705988
vt 0.616034 0.921952
vt 0.796952 0.671952
vt 0.616034 0.078048
vt 0.620608 0.921896
vt 0.615832 1.000000
vt 0.615832 0.000000
vt 0.620201 1.000000
vt 0.620201 0.000000
vt 0.875000 0.672794
vt 0.625000 0.077206
vt 0.796257 0.750000
vt 0.625000 0.921257
vt 0.625364 0.999789
vt 0.875000 0.710935
vt 0.625000 0.039065
vt 0.615954 0.039132
vt 0.620431 0.078104
vt 0.620163 0.040836
vt 0.203048 0.578048
vt 0.383966 0.171952
vt 0.383966 0.328048
vt 0.163381 0.577206
vt 0.202353 0.538234
vt 0.164355 0.539065
vt 0.383886 0.210981
vt 0.125000 0.574894
vt 0.375000 0.175106
vt 0.375000 0.212563
vt 0.125000 0.537437
vt 0.200445 0.500000
vt 0.375000 0.325445
vt 0.383869 0.289019
vt 0.375000 0.288011
vt 0.163011 0.500000
vt 0.796952 0.578048
vt 0.616034 0.328048
vt 0.616034 0.171952
vt 0.796257 0.500000
vt 0.625000 0.328743
vt 0.875000 0.578890
vt 0.625000 0.171110
vt 0.875000 0.542384
vt 0.624605 0.249771
vt 0.625000 0.207616
vt 0.615937 0.289019
vt 0.620414 0.327992
vt 0.620130 0.290614
vt 0.620008 0.229665
vt 0.620431 0.172008
vt 0.615954 0.210981
vt 0.620163 0.209387
vt 0.296952 0.671952
vt 0.383966 0.671952
vt 0.383966 0.828048
vt 0.335230 0.671110
vt 0.296257 0.710083
vt 0.332906 0.707616
vt 0.384046 0.710981
vt 0.379569 0.672009
vt 0.379837 0.709387
vt 0.351731 0.705988
vt 0.294349 0.750000
vt 0.375000 0.830651
vt 0.384063 0.789019
vt 0.375000 0.793438
vt 0.331562 0.750000
vt 0.703048 0.671952
vt 0.616034 0.828048
vt 0.616034 0.671952
vt 0.702353 0.750000
vt 0.625000 0.827353
vt 0.663380 0.672794
vt 0.664355 0.750000
vt 0.625000 0.789355
vt 0.616131 0.789019
vt 0.620608 0.827992
vt 0.620513 0.790613
vt 0.620592 0.672008
vt 0.616114 0.710981
vt 0.620480 0.709387
vt 0.620701 0.770335
vt 0.296952 0.578048
vt 0.383966 0.421952
vt 0.383966 0.578048
vt 0.296257 0.538234
vt 0.335230 0.577206
vt 0.332906 0.539065
vt 0.383869 0.460868
vt 0.294349 0.500000
vt 0.375000 0.419349
vt 0.375000 0.456562
vt 0.331562 0.500000
vt 0.379569 0.578104
vt 0.384046 0.539132
vt 0.379837 0.540836
vt 0.351731 0.537437
vt 0.703048 0.578048
vt 0.616034 0.578048
vt 0.616034 0.421952
vt 0.663381 0.578890
vt 0.702353 0.500000
vt 0.625000 0.422647
vt 0.664355 0.500000
vt 0.625000 0.460645
vt 0.616114 0.539132
vt 0.620591 0.578104
vt 0.620480 0.540836
vt 0.619942 0.479225
vt 0.620414 0.421896
vt 0.615937 0.460868
vt 0.620130 0.459164
vt 0.203048 0.671952
vt 0.383984 0.921952
vt 0.383984 0.078048
vt 0.202354 0.711679
vt 0.163381 0.672706
vt 0.164357 0.710762
vt 0.383598 1.000000
vt 0.383598 0.000000
vt 0.200448 0.750000
vt 0.375000 0.924552
vt 0.375000 0.961985
vt 0.374707 -0.000184
vt 0.163015 0.750000
vt 0.125000 0.674778
vt 0.375000 0.075222
vt 0.383904 0.039025
vt 0.375000 0.037779
vt 0.125000 0.712221
vt 0.616016 0.921952
vt 0.796952 0.671952
vt 0.616016 0.078048
vt 0.620415 0.922002
vt 0.615629 1.000000
vt 0.615629 0.000000
vt 0.619829 1.000000
vt 0.619829 0.000000
vt 0.875000 0.671198
vt 0.625000 0.078802
vt 0.796258 0.750000
vt 0.625000 0.921258
vt 0.624647 1.000204
vt 0.875000 0.707789
vt 0.625000 0.042211
vt 0.615935 0.039025
vt 0.620422 0.077998
vt 0.620154 0.040625
vt 0.203048 0.578048
vt 0.383984 0.171952
vt 0.383984 0.328048
vt 0.163381 0.578802
vt 0.202354 0.539829
vt 0.164357 0.542211
vt 0.383904 0.210874
vt 0.125000 0.580874
vt 0.375000 0.169126
vt 0.375000 0.206330
vt 0.125000 0.543670
vt 0.200448 0.500000
vt 0.375000 0.325448
vt 0.384072 0.289126
vt 0.375000 0.288015
vt 0.163015 0.500000
vt 0.796952 0.578048
vt 0.616016 0.328048
vt 0.616016 0.171952
vt 0.796258 0.500000
vt 0.625000 0.328742
vt 0.875000 0.577294
vt 0.625000 0.172706
vt 0.875000 0.539238
vt 0.625328 0.250190
vt 0.625000 0.210762
vt 0.616103 0.289126
vt 0.620589 0.328098
vt 0.620484 0.290824
vt 0.619998 0.229248
vt 0.620422 0.171902
vt 0.615935 0.210874
vt 0.620154 0.209176
vt 0.296952 0.671952
vt 0.383984 0.671952
vt 0.383984 0.828048
vt 0.335231 0.672706
vt 0.296258 0.711679
vt 0.332908 0.710762
vt 0.384065 0.710874
vt 0.379578 0.671902
vt 0.379846 0.709176
vt 0.351735 0.712220
vt 0.294352 0.750000
vt 0.375000 0.830648
vt 0.383897 0.789126
vt 0.375000 0.793434
vt 0.331566 0.750000
vt 0.703048 0.671952
vt 0.616016 0.828048
vt 0.616016 0.671952
vt 0.702354 0.750000
vt 0.625000 0.827354
vt 0.663381 0.671198
vt 0.664357 0.750000
vt 0.625000 0.789357
vt 0.615928 0.789126
vt 0.620415 0.828098
vt 0.620140 0.790824
vt 0.620582 0.671902
vt 0.616096 0.710874
vt 0.620470 0.709176
vt 0.619972 0.770752
vt 0.296952 0.578048
vt 0.383984 0.421952
vt 0.383984 0.578048
vt 0.296258 0.539829
vt 0.335231 0.578802
vt 0.332908 0.542211
vt 0.384072 0.460975
vt 0.294352 0.500000
vt 0.375000 0.419352
vt 0.375000 0.456566
vt 0.331566 0.500000
vt 0.379578 0.577998
vt 0.384065 0.539025
vt 0.379846 0.540625
vt 0.351735 0.543669
vt 0.703048 0.578048
vt 0.616016 0.578048
vt 0.616016 0.421952
vt 0.663381 0.577294
vt 0.702354 0.500000
vt 0.625000 0.422646
vt 0.664357 0.500000
vt 0.625000 0.460643
vt 0.616096 0.539025
vt 0.620582 0.577998
vt 0.620470 0.540625
vt 0.620653 0.479642
vt 0.620589 0.422003
vt 0.616103 0.460975
vt 0.620484 0.459375
vt 0.203048 0.671952
vt 0.383991 0.921952
vt 0.383991 0.078048
vt 0.203782 0.711681
vt 0.164809 0.672708
vt 0.167171 0.710766
vt 0.384221 1.000000
vt 0.384221 0.000000
vt 0.205799 0.750000
vt 0.375000 0.919201
vt 0.375000 0.956409
vt 0.375355 0.000224
vt 0.168591 0.750000
vt 0.125000 0.674785
vt 0.375000 0.075215
vt 0.384076 0.039129
vt 0.375000 0.037772
vt 0.125000 0.712228
vt 0.616009 0.921952
vt 0.796952 0.671952
vt 0.616009 0.078048
vt 0.620411 0.921899
vt 0.616238 1.000000
vt 0.616238 0.000000
vt 0.620467 1.000000
vt 0.620467 0.000000
vt 0.875000 0.671196
vt 0.625000 0.078804
vt 0.797686 0.750000
vt 0.625000 0.922686
vt 0.624646 0.999783
vt 0.875000 0.707785
vt 0.625000 0.042215
vt 0.616094 0.039129
vt 0.620583 0.078101
vt 0.620476 0.040830
vt 0.203048 0.578048
vt 0.383991 0.171952
vt 0.383991 0.328048
vt 0.164809 0.578804
vt 0.203782 0.539831
vt 0.167171 0.542215
vt 0.384076 0.210978
vt 0.125000 0.580881
vt 0.375000 0.169119
vt 0.375000 0.206323
vt 0.125000 0.543677
vt 0.205799 0.500000
vt 0.375000 0.330799
vt 0.384079 0.289022
vt 0.375000 0.293591
vt 0.168591 0.500000
vt 0.796952 0.578048
vt 0.616009 0.328048
vt 0.616009 0.171952
vt 0.797686 0.500000
vt 0.625000 0.327314
vt 0.875000 0.577292
vt 0.625000 0.172708
vt 0.875000 0.539234
vt 0.625329 0.249799
vt 0.625000 0.210766
vt 0.616096 0.289022
vt 0.620586 0.327994
vt 0.620481 0.290619
vt 0.620640 0.229654
vt 0.620583 0.172006
vt 0.616094 0.210978
vt 0.620476 0.209381
vt 0.296952 0.671952
vt 0.383991 0.671952
vt 0.383991 0.828048
vt 0.336659 0.672708
vt 0.297686 0.711681
vt 0.335722 0.710766
vt 0.383906 0.710978
vt 0.379417 0.672006
vt 0.379524 0.709381
vt 0.357311 0.712228
vt 0.299703 0.750000
vt 0.375000 0.825297
vt 0.383904 0.789022
vt 0.375000 0.787858
vt 0.337142 0.750000
vt 0.703048 0.671952
vt 0.616009 0.828048
vt 0.616009 0.671952
vt 0.703782 0.750000
vt 0.625000 0.828782
vt 0.664809 0.671196
vt 0.667171 0.750000
vt 0.625000 0.792171
vt 0.615921 0.789022
vt 0.620411 0.827995
vt 0.620136 0.790619
vt 0.620413 0.672005
vt 0.615924 0.710978
vt 0.620141 0.709381
vt 0.619967 0.770346
vt 0.296952 0.578048
vt 0.383991 0.421952
vt 0.383991 0.578048
vt 0.297686 0.539831
vt 0.336659 0.578804
vt 0.335722 0.542215
vt 0.384079 0.460871
vt 0.299703 0.500000
vt 0.375000 0.424703
vt 0.375000 0.462142
vt 0.337142 0.500000
vt 0.379417 0.578101
vt 0.383906 0.539129
vt 0.379524 0.540830
vt 0.357311 0.543677
vt 0.703048 0.578048
vt 0.616009 0.578048
vt 0.616009 0.421952
vt 0.664809 0.577292
vt 0.703782 0.500000
vt 0.625000 0.421218
vt 0.667171 0.500000
vt 0.625000 0.457829
vt 0.615924 0.539129
vt 0.620413 0.578101
vt 0.620141 0.540830
vt 0.620650 0.479236
vt 0.620586 0.421899
vt 0.616096 0.460871
vt 0.620481 0.459170
s 0
f 126/126/1 1/1/1 130/130/1 253/253/1
f 257/257/2 283/293/2 354/369/2 367/382/2
f 46/46/3 50/50/3 177/177/3 173/173/3
f 102/102/4 106/106/4 233/233/4 229/229/4
f 50/50/5 54/54/5 181/181/5 177/177/5
f 106/106/6 110/110/6 237/237/6 233/233/6
f 54/54/7 58/58/7 185/185/7 181/181/7
f 110/110/8 114/114/8 241/241/8 237/237/8
f 58/58/9 62/62/9 189/189/9 185/185/9
f 5/5/10 2/2/10 125/125/10 121/121/10 117/117/10 113/113/10 109/109/10 105/105/10 101/101/10 97/97/10 93/93/10 89/89/10 85/85/10 81/81/10 77/77/10 73/73/10 69/69/10 65/65/10 61/61/10 57/57/10 53/53/10 49/49/10 45/45/10 41/41/10 37/37/10 33/33/10 29/29/10 25/25/10 21/21/10 17/17/10 13/13/10 9/9/10
f 114/114/11 118/118/11 245/245/11 241/241/11
f 62/62/12 66/66/12 193/193/12 189/189/12
f 10/10/13 14/14/13 141/141/13 137/137/13
f 118/118/14 122/122/14 249/249/14 245/245/14
f 66/66/15 70/70/15 197/197/15 193/193/15
f 14/14/16 18/18/16 145/145/16 141/141/16
f 122/122/17 126/126/17 253/253/17 249/249/17
f 70/70/18 74/74/18 201/201/18 197/197/18
f 18/18/19 22/22/19 149/149/19 145/145/19
f 134/134/2 138/138/2 142/142/2 146/146/2 150/150/2 154/154/2 158/158/2 162/162/2 166/166/2 170/170/2 174/174/2 178/178/2 182/182/2 186/186/2 190/190/2 194/194/2 198/198/2 202/202/2 206/206/2 210/210/2 214/214/2 218/218/2 222/222/2 226/226/2 230/230/2 234/234/2 238/238/2 242/242/2 246/246/2 250/250/2 254/254/2 129/129/2
f 74/74/20 78/78/20 205/205/20 201/201/20
f 22/22/21 26/26/21 153/153/21 149/149/21
f 6/6/22 10/10/22 137/137/22 133/133/22
f 78/78/23 82/82/23 209/209/23 205/205/23
f 26/26/24 30/30/24 157/157/24 153/153/24
f 82/82/25 86/86/25 213/213/25 209/209/25
f 30/30/26 34/34/26 161/161/26 157/157/26
f 86/86/27 90/90/27 217/217/27 213/213/27
f 34/34/28 38/38/28 165/165/28 161/161/28
f 90/90/29 94/94/29 221/221/29 217/217/29
f 38/38/30 42/42/30 169/169/30 165/165/30
f 94/94/31 98/98/31 225/225/31 221/221/31
f 42/42/32 46/46/32 173/173/32 169/169/32
s 1
f 98/98/33 102/102/34 229/229/35 225/225/36
s 0
f 306/318/10 318/331/10 269/274/10 258/259/10
f 283/293/2 331/345/2 378/399/2 354/369/2
f 317/330/10 341/356/10 427/457/10 439/469/10
f 307/319/2 257/258/2 367/383/2 390/411/2
f 293/304/10 270/275/10 402/426/10 415/445/10
f 331/345/2 307/319/2 390/411/2 378/399/2
f 377/398/37 425/455/37 414/444/37 355/370/37
f 341/356/10 293/304/10 415/445/10 427/457/10
f 259/260/10 271/277/10 295/306/10 281/291/10
f 330/344/10 342/357/10 319/332/10 305/317/10
f 353/368/38 413/443/38 401/425/38 365/380/38
f 270/276/10 317/330/10 439/469/10 402/427/10
f 282/292/10 294/305/10 343/358/10 329/343/10
f 389/410/39 437/467/39 426/456/39 379/400/39
f 473/516/2 521/579/2 497/549/2 449/480/2
f 366/381/40 403/428/40 438/468/40 391/412/40
f 499/551/41 510/565/41 461/498/41 450/481/41
f 523/581/42 534/595/42 511/566/42 498/550/42
f 569/645/2 617/708/2 593/678/2 545/609/2
f 533/594/10 485/532/10 462/499/10 509/564/10
f 451/482/43 463/500/43 487/534/43 474/517/43
f 475/518/44 486/533/44 535/596/44 522/580/44
f 595/680/45 606/694/45 557/627/45 546/610/45
f 619/710/46 630/724/46 607/695/46 594/679/46
f 665/774/2 713/837/2 689/807/2 641/738/2
f 629/723/10 581/661/10 558/628/10 605/693/10
f 547/611/47 559/629/47 583/663/47 570/646/47
f 571/647/48 582/662/48 631/725/48 618/709/48
f 691/809/49 702/823/49 653/756/49 642/739/49
f 715/839/50 726/853/50 703/824/50 690/808/50
f 761/903/2 809/966/2 785/936/2 737/867/2
f 725/852/10 677/790/10 654/757/10 701/822/10
f 643/740/51 655/758/51 679/792/51 666/775/51
f 667/776/52 678/791/52 727/854/52 714/838/52
f 787/938/53 798/952/53 749/885/53 738/868/53
f 811/968/54 822/982/54 799/953/54 786/937/54
f 821/981/10 773/919/10 750/886/10 797/951/10
f 739/869/55 751/887/55 775/921/55 762/904/55
f 763/905/56 774/920/56 823/983/56 810/967/56
f 257/258/57 260/261/57 262/264/57 261/262/57
f 260/261/58 264/268/58 265/269/58 262/264/58
f 258/259/59 263/266/59 265/269/59 264/268/59
f 263/267/60 267/272/60 268/273/60 265/270/60
f 259/260/61 266/271/61 268/273/61 267/272/61
f 266/271/62 261/262/62 262/264/62 268/273/62
f 262/265/63 265/270/63 268/273/63
f 269/274/64 272/278/64 274/281/64 273/279/64
f 272/278/65 276/284/65 277/286/65 274/281/65
f 270/275/66 275/283/66 277/286/66 276/284/66
f 275/283/67 279/289/67 280/290/67 277/286/67
f 271/277/68 278/288/68 280/290/68 279/289/68
f 278/288/69 273/280/69 274/282/69 280/290/69
f 274/282/70 277/287/70 280/290/70
f 281/291/71 284/294/71 286/296/71 285/295/71
f 284/294/72 288/298/72 289/299/72 286/296/72
f 282/292/73 287/297/73 289/299/73 288/298/73
f 287/297/74 291/301/74 292/303/74 289/299/74
f 283/293/75 290/300/75 292/303/75 291/301/75
f 290/300/76 285/295/76 286/296/76 292/303/76
f 286/296/77 289/299/77 292/303/77
f 293/304/78 296/307/78 298/310/78 297/308/78
f 296/307/79 300/312/79 301/313/79 298/310/79
f 294/305/80 299/311/80 301/313/80 300/312/80
f 299/311/81 303/315/81 304/316/81 301/313/81
f 295/306/82 302/314/82 304/316/82 303/315/82
f 302/314/83 297/308/83 298/310/83 304/316/83
f 298/310/84 301/313/84 304/316/84
f 305/317/85 308/320/85 310/322/85 309/321/85
f 308/320/86 312/324/86 313/325/86 310/322/86
f 306/318/87 311/323/87 313/325/87 312/324/87
f 311/323/88 315/327/88 316/329/88 313/325/88
f 307/319/89 314/326/89 316/329/89 315/327/89
f 314/326/90 309/321/90 310/322/90 316/329/90
f 310/322/91 313/325/91 316/329/91
f 317/330/92 320/333/92 322/336/92 321/334/92
f 320/333/93 324/338/93 325/339/93 322/336/93
f 318/331/94 323/337/94 325/339/94 324/338/94
f 323/337/95 327/341/95 328/342/95 325/339/95
f 319/332/96 326/340/96 328/342/96 327/341/96
f 326/340/97 321/334/97 322/336/97 328/342/97
f 322/336/98 325/339/98 328/342/98
f 329/343/99 332/346/99 334/348/99 333/347/99
f 332/346/100 336/350/100 337/351/100 334/348/100
f 330/344/101 335/349/101 337/351/101 336/350/101
f 335/349/102 339/353/102 340/355/102 337/351/102
f 331/345/103 338/352/103 340/355/103 339/353/103
f 338/352/104 333/347/104 334/348/104 340/355/104
f 334/348/105 337/351/105 340/355/105
f 341/356/106 344/359/106 346/361/106 345/360/106
f 344/359/107 348/363/107 349/364/107 346/361/107
f 342/357/108 347/362/108 349/364/108 348/363/108
f 347/362/109 351/366/109 352/367/109 349/364/109
f 343/358/110 350/365/110 352/367/110 351/366/110
f 350/365/111 345/360/111 346/361/111 352/367/111
f 346/361/112 349/364/112 352/367/112
f 353/368/113 356/371/113 358/373/113 357/372/113
f 356/371/114 360/375/114 361/376/114 358/373/114
f 354/369/115 359/374/115 361/376/115 360/375/115
f 359/374/116 363/378/116 364/379/116 361/376/116
f 355/370/117 362/377/117 364/379/117 363/378/117
f 362/377/118 357/372/118 358/373/118 364/379/118
f 358/373/119 361/376/119 364/379/119
f 365/380/120 368/384/120 370/386/120 369/385/120
f 368/384/121 372/391/121 373/392/121 370/386/121
f 366/381/122 371/389/122 373/392/122 372/391/122
f 371/388/123 375/395/123 376/397/123 373/393/123
f 367/382/124 374/394/124 376/397/124 375/395/124
f 374/394/125 369/385/125 370/386/125 376/397/125
f 370/387/126 373/393/126 376/397/126
f 377/398/127 380/401/127 382/403/127 381/402/127
f 380/401/128 384/405/128 385/406/128 382/403/128
f 378/399/129 383/404/129 385/406/129 384/405/129
f 383/404/130 387/408/130 388/409/130 385/406/130
f 379/400/131 386/407/131 388/409/131 387/408/131
f 386/407/132 381/402/132 382/403/132 388/409/132
f 382/403/133 385/406/133 388/409/133
f 389/410/134 392/413/134 394/415/134 393/414/134
f 392/413/135 396/418/135 397/419/135 394/415/135
f 390/411/136 395/417/136 397/419/136 396/418/136
f 395/417/137 399/422/137 400/424/137 397/419/137
f 391/412/138 398/420/138 400/423/138 399/421/138
f 398/420/139 393/414/139 394/415/139 400/423/139
f 394/416/140 397/419/140 400/424/140
f 401/425/141 404/429/141 406/431/141 405/430/141
f 404/429/142 408/434/142 409/436/142 406/431/142
f 402/427/143 407/433/143 409/436/143 408/434/143
f 407/432/144 411/440/144 412/441/144 409/437/144
f 403/428/145 410/439/145 412/441/145 411/440/145
f 410/439/146 405/430/146 406/431/146 412/441/146
f 406/431/147 409/438/147 412/442/147
f 413/443/148 416/446/148 418/448/148 417/447/148
f 416/446/149 420/450/149 421/451/149 418/448/149
f 414/444/150 419/449/150 421/451/150 420/450/150
f 419/449/151 423/453/151 424/454/151 421/451/151
f 415/445/152 422/452/152 424/454/152 423/453/152
f 422/452/153 417/447/153 418/448/153 424/454/153
f 418/448/154 421/451/154 424/454/154
f 425/455/155 428/458/155 430/460/155 429/459/155
f 428/458/156 432/462/156 433/463/156 430/460/156
f 426/456/157 431/461/157 433/463/157 432/462/157
f 431/461/158 435/465/158 436/466/158 433/463/158
f 427/457/159 434/464/159 436/466/159 435/465/159
f 434/464/160 429/459/160 430/460/160 436/466/160
f 430/460/161 433/463/161 436/466/161
f 437/467/162 440/470/162 442/472/162 441/471/162
f 440/470/163 444/475/163 445/476/163 442/472/163
f 438/468/164 443/474/164 445/476/164 444/475/164
f 443/474/165 447/478/165 448/479/165 445/476/165
f 439/469/166 446/477/166 448/479/166 447/478/166
f 446/477/167 441/471/167 442/472/167 448/479/167
f 442/473/168 445/476/168 448/479/168
f 449/480/169 452/483/169 454/485/169 453/484/169
f 452/483/170 456/488/170 457/492/170 454/485/170
f 450/481/171 455/486/171 457/490/171 456/489/171
f 455/487/172 459/495/172 460/496/172 457/491/172
f 451/482/173 458/494/173 460/496/173 459/495/173
f 458/493/174 453/484/174 454/485/174 460/497/174
f 454/485/175 457/492/175 460/497/175
f 461/498/176 464/501/176 466/504/176 465/502/176
f 464/501/177 468/509/177 469/510/177 466/504/177
f 462/499/178 467/506/178 469/511/178 468/508/178
f 467/507/179 471/514/179 472/515/179 469/512/179
f 463/500/180 470/513/180 472/515/180 471/514/180
f 470/513/181 465/503/181 466/505/181 472/515/181
f 466/505/182 469/512/182 472/515/182
f 473/516/183 476/519/183 478/521/183 477/520/183
f 476/519/184 480/523/184 481/526/184 478/521/184
f 474/517/185 479/522/185 481/525/185 480/524/185
f 479/522/186 483/529/186 484/530/186 481/525/186
f 475/518/187 482/528/187 484/530/187 483/529/187
f 482/527/188 477/520/188 478/521/188 484/531/188
f 478/521/189 481/526/189 484/531/189
f 485/532/190 488/535/190 490/539/190 489/537/190
f 488/536/191 492/543/191 493/544/191 490/540/191
f 486/533/192 491/542/192 493/544/192 492/543/192
f 491/542/193 495/547/193 496/548/193 493/544/193
f 487/534/194 494/546/194 496/548/194 495/547/194
f 494/546/195 489/538/195 490/541/195 496/548/195
f 490/541/196 493/545/196 496/548/196
f 497/549/197 500/552/197 502/554/197 501/553/197
f 500/552/198 504/556/198 505/557/198 502/554/198
f 498/550/199 503/555/199 505/557/199 504/556/199
f 503/555/200 507/561/200 508/562/200 505/557/200
f 499/551/201 506/560/201 508/562/201 507/561/201
f 506/559/202 501/553/202 502/554/202 508/563/202
f 502/554/203 505/558/203 508/563/203
f 509/564/204 512/567/204 514/570/204 513/569/204
f 512/568/205 516/573/205 517/574/205 514/571/205
f 510/565/206 515/572/206 517/574/206 516/573/206
f 515/572/207 519/576/207 520/577/207 517/574/207
f 511/566/208 518/575/208 520/577/208 519/576/208
f 518/575/209 513/569/209 514/570/209 520/577/209
f 514/571/210 517/574/210 520/578/210
f 521/579/211 524/582/211 526/584/211 525/583/211
f 524/582/212 528/586/212 529/589/212 526/584/212
f 522/580/213 527/585/213 529/588/213 528/587/213
f 527/585/214 531/591/214 532/592/214 529/588/214
f 523/581/215 530/590/215 532/592/215 531/591/215
f 530/590/216 525/583/216 526/584/216 532/592/216
f 526/584/217 529/589/217 532/593/217
f 533/594/218 536/597/218 538/600/218 537/598/218
f 536/597/219 540/603/219 541/604/219 538/600/219
f 534/595/220 539/602/220 541/604/220 540/603/220
f 539/602/221 543/607/221 544/608/221 541/604/221
f 535/596/222 542/606/222 544/608/222 543/607/222
f 542/606/223 537/599/223 538/601/223 544/608/223
f 538/601/224 541/605/224 544/608/224
f 545/609/225 548/612/225 550/614/225 549/613/225
f 548/612/226 552/617/226 553/621/226 550/614/226
f 546/610/227 551/615/227 553/619/227 552/618/227
f 551/616/228 555/624/228 556/625/228 553/620/228
f 547/611/229 554/623/229 556/625/229 555/624/229
f 554/622/230 549/613/230 550/614/230 556/626/230
f 550/614/231 553/621/231 556/626/231
f 557/627/232 560/630/232 562/633/232 561/631/232
f 560/630/233 564/638/233 565/639/233 562/633/233
f 558/628/234 563/635/234 565/640/234 564/637/234
f 563/636/235 567/643/235 568/644/235 565/641/235
f 559/629/236 566/642/236 568/644/236 567/643/236
f 566/642/237 561/632/237 562/634/237 568/644/237
f 562/634/238 565/641/238 568/644/238
f 569/645/239 572/648/239 574/650/239 573/649/239
f 572/648/240 576/652/240 577/655/240 574/650/240
f 570/646/241 575/651/241 577/654/241 576/653/241
f 575/651/242 579/658/242 580/659/242 577/654/242
f 571/647/243 578/657/243 580/659/243 579/658/243
f 578/656/244 573/649/244 574/650/244 580/660/244
f 574/650/245 577/655/245 580/660/245
f 581/661/246 584/664/246 586/668/246 585/666/246
f 584/665/247 588/672/247 589/673/247 586/669/247
f 582/662/248 587/671/248 589/673/248 588/672/248
f 587/671/249 591/676/249 592/677/249 589/673/249
f 583/663/250 590/675/250 592/677/250 591/676/250
f 590/675/251 585/667/251 586/670/251 592/677/251
f 586/670/252 589/674/252 592/677/252
f 593/678/253 596/681/253 598/683/253 597/682/253
f 596/681/254 600/685/254 601/686/254 598/683/254
f 594/679/255 599/684/255 601/686/255 600/685/255
f 599/684/256 603/690/256 604/691/256 601/686/256
f 595/680/257 602/689/257 604/691/257 603/690/257
f 602/688/258 597/682/258 598/683/258 604/692/258
f 598/683/259 601/687/259 604/692/259
f 605/693/260 608/696/260 610/699/260 609/698/260
f 608/697/261 612/702/261 613/703/261 610/700/261
f 606/694/262 611/701/262 613/703/262 612/702/262
f 611/701/263 615/705/263 616/706/263 613/703/263
f 607/695/264 614/704/264 616/706/264 615/705/264
f 614/704/265 609/698/265 610/699/265 616/706/265
f 610/700/266 613/703/266 616/707/266
f 617/708/267 620/711/267 622/713/267 621/712/267
f 620/711/268 624/715/268 625/718/268 622/713/268
f 618/709/269 623/714/269 625/717/269 624/716/269
f 623/714/270 627/720/270 628/721/270 625/717/270
f 619/710/271 626/719/271 628/721/271 627/720/271
f 626/719/272 621/712/272 622/713/272 628/721/272
f 622/713/273 625/718/273 628/722/273
f 629/723/274 632/726/274 634/729/274 633/727/274
f 632/726/275 636/732/275 637/733/275 634/729/275
f 630/724/276 635/731/276 637/733/276 636/732/276
f 635/731/277 639/736/277 640/737/277 637/733/277
f 631/725/278 638/735/278 640/737/278 639/736/278
f 638/735/279 633/728/279 634/730/279 640/737/279
f 634/730/280 637/734/280 640/737/280
f 641/738/281 644/741/281 646/743/281 645/742/281
f 644/741/282 648/746/282 649/750/282 646/743/282
f 642/739/283 647/744/283 649/748/283 648/747/283
f 647/745/284 651/753/284 652/754/284 649/749/284
f 643/740/285 650/752/285 652/754/285 651/753/285
f 650/751/286 645/742/286 646/743/286 652/755/286
f 646/743/287 649/750/287 652/755/287
f 653/756/288 656/759/288 658/762/288 657/760/288
f 656/759/289 660/767/289 661/768/289 658/762/289
f 654/757/290 659/764/290 661/769/290 660/766/290
f 659/765/291 663/772/291 664/773/291 661/770/291
f 655/758/292 662/771/292 664/773/292 663/772/292
f 662/771/293 657/761/293 658/763/293 664/773/293
f 658/763/294 661/770/294 664/773/294
f 665/774/295 668/777/295 670/779/295 669/778/295
f 668/777/296 672/781/296 673/784/296 670/779/296
f 666/775/297 671/780/297 673/783/297 672/782/297
f 671/780/298 675/787/298 676/788/298 673/783/298
f 667/776/299 674/786/299 676/788/299 675/787/299
f 674/785/300 669/778/300 670/779/300 676/789/300
f 670/779/301 673/784/301 676/789/301
f 677/790/302 680/793/302 682/797/302 681/795/302
f 680/794/303 684/801/303 685/802/303 682/798/303
f 678/791/304 683/800/304 685/802/304 684/801/304
f 683/800/305 687/805/305 688/806/305 685/802/305
f 679/792/306 686/804/306 688/806/306 687/805/306
f 686/804/307 681/796/307 682/799/307 688/806/307
f 682/799/308 685/803/308 688/806/308
f 689/807/309 692/810/309 694/812/309 693/811/309
f 692/810/310 696/814/310 697/815/310 694/812/310
f 690/808/311 695/813/311 697/815/311 696/814/311
f 695/813/312 699/819/312 700/820/312 697/815/312
f 691/809/313 698/818/313 700/820/313 699/819/313
f 698/817/314 693/811/314 694/812/314 700/821/314
f 694/812/315 697/816/315 700/821/315
f 701/822/316 704/825/316 706/828/316 705/827/316
f 704/826/317 708/831/317 709/832/317 706/829/317
f 702/823/318 707/830/318 709/832/318 708/831/318
f 707/830/319 711/834/319 712/835/319 709/832/319
f 703/824/320 710/833/320 712/835/320 711/834/320
f 710/833/321 705/827/321 706/828/321 712/835/321
f 706/829/322 709/832/322 712/836/322
f 713/837/323 716/840/323 718/842/323 717/841/323
f 716/840/324 720/844/324 721/847/324 718/842/324
f 714/838/325 719/843/325 721/846/325 720/845/325
f 719/843/326 723/849/326 724/850/326 721/846/326
f 715/839/327 722/848/327 724/850/327 723/849/327
f 722/848/328 717/841/328 718/842/328 724/850/328
f 718/842/329 721/847/329 724/851/329
f 725/852/330 728/855/330 730/858/330 729/856/330
f 728/855/331 732/861/331 733/862/331 730/858/331
f 726/853/332 731/860/332 733/862/332 732/861/332
f 731/860/333 735/865/333 736/866/333 733/862/333
f 727/854/334 734/864/334 736/866/334 735/865/334
f 734/864/335 729/857/335 730/859/335 736/866/335
f 730/859/336 733/863/336 736/866/336
f 737/867/337 740/870/337 742/872/337 741/871/337
f 740/870/338 744/875/338 745/879/338 742/872/338
f 738/868/339 743/873/339 745/877/339 744/876/339
f 743/874/340 747/882/340 748/883/340 745/878/340
f 739/869/341 746/881/341 748/883/341 747/882/341
f 746/880/342 741/871/342 742/872/342 748/884/342
f 742/872/343 745/879/343 748/884/343
f 749/885/344 752/888/344 754/891/344 753/889/344
f 752/888/345 756/896/345 757/897/345 754/891/345
f 750/886/346 755/893/346 757/898/346 756/895/346
f 755/894/347 759/901/347 760/902/347 757/899/347
f 751/887/348 758/900/348 760/902/348 759/901/348
f 758/900/349 753/890/349 754/892/349 760/902/349
f 754/892/350 757/899/350 760/902/350
f 761/903/351 764/906/351 766/908/351 765/907/351
f 764/906/352 768/910/352 769/913/352 766/908/352
f 762/904/353 767/909/353 769/912/353 768/911/353
f 767/909/354 771/916/354 772/917/354 769/912/354
f 763/905/355 770/915/355 772/917/355 771/916/355
f 770/914/356 765/907/356 766/908/356 772/918/356
f 766/908/357 769/913/357 772/918/357
f 773/919/358 776/922/358 778/926/358 777/924/358
f 776/923/359 780/930/359 781/931/359 778/927/359
f 774/920/360 779/929/360 781/931/360 780/930/360
f 779/929/361 783/934/361 784/935/361 781/931/361
f 775/921/362 782/933/362 784/935/362 783/934/362
f 782/933/363 777/925/363 778/928/363 784/935/363
f 778/928/364 781/932/364 784/935/364
f 785/936/365 788/939/365 790/941/365 789/940/365
f 788/939/366 792/943/366 793/944/366 790/941/366
f 786/937/367 791/942/367 793/944/367 792/943/367
f 791/942/368 795/948/368 796/949/368 793/944/368
f 787/938/369 794/947/369 796/949/369 795/948/369
f 794/946/370 789/940/370 790/941/370 796/950/370
f 790/941/371 793/945/371 796/950/371
f 797/951/372 800/954/372 802/957/372 801/956/372
f 800/955/373 804/960/373 805/961/373 802/958/373
f 798/952/374 803/959/374 805/961/374 804/960/374
f 803/959/375 807/963/375 808/964/375 805/961/375
f 799/953/376 806/962/376 808/964/376 807/963/376
f 806/962/377 801/956/377 802/957/377 808/964/377
f 802/958/378 805/961/378 808/965/378
f 809/966/379 812/969/379 814/971/379 813/970/379
f 812/969/380 816/973/380 817/976/380 814/971/380
f 810/967/381 815/972/381 817/975/381 816/974/381
f 815/972/382 819/978/382 820/979/382 817/975/382
f 811/968/383 818/977/383 820/979/383 819/978/383
f 818/977/384 813/970/384 814/971/384 820/979/384
f 814/971/385 817/976/385 820/980/385
f 821/981/386 824/984/386 826/987/386 825/985/386
f 824/984/387 828/990/387 829/991/387 826/987/387
f 822/982/388 827/989/388 829/991/388 828/990/388
f 827/989/389 831/994/389 832/995/389 829/991/389
f 823/983/390 830/993/390 832/995/390 831/994/390
f 830/993/391 825/986/391 826/988/391 832/995/391
f 826/988/392 829/992/392 832/995/392
f 6/6/393 1/1/393 3/3/393 8/8/393
f 8/8/394 3/3/394 4/4/394 7/7/394
f 7/7/395 4/4/395 2/2/395 5/5/395
f 10/10/396 6/6/396 8/8/396 12/12/396
f 12/12/397 8/8/397 7/7/397 11/11/397
f 11/11/398 7/7/398 5/5/398 9/9/398
f 14/14/399 10/10/399 12/12/399 16/16/399
f 16/16/400 12/12/400 11/11/400 15/15/400
f 15/15/401 11/11/401 9/9/401 13/13/401
f 18/18/402 14/14/402 16/16/402 20/20/402
f 20/20/403 16/16/403 15/15/403 19/19/403
f 19/19/404 15/15/404 13/13/404 17/17/404
f 22/22/405 18/18/405 20/20/405 24/24/405
f 24/24/406 20/20/406 19/19/406 23/23/406
f 23/23/407 19/19/407 17/17/407 21/21/407
f 26/26/408 22/22/408 24/24/408 28/28/408
f 28/28/409 24/24/409 23/23/409 27/27/409
f 27/27/410 23/23/410 21/21/410 25/25/410
f 30/30/411 26/26/411 28/28/411 32/32/411
f 32/32/412 28/28/412 27/27/412 31/31/412
f 31/31/413 27/27/413 25/25/413 29/29/413
f 34/34/414 30/30/414 32/32/414 36/36/414
f 36/36/415 32/32/415 31/31/415 35/35/415
f 35/35/416 31/31/416 29/29/416 33/33/416
f 38/38/417 34/34/417 36/36/417 40/40/417
f 40/40/418 36/36/418 35/35/418 39/39/418
f 39/39/419 35/35/419 33/33/419 37/37/419
f 42/42/420 38/38/420 40/40/420 44/44/420
f 44/44/421 40/40/421 39/39/421 43/43/421
f 43/43/422 39/39/422 37/37/422 41/41/422
f 46/46/423 42/42/423 44/44/423 48/48/423
f 48/48/424 44/44/424 43/43/424 47/47/424
f 47/47/425 43/43/425 41/41/425 45/45/425
f 45/45/426 49/49/426 51/51/426 47/47/426
f 47/47/427 51/51/427 52/52/427 48/48/427
f 48/48/428 52/52/428 50/50/428 46/46/428
f 54/54/429 50/50/429 52/52/429 56/56/429
f 56/56/430 52/52/430 51/51/430 55/55/430
f 55/55/431 51/51/431 49/49/431 53/53/431
f 53/53/432 57/57/432 59/59/432 55/55/432
f 55/55/433 59/59/433 60/60/433 56/56/433
f 56/56/434 60/60/434 58/58/434 54/54/434
f 62/62/435 58/58/435 60/60/435 64/64/435
f 64/64/436 60/60/436 59/59/436 63/63/436
f 63/63/437 59/59/437 57/57/437 61/61/437
f 66/66/438 62/62/438 64/64/438 68/68/438
f 68/68/439 64/64/439 63/63/439 67/67/439
f 67/67/440 63/63/440 61/61/440 65/65/440
f 70/70/441 66/66/441 68/68/441 72/72/441
f 72/72/442 68/68/442 67/67/442 71/71/442
f 71/71/443 67/67/443 65/65/443 69/69/443
f 74/74/444 70/70/444 72/72/444 76/76/444
f 76/76/445 72/72/445 71/71/445 75/75/445
f 75/75/446 71/71/446 69/69/446 73/73/446
f 78/78/447 74/74/447 76/76/447 80/80/447
f 80/80/448 76/76/448 75/75/448 79/79/448
f 79/79/449 75/75/449 73/73/449 77/77/449
f 82/82/450 78/78/450 80/80/450 84/84/450
f 84/84/451 80/80/451 79/79/451 83/83/451
f 83/83/452 79/79/452 77/77/452 81/81/452
f 86/86/453 82/82/453 84/84/453 88/88/453
f 88/88/454 84/84/454 83/83/454 87/87/454
f 87/87/455 83/83/455 81/81/455 85/85/455
f 90/90/456 86/86/456 88/88/456 92/92/456
f 92/92/457 88/88/457 87/87/457 91/91/457
f 91/91/458 87/87/458 85/85/458 89/89/458
f 94/94/459 90/90/459 92/92/459 96/96/459
f 96/96/460 92/92/460 91/91/460 95/95/460
f 95/95/461 91/91/461 89/89/461 93/93/461
f 98/98/462 94/94/462 96/96/462 100/100/462
f 100/100/463 96/96/463 95/95/463 99/99/463
f 99/99/464 95/95/464 93/93/464 97/97/464
f 97/97/465 101/101/465 103/103/465 99/99/465
f 99/99/466 103/103/466 104/104/466 100/100/466
s 1
f 100/100/467 104/104/468 102/102/34 98/98/33
s 0
f 106/106/469 102/102/469 104/104/469 108/108/469
f 108/108/470 104/104/470 103/103/470 107/107/470
f 107/107/471 103/103/471 101/101/471 105/105/471
f 110/110/472 106/106/472 108/108/472 112/112/472
f 112/112/473 108/108/473 107/107/473 111/111/473
f 111/111/474 107/107/474 105/105/474 109/109/474
f 114/114/475 110/110/475 112/112/475 116/116/475
f 116/116/476 112/112/476 111/111/476 115/115/476
f 115/115/477 111/111/477 109/109/477 113/113/477
f 118/118/478 114/114/478 116/116/478 120/120/478
f 120/120/479 116/116/479 115/115/479 119/119/479
f 119/119/480 115/115/480 113/113/480 117/117/480
f 122/122/481 118/118/481 120/120/481 124/124/481
f 124/124/482 120/120/482 119/119/482 123/123/482
f 123/123/483 119/119/483 117/117/483 121/121/483
f 126/126/484 122/122/484 124/124/484 128/128/484
f 128/128/485 124/124/485 123/123/485 127/127/485
f 127/127/486 123/123/486 121/121/486 125/125/486
f 1/1/487 126/126/487 128/128/487 3/3/487
f 3/3/488 128/128/488 127/127/488 4/4/488
f 4/4/489 127/127/489 125/125/489 2/2/489
f 134/134/490 129/129/490 131/131/490 136/136/490
f 136/136/491 131/131/491 132/132/491 135/135/491
f 135/135/492 132/132/492 130/130/492 133/133/492
f 138/138/493 134/134/493 136/136/493 140/140/493
f 140/140/494 136/136/494 135/135/494 139/139/494
f 139/139/495 135/135/495 133/133/495 137/137/495
f 142/142/496 138/138/496 140/140/496 144/144/496
f 144/144/497 140/140/497 139/139/497 143/143/497
f 143/143/498 139/139/498 137/137/498 141/141/498
f 146/146/499 142/142/499 144/144/499 148/148/499
f 148/148/500 144/144/500 143/143/500 147/147/500
f 147/147/501 143/143/501 141/141/501 145/145/501
f 150/150/502 146/146/502 148/148/502 152/152/502
f 152/152/503 148/148/503 147/147/503 151/151/503
f 151/151/504 147/147/504 145/145/504 149/149/504
f 154/154/505 150/150/505 152/152/505 156/156/505
f 156/156/506 152/152/506 151/151/506 155/155/506
f 155/155/507 151/151/507 149/149/507 153/153/507
f 158/158/508 154/154/508 156/156/508 160/160/508
f 160/160/509 156/156/509 155/155/509 159/159/509
f 159/159/510 155/155/510 153/153/510 157/157/510
f 162/162/511 158/158/511 160/160/511 164/164/511
f 164/164/512 160/160/512 159/159/512 163/163/512
f 163/163/513 159/159/513 157/157/513 161/161/513
f 166/166/514 162/162/514 164/164/514 168/168/514
f 168/168/515 164/164/515 163/163/515 167/167/515
f 167/167/516 163/163/516 161/161/516 165/165/516
f 170/170/517 166/166/517 168/168/517 172/172/517
f 172/172/518 168/168/518 167/167/518 171/171/518
f 171/171/519 167/167/519 165/165/519 169/169/519
f 174/174/520 170/170/520 172/172/520 176/176/520
f 176/176/521 172/172/521 171/171/521 175/175/521
f 175/175/522 171/171/522 169/169/522 173/173/522
f 173/173/523 177/177/523 179/179/523 175/175/523
f 175/175/524 179/179/524 180/180/524 176/176/524
f 176/176/525 180/180/525 178/178/525 174/174/525
f 182/182/526 178/178/526 180/180/526 184/184/526
f 184/184/527 180/180/527 179/179/527 183/183/527
f 183/183/528 179/179/528 177/177/528 181/181/528
f 181/181/529 185/185/529 187/187/529 183/183/529
f 183/183/530 187/187/530 188/188/530 184/184/530
f 184/184/531 188/188/531 186/186/531 182/182/531
f 190/190/532 186/186/532 188/188/532 192/192/532
f 192/192/533 188/188/533 187/187/533 191/191/533
f 191/191/534 187/187/534 185/185/534 189/189/534
f 194/194/535 190/190/535 192/192/535 196/196/535
f 196/196/536 192/192/536 191/191/536 195/195/536
f 195/195/537 191/191/537 189/189/537 193/193/537
f 198/198/538 194/194/538 196/196/538 200/200/538
f 200/200/539 196/196/539 195/195/539 199/199/539
f 199/199/540 195/195/540 193/193/540 197/197/540
f 202/202/541 198/198/541 200/200/541 204/204/541
f 204/204/542 200/200/542 199/199/542 203/203/542
f 203/203/543 199/199/543 197/197/543 201/201/543
f 206/206/544 202/202/544 204/204/544 208/208/544
f 208/208/545 204/204/545 203/203/545 207/207/545
f 207/207/546 203/203/546 201/201/546 205/205/546
f 210/210/547 206/206/547 208/208/547 212/212/547
f 212/212/548 208/208/548 207/207/548 211/211/548
f 211/211/549 207/207/549 205/205/549 209/209/549
f 214/214/550 210/210/550 212/212/550 216/216/550
f 216/216/551 212/212/551 211/211/551 215/215/551
f 215/215/552 211/211/552 209/209/552 213/213/552
f 218/218/553 214/214/553 216/216/553 220/220/553
f 220/220/554 216/216/554 215/215/554 219/219/554
f 219/219/555 215/215/555 213/213/555 217/217/555
f 222/222/556 218/218/556 220/220/556 224/224/556
f 224/224/557 220/220/557 219/219/557 223/223/557
f 223/223/558 219/219/558 217/217/558 221/221/558
f 226/226/559 222/222/559 224/224/559 228/228/559
f 228/228/560 224/224/560 223/223/560 227/227/560
f 227/227/561 223/223/561 221/221/561 225/225/561
s 1
f 225/225/36 229/229/35 231/231/562 227/227/563
f 227/227/563 231/231/562 232/232/564 228/228/565
s 0
f 228/228/566 232/232/566 230/230/566 226/226/566
f 234/234/567 230/230/567 232/232/567 236/236/567
f 236/236/568 232/232/568 231/231/568 235/235/568
f 235/235/569 231/231/569 229/229/569 233/233/569
f 238/238/570 234/234/570 236/236/570 240/240/570
f 240/240/571 236/236/571 235/235/571 239/239/571
f 239/239/572 235/235/572 233/233/572 237/237/572
f 242/242/573 238/238/573 240/240/573 244/244/573
f 244/244/574 240/240/574 239/239/574 243/243/574
f 243/243/575 239/239/575 237/237/575 241/241/575
f 246/246/576 242/242/576 244/244/576 248/248/576
f 248/248/577 244/244/577 243/243/577 247/247/577
f 247/247/578 243/243/578 241/241/578 245/245/578
f 250/250/579 246/246/579 248/248/579 252/252/579
f 252/252/580 248/248/580 247/247/580 251/251/580
f 251/251/581 247/247/581 245/245/581 249/249/581
f 254/254/582 250/250/582 252/252/582 256/256/582
f 256/256/583 252/252/583 251/251/583 255/255/583
f 255/255/584 251/251/584 249/249/584 253/253/584
f 129/129/585 254/254/585 256/256/585 131/131/585
f 131/131/586 256/256/586 255/255/586 132/132/586
f 132/132/587 255/255/587 253/253/587 130/130/587
f 283/293/588 257/257/588 261/263/588 290/300/588
f 290/300/589 261/263/589 266/271/589 285/295/589
f 285/295/590 266/271/590 259/260/590 281/291/590
f 258/259/591 269/274/591 273/279/591 263/266/591
f 263/267/591 273/280/591 278/288/591 267/272/591
f 267/272/592 278/288/592 271/277/592 259/260/592
f 270/275/593 293/304/593 297/309/593 275/283/593
f 275/283/594 297/309/594 302/314/594 279/289/594
f 279/289/595 302/314/595 295/306/595 271/277/595
f 294/305/2 282/292/2 288/298/2 299/311/2
f 299/311/2 288/298/2 284/294/2 303/315/2
f 303/315/596 284/294/596 281/291/596 295/306/596
f 331/345/597 283/293/597 291/302/597 338/352/597
f 338/352/598 291/302/598 287/297/598 333/347/598
f 333/347/599 287/297/599 282/292/599 329/343/599
f 293/304/600 341/356/600 345/360/600 296/307/600
f 296/307/601 345/360/601 350/365/601 300/312/601
f 300/312/602 350/365/602 343/358/602 294/305/602
f 342/357/603 330/344/603 336/350/603 347/362/603
f 347/362/2 336/350/2 332/346/2 351/366/2
f 351/366/2 332/346/2 329/343/2 343/358/2
f 307/319/604 331/345/604 339/354/604 314/326/604
f 314/326/605 339/354/605 335/349/605 309/321/605
f 309/321/606 335/349/606 330/344/606 305/317/606
f 341/356/607 317/330/607 321/335/607 344/359/607
f 344/359/608 321/335/608 326/340/608 348/363/608
f 348/363/609 326/340/609 319/332/609 342/357/609
f 318/331/2 306/318/2 312/324/2 323/337/2
f 323/337/2 312/324/2 308/320/2 327/341/2
f 327/341/603 308/320/603 305/317/603 319/332/603
f 257/258/610 307/319/610 315/328/610 260/261/610
f 260/261/611 315/328/611 311/323/611 264/268/611
f 264/268/612 311/323/612 306/318/612 258/259/612
f 317/330/613 270/276/613 276/285/613 320/333/613
f 320/333/614 276/285/614 272/278/614 324/338/614
f 324/338/615 272/278/615 269/274/615 318/331/615
f 353/368/616 365/380/616 369/385/616 356/371/616
f 356/371/617 369/385/617 374/394/617 360/375/617
f 360/375/618 374/394/618 367/382/618 354/369/618
f 377/398/619 355/370/619 363/378/619 380/401/619
f 380/401/620 363/378/620 359/374/620 384/405/620
f 384/405/621 359/374/621 354/369/621 378/399/621
f 389/410/622 379/400/622 387/408/622 392/413/622
f 392/413/623 387/408/623 383/404/623 396/418/623
f 396/418/624 383/404/624 378/399/624 390/411/624
f 366/381/625 391/412/625 399/421/625 371/389/625
f 371/390/626 399/422/626 395/417/626 375/396/626
f 375/396/627 395/417/627 390/411/627 367/383/627
f 401/425/628 413/443/628 417/447/628 404/429/628
f 404/429/629 417/447/629 422/452/629 408/435/629
f 408/435/630 422/452/630 415/445/630 402/426/630
f 414/444/631 425/455/631 429/459/631 419/449/631
f 419/449/632 429/459/632 434/464/632 423/453/632
f 423/453/633 434/464/633 427/457/633 415/445/633
f 426/456/634 437/467/634 441/471/634 431/461/634
f 431/461/635 441/471/635 446/477/635 435/465/635
f 435/465/636 446/477/636 439/469/636 427/457/636
f 438/468/637 403/428/637 411/440/637 443/474/637
f 443/474/638 411/440/638 407/432/638 447/478/638
f 447/478/639 407/433/639 402/427/639 439/469/639
f 355/370/640 414/444/640 420/450/640 362/377/640
f 362/377/641 420/450/641 416/446/641 357/372/641
f 357/372/642 416/446/642 413/443/642 353/368/642
f 365/380/643 401/425/643 405/430/643 368/384/643
f 368/384/644 405/430/644 410/439/644 372/391/644
f 372/391/645 410/439/645 403/428/645 366/381/645
f 391/412/646 438/468/646 444/475/646 398/420/646
f 398/420/647 444/475/647 440/470/647 393/414/647
f 393/414/648 440/470/648 437/467/648 389/410/648
f 379/400/649 426/456/649 432/462/649 386/407/649
f 386/407/650 432/462/650 428/458/650 381/402/650
f 381/402/651 428/458/651 425/455/651 377/398/651
f 473/516/652 449/480/652 453/484/652 476/519/652
f 476/519/653 453/484/653 458/493/653 480/523/653
f 480/524/654 458/494/654 451/482/654 474/517/654
f 450/481/655 461/498/655 465/502/655 455/486/655
f 455/487/656 465/503/656 470/513/656 459/495/656
f 459/495/657 470/513/657 463/500/657 451/482/657
f 462/499/658 485/532/658 489/537/658 467/506/658
f 467/507/659 489/538/659 494/546/659 471/514/659
f 471/514/660 494/546/660 487/534/660 463/500/660
f 486/533/661 475/518/661 483/529/661 491/542/661
f 491/542/662 483/529/662 479/522/662 495/547/662
f 495/547/663 479/522/663 474/517/663 487/534/663
f 521/579/664 473/516/664 477/520/664 524/582/664
f 524/582/665 477/520/665 482/527/665 528/586/665
f 528/587/666 482/528/666 475/518/666 522/580/666
f 485/532/667 533/594/667 537/598/667 488/535/667
f 488/536/668 537/599/668 542/606/668 492/543/668
f 492/543/637 542/606/637 535/596/637 486/533/637
f 534/595/669 523/581/669 531/591/669 539/602/669
f 539/602/670 531/591/670 527/585/670 543/607/670
f 543/607/671 527/585/671 522/580/671 535/596/671
f 497/549/672 521/579/672 525/583/672 500/552/672
f 500/552/673 525/583/673 530/590/673 504/556/673
f 504/556/674 530/590/674 523/581/674 498/550/674
f 533/594/675 509/564/675 513/569/675 536/597/675
f 536/597/676 513/569/676 518/575/676 540/603/676
f 540/603/677 518/575/677 511/566/677 534/595/677
f 510/565/678 499/551/678 507/561/678 515/572/678
f 515/572/679 507/561/679 503/555/679 519/576/679
f 519/576/680 503/555/680 498/550/680 511/566/680
f 449/480/681 497/549/681 501/553/681 452/483/681
f 452/483/682 501/553/682 506/559/682 456/488/682
f 456/489/683 506/560/683 499/551/683 450/481/683
f 509/564/684 462/499/684 468/508/684 512/567/684
f 512/568/685 468/509/685 464/501/685 516/573/685
f 516/573/686 464/501/686 461/498/686 510/565/686
f 569/645/687 545/609/687 549/613/687 572/648/687
f 572/648/688 549/613/688 554/622/688 576/652/688
f 576/653/689 554/623/689 547/611/689 570/646/689
f 546/610/690 557/627/690 561/631/690 551/615/690
f 551/616/691 561/632/691 566/642/691 555/624/691
f 555/624/692 566/642/692 559/629/692 547/611/692
f 558/628/693 581/661/693 585/666/693 563/635/693
f 563/636/694 585/667/694 590/675/694 567/643/694
f 567/643/695 590/675/695 583/663/695 559/629/695
f 582/662/696 571/647/696 579/658/696 587/671/696
f 587/671/697 579/658/697 575/651/697 591/676/697
f 591/676/698 575/651/698 570/646/698 583/663/698
f 617/708/699 569/645/699 573/649/699 620/711/699
f 620/711/700 573/649/700 578/656/700 624/715/700
f 624/716/701 578/657/701 571/647/701 618/709/701
f 581/661/702 629/723/702 633/727/702 584/664/702
f 584/665/703 633/728/703 638/735/703 588/672/703
f 588/672/704 638/735/704 631/725/704 582/662/704
f 630/724/705 619/710/705 627/720/705 635/731/705
f 635/731/706 627/720/706 623/714/706 639/736/706
f 639/736/707 623/714/707 618/709/707 631/725/707
f 593/678/708 617/708/708 621/712/708 596/681/708
f 596/681/709 621/712/709 626/719/709 600/685/709
f 600/685/710 626/719/710 619/710/710 594/679/710
f 629/723/711 605/693/711 609/698/711 632/726/711
f 632/726/712 609/698/712 614/704/712 636/732/712
f 636/732/713 614/704/713 607/695/713 630/724/713
f 606/694/714 595/680/714 603/690/714 611/701/714
f 611/701/715 603/690/715 599/684/715 615/705/715
f 615/705/716 599/684/716 594/679/716 607/695/716
f 545/609/717 593/678/717 597/682/717 548/612/717
f 548/612/718 597/682/718 602/688/718 552/617/718
f 552/618/719 602/689/719 595/680/719 546/610/719
f 605/693/720 558/628/720 564/637/720 608/696/720
f 608/697/721 564/638/721 560/630/721 612/702/721
f 612/702/722 560/630/722 557/627/722 606/694/722
f 665/774/723 641/738/723 645/742/723 668/777/723
f 668/777/724 645/742/724 650/751/724 672/781/724
f 672/782/725 650/752/725 643/740/725 666/775/725
f 642/739/726 653/756/726 657/760/726 647/744/726
f 647/745/727 657/761/727 662/771/727 651/753/727
f 651/753/728 662/771/728 655/758/728 643/740/728
f 654/757/729 677/790/729 681/795/729 659/764/729
f 659/765/730 681/796/730 686/804/730 663/772/730
f 663/772/695 686/804/695 679/792/695 655/758/695
f 678/791/731 667/776/731 675/787/731 683/800/731
f 683/800/732 675/787/732 671/780/732 687/805/732
f 687/805/733 671/780/733 666/775/733 679/792/733
f 713/837/734 665/774/734 669/778/734 716/840/734
f 716/840/735 669/778/735 674/785/735 720/844/735
f 720/845/736 674/786/736 667/776/736 714/838/736
f 677/790/737 725/852/737 729/856/737 680/793/737
f 680/794/738 729/857/738 734/864/738 684/801/738
f 684/801/739 734/864/739 727/854/739 678/791/739
f 726/853/740 715/839/740 723/849/740 731/860/740
f 731/860/741 723/849/741 719/843/741 735/865/741
f 735/865/742 719/843/742 714/838/742 727/854/742
f 689/807/743 713/837/743 717/841/743 692/810/743
f 692/810/744 717/841/744 722/848/744 696/814/744
f 696/814/710 722/848/710 715/839/710 690/808/710
f 725/852/745 701/822/745 705/827/745 728/855/745
f 728/855/746 705/827/746 710/833/746 732/861/746
f 732/861/747 710/833/747 703/824/747 726/853/747
f 702/823/748 691/809/748 699/819/748 707/830/748
f 707/830/749 699/819/749 695/813/749 711/834/749
f 711/834/750 695/813/750 690/808/750 703/824/750
f 641/738/751 689/807/751 693/811/751 644/741/751
f 644/741/752 693/811/752 698/817/752 648/746/752
f 648/747/753 698/818/753 691/809/753 642/739/753
f 701/822/754 654/757/754 660/766/754 704/825/754
f 704/826/755 660/767/755 656/759/755 708/831/755
f 708/831/756 656/759/756 653/756/756 702/823/756
f 761/903/757 737/867/757 741/871/757 764/906/757
f 764/906/758 741/871/758 746/880/758 768/910/758
f 768/911/759 746/881/759 739/869/759 762/904/759
f 738/868/760 749/885/760 753/889/760 743/873/760
f 743/874/761 753/890/761 758/900/761 747/882/761
f 747/882/762 758/900/762 751/887/762 739/869/762
f 750/886/763 773/919/763 777/924/763 755/893/763
f 755/894/659 777/925/659 782/933/659 759/901/659
f 759/901/764 782/933/764 775/921/764 751/887/764
f 774/920/765 763/905/765 771/916/765 779/929/765
f 779/929/766 771/916/766 767/909/766 783/934/766
f 783/934/767 767/909/767 762/904/767 775/921/767
f 809/966/734 761/903/734 765/907/734 812/969/734
f 812/969/768 765/907/768 770/914/768 816/973/768
f 816/974/769 770/915/769 763/905/769 810/967/769
f 773/919/770 821/981/770 825/985/770 776/922/770
f 776/923/771 825/986/771 830/993/771 780/930/771
f 780/930/772 830/993/772 823/983/772 774/920/772
f 822/982/773 811/968/773 819/978/773 827/989/773
f 827/989/774 819/978/774 815/972/774 831/994/774
f 831/994/775 815/972/775 810/967/775 823/983/775
f 785/936/776 809/966/776 813/970/776 788/939/776
f 788/939/673 813/970/673 818/977/673 792/943/673
f 792/943/777 818/977/777 811/968/777 786/937/777
f 821/981/778 797/951/778 801/956/778 824/984/778
f 824/984/779 801/956/779 806/962/779 828/990/779
f 828/990/780 806/962/780 799/953/780 822/982/780
f 798/952/781 787/938/781 795/948/781 803/959/781
f 803/959/782 795/948/782 791/942/782 807/963/782
f 807/963/783 791/942/783 786/937/783 799/953/783
f 737/867/784 785/936/784 789/940/784 740/870/784
f 740/870/785 789/940/785 794/946/785 744/875/785
f 744/876/786 794/947/786 787/938/786 738/868/786
f 797/951/754 750/886/754 756/895/754 800/954/754
f 800/955/787 756/896/787 752/888/787 804/960/787
f 804/960/788 752/888/788 749/885/788 798/952/788
f 1/1/789 6/6/789 133/133/789 130/130/789
